# tensorize-cost-v1 golden: d5 target=10000 scenarios=106 decisions=10051 rollup_sha256=1d95d9f8702ef455886144539c5daaad282dac470944fc9fa524b646d768cff1
0 2 2503 cf81a79428fd1b3eb03e51588e2658ad01e14dcc498c413230d6b685d19ab213
1 4 3455 46c4b69d69ab0f900203a23219f707649aaf21b615411c88b221df547edfbdf0
2 3 3465 0cd2fb2792ebf91f29437450cc344884fc3fcf5c9a7616a47dca189c04aa887d
3 2 3944 ed88cb8bf3dc73edbc43e9a54b8129e8cbea83f477d598efa01e76f99f080dd1
4 2 4406 0afa07ff20be5bdf73cc6b207175f7e0be0201de9f498a57bbb1e5a3d3163618
5 2 4394 83b5f25f224d7a57b45c252305e1478f9f1c7194916510b746968b348cc86e7d
6 2 3937 cb9bc29f13fb508ac5cde88a1cbdd995953b4ebbc67ce89c9b41d8961864168e
7 4 4632 5221da5abc8e746d28fe875d3b488d6d6ac03147797f6d04099b710b021a9c6c
8 4 4632 4aac305fc444f34b999a667042d9ef145397c34675a71e9499e20a7d18a60fd1
9 3 5584 d1884c0ad7a656a2e81c336d86e6e595d429bba0ee0165a35b6bf1bb8e348e10
10 3 5590 7a4f55d451240eb281d2b6cb8492fe9e56c29c45daf73ee1ee3965eb23f38278
11 2 5638 f6ddbf3e9485b8e084b46c0d0e55321745a9c19ab5cbac898ea64bab7faf5210
12 2 6117 9a080ac72d46fbf3063972ed8ebcd3dc9524aba0025584a18e713a4a5d14a99c
13 2 6579 d1538e85381162efba5b11ef397492496e9a7c2ec02b6021f20672c860381acc
14 2 6122 c5cf850eee27ace639174331f8b440836e491d0b48d1067a469aaf4243860e19
15 3 6593 72cdfb64ad6e16eba37fa284c418dd3e11963787427f4a7c122b41aab147b743
16 3 6593 e45e155e059a873f245f114fd1671dc7d76e927348eeac605a899754a3d69696
17 2 7545 18e95ca0914144d92f81f71bae3bb173541e1e9accabce61246a98ccc43244b4
18 2 7631 c4dfb20a7b2661bc83b662431cc7458e7bef562a07698ad9dd616d61cd53b057
19 3 8583 a9543b4b35b96902e4cc4e8a37fa7794f30c541d11a421b3aee4f09a8fe95906
20 3 10730 0777c72e6246bd8393e9a163f74454d0077f08802958d111559eb4d6cd71a384
21 9 11683 3f40ee9c92672611c95d1b7bdb40e46067f34dae0b9b83206a4df70ad3681383
22 5 12629 2b5ca6592dd13c4d8de55f0d8fa87363b7189251fd041a8aa1cc80bd8a33bca9
23 2 13201 dcf31b6efe948cbcd9172312d8c6761902af57cce406fde99a1da62b423ed365
24 4 13747 ba792d3a7ac29ff1a6512b5adff9a1199908a484dba2e414f0bd0bd6d5411234
25 3 13794 9b61ba5bb4a9e110e5166f4c61f7698dad9bb7a85307338e1e553482299ed995
26 3 14273 1f3a0ad11064b59320d53feed41187b7e355f96478091824d1b4afc30c4b5e4d
27 2 14951 33db45f396e7e12aa224dbeb13478c9a2baf34362feaac330779728dd8229061
28 12 14849 3e9a8f85d9ba38651c0b3ea2f620f8059b00c17aa8e26215272e048a1b2f6c40
29 11 14896 0cbfb5a34fe9081ce2a3d75453d07bbbd4a9a2134c5832b61ea15f0905b995f5
30 10 14945 da9bb05c4297fd69c45a204fb338f43761a7260e7cd893f843a395c324288d6b
31 2 14946 7646fc757acec084b4837d0aced42e66c7ff3992c3bdc93c0a7736e4e7965263
32 4 14768 245a828c8678153cc3c62345cac28ea929a10ff3cd6d1db2c94797bddc30e483
33 6 15480 91c54bb4bc7623efe861d405387dc5c4e081d500d6a1724d5c6fb6176f258809
34 2 14748 05dc64db64f839487e58a231a2817c3b334255f367cf15a46e7d84d27e526146
35 3 15701 a02bad417cd5244974b70f83525aa1c80bb8656ad11932225499567dda20ae6d
36 2 15748 e76da467e082abc29534f4d82fbdfe7f62eb385142f64709c69555728ee282b3
37 2 15961 15693434666152f6e2696b9739fdfd827fb41f0d7e424a2366b9df9fd3399e0a
38 2 15761 0657a2448ee409ff344161f021f06c51a4ed2048b2d0aa16ca81735efaa13ed5
39 3 16236 24a689468a51eb61c926afbeadbd9b39b0d695490124ec4749eb736c238b0309
40 2 16289 fe85151ecda555eb37d70a12ea11afe2dc12648249b1bbd2870455e9052dec0c
41 12 16955 5afb3f346a9c856765e8399e3296c1d36d63187641940d4ed9f7d473625c5f9c
42 2 17899 b98e6619ea72ed9b233c95eaa233c2f4cf11cbc5a3b813b0d99b130a801d8e6e
43 3 18852 4786abe219f091c8d39328eef2adc2ea3b3b104eff1b68bd6713e9cf198572f6
44 2 21064 c8b82fe3ad1917be7b7896f5cdd5172378efdc226abbbb2c12861d847768ba78
45 13 20918 854e82161d3925f5bf325aaeb0d8c4930982d76e8398a94e871909df67ed70e0
46 12 20965 9ae5a9817b692933d3ade5ec75298b2ddab7d7d207b9982e2bca3069adc6f4b8
47 5 21910 dc35d3d445d04e6301cd83d1d2d93ed3ffc0047ca4b1604e89fef9890752f4a5
48 5 22555 6ff439f56c992f28380621ed665b59f110f77f1580ecba1c1c28b383bf4e1df0
49 3 21898 8b19135d62e120395240ac6eecf8f13d9c3426259ec3d592c55fd2c042fd985d
50 2 22112 d1ee502e20d3452089afccef8829fe76f52c3fef2e7d14ca8926a20322231553
51 3 21900 b9814483da4809dc3ef8ed37a385813349dca6d41231965a2c6470b2ab2c7d29
52 2 21955 64d81e236302d615a1166b0666d11e3ca9e9be3422f03bd015e88732a1f27994
53 2 22169 3b917a77ada0906495a60fc7deb21b074b3a9582dc31c9a7e86b56238f4b0e6e
54 2 21955 a82e60f3dce914b3fe9c59cb007e87a7b1bfd5413c7945d821f7b9be729fc2a8
55 12 21934 935ca951a61ed42ecc86ea371b0612f2d4e8a264a77cfb6bb76a00356ac0f066
56 11 21981 4983d5bf9e5de8a88cda32f05f5d940bce0f6c78db87c90784f476e91e106292
57 10 22030 61ac27c0e36b728793f8be208bbc32898f5b3cb539504bccb27916e90c93719a
58 2 22243 b037f5ef394d386a14816a977fab71a6d36b2782e146c709862459804ac1fe5e
59 2 22043 ed8a95325b4534348c7b589c5c937f24df2a43df4f2768962ca08278e89b1966
60 6 22031 640a8737cf619c42a4e32cc3c67c3938d41d093bfd4749bb726a9611d601e5a4
61 8 22984 07c1c9c2413f717d7a1f27372fc7a3ea510fee5a950d7278a189d0e982cef94d
62 2 23592 eec5a2be718ee2d1a70c1244c42495d17be8e222b414d216ed0f6fe11b38046d
63 2 23596 c79f78cf6eff4e088e3e569bc5256b851f21a2d424bb543d6c021d964fe56456
64 4 23676 8cff7c8ab32924418d17996175c76e525267e0b8e15199dec018f93e8309d0a3
65 3 25026 a36e040a2c7d6ea4e1f71e68a3d73097a01c8c26a34b833494a9c70735f31197
66 2 24688 60ab4f6cb92849b72a68e0374f9d0084ddee0de502b3775aaf7083e0b8572218
67 2 24692 9e9257db0bf04d848fd60031903a90eb127386504a0d8bdc05510e20e1352be6
68 4 24556 2c38247f43280f6d7aef2d81973de3d1421f4d4c900e7c16ce897727b0fa0e44
69 2 25165 c271efbe864a2539cd25ca83c4777e206dc1f6d40f346903747c10d9794d19ba
70 2 24827 5e312ee7f647ef610e00e0d4466d5c8d3b533792d4069e4bc29ff6b79a8e0b72
71 2 24831 ca1c3ecdc3766acd9cc37bbf78f905761489f34db88cb9ea4d1cd649ad518a44
72 7 25112 8386cdd4bbacf18334985610ab3f25b2bfbf723dd7ee9119923e953753317492
73 8 26929 e310274ddb33c944d976ec2329bce398760c34afdcd02e181110b5d812983e06
74 2 27171 b213641610b90d12bce4db17361754b59b65bb1f7813ca799ca188a3697c11ba
75 3 28124 3bd7dcbb361fa889f7723d159cf4a5cbe6e90b45ee69eff51b9abaae42ad05e8
76 2 28149 c25912c2ef88cc63f46315b504af424c7ab62b66cd678b86ef913d7b39d0b004
77 2 28338 fbb89acc54caf8e9cc33c25bd881fbb442bb9a32e27c5579c052dd3c3824d3a3
78 2 28209 e2e6397c14033ba16ba916a13a7e48ce053bc19cae31d48262d5a348b29b8765
79 2 28241 fd1eeb607abcd3dc5c125e91a5f2c927fa6f722312c992d01f8bfb77a112b518
80 4 27783 4f058b559ff9317364f12c08f08dffb058a7090f1ac37e4644096f708dbdde43
81 3 27823 964075f5f68398d25ebebb1f63dfbea568806d9ee297808907b4908229f181a3
82 2 27599 107aa8b4beeb659d4d3d5436065a758cae719cf9da2cc2d86a616c52a22e2ba8
83 2 28710 52a6612167169db8667976922909624dbb2629becfa50c016db5065e7a4de931
84 9 28210 df5b6afcefc82c9bceef10446116381e148f3a17ea1256a015c3adeed3680177
85 4 28689 d0f3d439f789717bcbe4e5cd3393ccbe07e9232bef12255fe103cecb3269d923
86 6 29152 dc511e555ed804ef63584495a1ed02895660c5e91e8b8a276b9c518019cd4168
87 2 29366 8c1961c02894359e1a731dce0a43a55f5fd76ec8e3b321fefdcca3bbd8954dd2
88 4 29164 1b9a868aef1cb94b944ac89adc44962c2ce0df6c02fa6595ea82c97dc69145eb
89 4 29643 cdf8b89067429008f87a6f8f14a2f340e862ead693af286a2a93564b0bb5ce4a
90 2 30106 852ef1f8b00514d0f46a1995a3077ac53d22b0c8476a01e55a8ebf8a332ff028
91 4 29648 b2c2ab8364f10abc081ccf364af9f0c469704e1f5f5cdc6eea6e594ef7fbffe3
92 2 29764 fc04d5504828700da131674e39d4911535b14fa29e7c06e4a8c2570bea49f158
93 4 30223 3c6a1ba502f5ef37c2662c994ad0d5f5416ebd4a53fecaedee14f3af617c3b62
94 3 30270 59ae0ad1248f4a9d65dd4a01efcc5a7ae58fdfd1478745ac4f63310477a24937
95 2 31215 6aacc04378c43b0c61e7470e779559a3139d0dd02deefb9c5e6675bf77a817e8
96 3 2501 775168502de5df3c53ac8da18f7424d602862ee199e7506d768a68141f10feba
97 5 3453 91cecb48022cd408f97d384792e654895f5feadaf5cb58033aa0dbbd4a9a761e
98 2 3932 65c71c9718420bee391843fd79358ad3a4a8e6aad579ad732594ac91c9f2bee0
99 2 3895 fd596a1151c99fe1af521f23475e5852e43820acc1185eca91f2b2e1c423c3af
100 2 4642 7fe629e463413082af16e51ff9f967e9c0eb77522e41239e187feac5fd9f9ee7
101 2 4642 171dc742a184623628b341a783eb8680f2a9f2640497304fe70d1e6d29dd3d0d
102 8 5309 542d5b12abcea2e099390cd80b8847587ac4a9cfcc03befb679412144be8d977
103 6 5496 05be52aa131ab1e17181679ee161261a0108fbf2ca0620768a5747d4c2bd50f4
104 5 5543 d49a4f862a07366afd6d0010690ac31ca1b425dcd945c206ec1b90dc8266c644
105 3 5544 7abcbfaaf277d153aa8704e41806c4f1a40f8f311f78f9ccc95700c8150802c8
106 2 5658 65a86ba0fed5e547e79367a821eddc317dbe9b915014c71f1c1e25656135a2e9
107 7 6610 305f4d7a87ad95a04a36263dd62cbf58c8643a54c48f8c95c0a4e97e8e5a5be5
108 2 7765 79cb9b3b43505a31916d1bbc4558e69aca4983e228be1829a7b4d952eeafb491
109 7 7645 a613cb5bbfeba610fd4128ba6bdb238854287abd89f2f2d4126b0722b647f31f
110 8 8595 117767ee158ea0339456af00f59f1caf672ab8312f592a324c68b54172cb92c9
111 3 8607 c69ac92029e7e9e235e91bb9f119da9d36e798f6d88dced2dae1dc0124955ad2
112 5 8643 b1e2ebf5d48a88d242726373b8c4b89a9b4b4675c4f1bedd2d548776e884bcc9
113 4 8692 86f58310b104e95d1dca35abd75e3a61a2b7e51196d51b88eba505d7585c8a33
114 7 9702 9cb1f82c514d1bb6f8f4250a6d00fa7e0178f9f402a64299aaf0867eda0c1456
115 4 10181 ffb8c410393f562f746fd6db6ad9bf9de6727a9ebbeae80ea554023295c80034
116 3 11842 7b50203e8b58fd3a9f8d88bddaedb490f7eb077e6f52928782d6606e5817a4f0
117 5 12792 e22142bc2eb8bd472307843866622ba8bfaf861fa7d987f0a4d675e2254c3456
118 2 13947 c64abd485c78f3f3058094521869ef723e24ac19909a070de27a6d9404dd7c83
119 9 13943 43f6b11f12fb9322ebe2fb070555bbd13cadfb81b6482163f49fd2fdd6e76a62
120 2 17302 7aeb7408090b502f301f7c03629f5276d34b77468011403a63a271217498d104
121 2 17515 517cde29fe7ce1174c141be4d1b006907342bde22e84020fd2c06bce5076ddb8
122 2 17762 6206439488ef2037e328a9915626a40688b889e7ac40497977775ce4047b949b
123 2 17301 0664801c400542248b7e32d1cb24dcadd798b6f61b23e6ab1e498a5365de4242
124 7 18254 a046664f760c17c353e4577f3319ebfe800273f0d1368195290ddd23d5e6a185
125 6 18301 3bd38bce43a52a628651341938130b24ca2d19915fc148c611ecaa5a5c9b095b
126 9 20414 9e55cd53e9f71cc24ad4ec6aa28e0d8ab72c2178fdec5ffe4b44cf651bb58db2
127 6 21357 eb8373f74750f82e97220306a6072a3ab904f6fd2564443337709e1d7e383da7
128 5 21836 f56489b3090ed707f5580dd8303c0f394ec92c24ea4de849d4efb54536207e8c
129 2 22300 92690e4a7906408826fe85d42f74b0280b31f76ea243144a429754b7448e58e7
130 2 22513 85872b5a33b8a709f9f3d0e610bc74da04355b600dec7a4e34383fb683f2c45b
131 2 22302 4f53f077a93cddcb71e46a4311f2fb304dca687b16fb579f3bf132307a6f1a65
132 11 22166 1a94f50c8aaa3cbe0b939a61f934d894bc12120063dd04eb6f6983d5696177e8
133 8 23107 c64dd76e76dc0ed373e0852cc2de0a0b412ffb2be18c0e4bf4ae55e7114288c4
134 7 23154 5f8831175012ffc1b682f54f187dc2d82ae232511e3e8b3d59f051d8aed07a1c
135 4 24097 d65514c4d7cd3a2d3ebd515b4d97fc68a2e7bfbbb2ee097a3c92cf5d9d2daf36
136 2 24383 4f92a7f84d202e5d580f2eafe8370480dee6ffe3c64620aa9274d21b4858ba0e
137 2 24310 065526f8abe703343aa4763b7c3a8bf6f6c55217b6cccd2f346a4608d065a8d7
138 3 24111 c1f2ecdb93edc76d2bd5ea2114cccaa62fa80c1287e3fda5c12412ca28838266
139 6 23457 7561f4d26d793df59414f64a3908c63b5a3be70d98afe24de88e62294f64a308
140 7 23833 bdac3bbead49226b8aeb3c663ddff25820c7612a69d507726fa9f16b4ae8e1dc
141 2 27844 eba7de6aa9bfa45282b6644834a25cd5db221791f61463701acdcb6c45963990
142 2 27843 bb8fa4918f1551ef84a2a37de91378b53bf1e4756a1c22f61eb1c466cd69b3d0
143 2 27769 0138bd6bb214397cbf2107ea3e5b470de826a957de38317f2728e0afc3215de3
144 2 28335 dc505bf46d866bfb5a41691e29d44ba4d1fe09fe197e3859aefa0f0eee5f3d30
145 2 28262 af542c3563345b2a5a14324fd1ea7d29f83f03799e0204b01300f0129f401e38
146 2 28187 5d4d5fb9976d93322c19678720d0c2ae7cba5120ce245a7bb0bdf175af415028
147 9 26998 ee83f34964a298a959f021066fc7a7fee471b91d10a123b33f055f6b654ef1f4
148 2 27211 7bcf83dc4b5b0e4b60afcdd9e59255b94232d83d65bb708afe0f5c4f5157917f
149 4 27010 5c5883781ecef35887aac59abe4e42b3299f4f7163f5ceac427105bd31d11b2b
150 7 27046 e47584868531965708a553a2c8f990921f19f4e3aba7a419acd3c247aa345cd2
151 6 27095 9a4c93f302beb6c86ac782706f2b947a67f09f5204965d9a6195593495b116d9
152 6 26913 40cb6199739c993f6a478dc192c3dc6432bec3c387c927453f14b91c6b5fdd42
153 2 30563 471ad9cf84587322d711a3df3073d1d86262abe3ef213f1fb0636594692b2343
154 7 29997 b3acc85c8bebc684dbfe26e5b6037b87ff52fc35a83161c011248cf81c9404aa
155 7 30476 c3c9eab3692b1c53c69caa43d9d6abde7f0c8e4ee9cbd33d27684825dbbf02e9
156 4 30928 908ba20ed408740c92bc907ed73f2d1f4e789d9029556718505e8082a02253cc
157 2 31142 82f8be90620d28e2beb94c1d2c563f5f6c110560a04be9ac24846f78b8a02fee
158 2 30941 ecf5b0553a6772dbcd852083cb3878b5129be98541ca8ed54d662f2d465e7c76
159 9 30911 df2685bc5c8793edca45fc45c8840f6e173729b20fae325d431610ca1c6df6a3
160 2 32451 455eba9f592dd3c965aa1017bf9e2e013604588af995b3653dae13b7f46ddf2e
161 3 33137 f65e6dc0df3016eb3138a3d69cadc6b60a54671ca62e27e32be57bdb67bf0f02
162 4 34090 af5e4f95bf913dfb818d7fe1d575646daa1748fafddec43af8c11520732e525e
163 2 34452 734ef4ae138e074f816980ae8c874c304755c4f49f80d3b83e9b6b0a9e265fc2
164 2 34451 cade5fb8b09caa5eb05121d24f78cbfc0ae8e9a4ef662773299f5745a7072de8
165 2 34452 4da99b70be8b93d8b309aa51f2c8fdf2b23b6c54aefe9772a8a2e4b7ba55bb44
166 2 34323 f838bb299e2dd1bbfad18c74d391b8b42061c5065b5f87bf7441e194119d05ca
167 2 35299 4de4020b114afd8a463d128dccd24fe2f81057e78e2709e80725d0e896cbad40
168 7 33069 2bf6a0d5077ed04cef6bb523c767b7f614e490b7f5bac4ef40cbdae369300e61
169 6 33117 12f307aed608e77656dbf5bdb46dd133cdf093a811e9381bdeae298022ef22c6
170 3 34060 6d8072e8d9462372337c19a0fb65053b1686beea30527f959c3e4d28b042e87b
171 2 34109 4c52f35adc11e58ac47710bb0eb0ddda213907c49f4f5f9236ad52830ace2ac7
172 2 34321 5f74746f23c6472df636f312cc41815c92f2def5c85d467288309ab302e9752b
173 2 34503 45885600c3803a4594081685b96f2a93be97a11745bb4feeb248acfe887e358d
174 9 33972 db8deee6996930ced5f3ab446a30a1814234a802b581687f937092705ae5d4b5
175 8 37339 bbf01440df740a9c535a2c6679a8f1666be833f38946a86ee640b7dc58ef3a98
176 5 39573 db425e2686b26c095e0bbc2260d7a5b22a74e995a1a20cafc68a93371b237391
177 6 39389 18a4d745eb20dffffd2e1eb2eef6daf3477eff6d0aded3a4c7abeebfd688b70e
178 2 39826 0cd17f8ee8b518f91b8107e98cbeaf66e61c67648c2279f5fdba47c203ac684c
179 2 39825 ca4ed1230ce3bd4f7ef6a917712d047a3e9bc09dc897762fb35c1971bcb47bec
180 2 39750 1bf486335c54913a42bbd3490de86a5d565faf7ba89cc2f51b7766c21258e3f0
181 2 39751 1057e5ef4a69c36ead57642125d51777b8d0797c383005eccbd441bbc0e9b65f
182 3 39622 c04affe3f45e2ca8d6d4156338b8a264370b061624ebda877d95da1f023a9afd
183 3 39620 dccd7b41b2e1166f978d8c72fe664bd230780bd26d17c00981315a067420b188
184 3 39435 93e6d718d32008aecd71b0dcd4c5a0abba88bcb4b16f10450d8a2f15faba5b53
185 7 40489 f285764436f511e5aee365c09e56df3f07776493f0268e4f25f18dd0d8d85a78
186 2 40967 048fe5ce8bf8db448e7f71de5664a88752c0cf336bdb923a196525a69f90d66b
187 2 42380 d19f5a84a7da3fbfad261a0ea076a5b3e26f36d845346727f1a230946dfec579
188 2 42307 224b6fa724877bfa921dba16600e3cb09a8595896216017f7a6ceb696eb57347
189 2 42524 cd84a18c436625fb0b167f318879d48fe74507a5fc18d919904cbba433b4bce6
190 2 42450 855359978434815ac01d1a30540e44178e27514dcc8b945fa41605acfb4573d7
191 12 41339 d6b081bed88478ee0b8d5b4cee83cd6ae6741e7080511993aa7e71749f9c2346
192 5 2502 f8db00f5eebcbad3de9aa972b7314fdda35a832edc488e622996727e4dc90aa4
193 2 3454 937da6b9082997d4a4bc1b5dc336aa6f6b6c49de88f2ce55f93473f94642b23b
194 2 3464 0447c5890855f6e132729db4ce7759aa2cd05286b4a87c0608a53b16ab5c6116
195 2 3452 d1a3776623dc8e9d99e6b54a9105bf70ea2fe95d725f413343091090cd5fee7b
196 5 3616 bba241d644278eecbfbbf811294511b1a597eb177627a8c0288125dc0f8e916a
197 6 4568 92fab7b94d66ce87b91a0951f5eda942d2f97a3b59279636c6947150a95e5b3c
198 2 4797 32a0e3eb5a11c3ff4985ca6fd0244db8199a8fdb864c9635bde4203e01a3da6f
199 6 5607 2b1aff516078fd4d5e33e9ff1a889ec100e7166bbfdb22a35064041c2260bb28
200 4 6560 f2bd3ac5d00cff0801088a763a641893c62031bd270c11620105fff168fd8653
201 3 6607 8c662ab467a38fc8463664ece6120d395d532c7084bdb8a4d4d3580e344fa06e
202 7 7660 4cc9af81eef98cdd28da94d027f7aace66ac898edc41a526289cba0d38eeda82
203 6 7659 1f197a2c0dfdeb08232045150310df7cd0595269a312f32da5d8048999c7b764
204 3 9584 4faf071e2feb5bf4b274e5b4cb25afe6a8ff1013cf4f7de4de7fdb403309a944
205 3 9599 68f833acafd0ad2e3bbf1ea53e5c47769c37bb31e34c4ba93d7bbecf13685f2e
206 3 10078 f93bee0ae60667658a36af369cf174f5ec30c3ec95cb8d354eb5af77dff6808e
207 2 10541 a4c52739e6e6823fbf6fbb2444c1e39f48c7bebdf3dee5d762f45d688d1253f0
208 3 10083 1afbae629365fb0e18e06a0dd2e0309db8612b6e6fda1b3c0e66198d02e78b68
209 2 10127 44e9d20275f880e1f736e7f7a688c30f588b5e4707f8b4c2c1a183169b73132c
210 9 10733 6a54bd08394d12221a0522e52fdae3625da8ed2becd68b2f0820b4dd8832ddef
211 6 11686 1b22b92d167ddfd6be03625317c61048e7f7c9518285cb27477f96b7212c81f3
212 3 12165 cbc9c502635eef05a0f43d48322161d228f29e03ccb0381eb9722e3fb7d07508
213 4 12615 0354017af68bc9d4cdf3e7ba77b967fe7a2311470feab9c870dd44e86bc0bdbc
214 3 12662 24161d927c591e440de6bcb15f650c5b8cca85ebb8dacad33eebb6950d681947
215 2 13141 5d846cbfa38722b7e8767e5216de041c60c462d8991738ddeba3a75fe86b9dc7
216 4 13634 ba2d1c28d9aa1ec23a882d33904c8dd4545be6ba08357ce5ad794ffe70a15335
217 3 13646 454e96f3f866ba8812c34de9acd0a7fc6cd705565fdc3b1dd3d8ddcf16982089
218 2 14125 7b954b770e58c8b12c71755e55335f945c5a5c5f48e339fe7022961d85f7629c
219 2 14576 3eaf234143e1c357274973198414153d2550a389f54527e666ad43656af5206d
220 8 14674 cab4f244001701ba8ceb070970431357e7ddaeaba5d7425993108e324273b2cd
221 6 15624 81ecf1e89966917a6ee560c801875131ccf718228aee757f9d7a2645f0ea4af9
222 4 16566 414d3c0db04d900a7c18a60d20f3f2a8b232e9d0a86ed59adb69ad65fe475e04
223 3 16613 3ada8140560412840cdf4a6a3be44ab25c19469790e82e4ea961be4d2f049ce5
224 2 16662 194960dd09e94352a8d761b2db483bce598b183377ca531072954702c20b844f
225 2 16874 76668eb0e69d1cc36df96cb8b8354a359260cdb3a1f2b17e446b5f9c941b37cd
226 3 16725 95f47c7f4c00d62dfed5735539a536ec912454aa401e7ea661dad4980125ed92
227 3 17678 438767d6a643806ff6e605df7909039d322e8150ac580a0a050113e78110514c
228 2 17726 09fd0b1908d1332f82625ad43b74fa2bf0f01d88395adcba1cc53020fa245d54
229 8 17690 01007fe120a2ed4995c93e1b658e2b7cde1e069a955af4502553bf1a97d29c08
230 7 18643 d330e32486a6e0c43f0f2471691ad006498dc0477beeb97e26efc55edac3f445
231 5 19586 2af1abea819057ce9dd57150d824c19b05b6cad7c171ee63c52608d474b2eae8
232 2 19872 c9058fb7bf342a16e6e51dad3728e7dc65e01164663b7a60a7ed59fcf1bc2083
233 2 19872 c0617ad9f14cb74a97001353c13f95590137bc2eed329fb54ec7d6bba68ce607
234 4 19743 1315e4596fe4bec3cd3bb96dc201e2c78b846d768d6cb05f5a2997241fcd3499
235 3 19789 a10270853d7b6c1058aa313bfbe5854dc990f69956a40a8b5126b1aa9cfb7430
236 3 19680 39e7396097b1f7953a0affdc558aa2f0e318b9e7af330c6f4f79e45a7a6ed038
237 2 19729 caff98698337c3102d2e80f07333cab8ca2c5886a0178ea24bf61d019a19fbad
238 4 21904 1677a55dd5e965dba5826f7bd88d500085db17041c2d1ac5f689119ea20f65a6
239 3 22848 e699e457e618d7d408268112b2dc2c9a5acf28ed6c1abce454d175656a7bb806
240 2 22897 b9e313d48a066e0cca093b0406f320fcb36181c468b27999d8b73d02d9c1ce3a
241 2 23109 bb9f98dc453e2a529bf5970b78b989b20264d283d3d07e4e20058178921b3da1
242 2 22981 03be88fa0cfd14afe6681118385e360576d9e9715e4af4771fcab0b659510b54
243 4 23557 c3963a8f0f6c411f9cb0563f35b4e3e3236097a6507bf6538733f85506947dc8
244 2 24587 8aacd63e80fa9f71f676c8be909f615c8d4b2a407d2d08eb0ae15fcf184a3436
245 5 23897 4978800ea3c2a694691f590b2aa67d35e34514d66187181da7dacb0795245755
246 2 23911 d10fad136b6ac490881c45c37601dbe96eb1512616927bddee16ba81171553c0
247 2 24864 41a2270f546756100283f3c344383d9116b5ee3f47afbef4bca6e2874275eb95
248 8 24746 fd7ae932f6b20817dcbf5a580c2efb941db27c2a569286fb23554928699a893d
249 7 24793 ca78278706014def45272b8581e908467b0d43f996728e0e37679d2d1ae2f6fe
250 6 24842 4213b22ff46d6659ee59c198f38951cb72a735e339d801027bededee32a2f832
251 2 25285 4de2bd6a219e06c79c5c159827f3e545e164a4a5101639bca83b4bb95fdf2946
252 2 25397 f909b4a9a77e276f6ec514c3efe4afca3de7cece493667ecbb2b28c2a9e5b84a
253 5 24831 aac8929dafdab783fdddc1896fbac5294ca830e59d6845538cf3b421871da5eb
254 4 24880 9d263c924dbf5ae7e274cee5626fc1e46c1cdd294dacb2a71bad052beb58bca1
255 2 24965 021bfade35218afaacb6bc6dfdb0b0f068a54a91d0b6290c09f9d2ba605d426f
256 4 24932 7aa22d85af54d327245b6b7d5d846d11c53adc521e2dc45e2e559129ec5a7002
257 3 25886 1f525138fce4c5f32973f6031f02c3c9e5230b6e891b511d5de9f7938568e1e0
258 2 25931 45942673b80b292ebcc105d32360a96cb8b43b9b20df8e32758f604a2a62632e
259 2 26291 34ea03b24523377d7b3f4dcd0dd4717c3a88b19be5852ca9d612765ab41fa1dd
260 2 26217 2772c942de2fb2a28d38bba9791cf64cfcd21be3a00f10f6e90fbd78f06b43ae
261 2 26144 cd0116ae674540c3acb22f972264fc1dfae8b186475b8cfbe1082dff4c2e3d5f
262 2 26017 3dd06c718b46833b64ffbf1a04f033426de2d8f1e31de826ceb9c5eab018999e
263 2 26015 db4e9c26b309b9e9f77692fa4641d0ef1c55f58d844a1ba6afeeff95a4cd1dd4
264 9 25932 591dacabc39aa14b2b03aecfd2e44e480759d5246253ed75912a9eafd1561251
265 2 26874 690b8c100b8891fc36fa827a7f451aebf38bc056e09b9199ed3d999d0d42fc1b
266 2 26874 7862f369ef469fb3f25f94497f9b9b42cd174e66b9d5a35342d5e8d5c2843f98
267 2 27827 67e7447edae6f1954c662f6e24512f52769b7cfd76555126a086f1942b214952
268 8 27842 7c7f24fd1858bd46eff32c4edfe231ddc7e7791f93b5bbff8a8c35cc669ce04d
269 7 28792 d85feeaa94876fb69b084b0aff5e02968ff02f0ca7dae7995443dc4995326dcf
270 6 28839 5ecfc816a8380df845efe38b75eabcd86b1990a3ace06774b7701e9d235021ec
271 5 28888 03ee12603fe235889759d82ae9ced4a9fd05f70de1f0313e7615b3f2000dc77c
272 4 28937 64caf4f00ee20f3a8c1821a56bff5efcd76bf7a0032454a48837f7285e0db7a6
273 2 29022 c77095d527d620dec3921cae2a8349e07a13140d08db33cc84e369a127fc6424
274 4 28989 945a590a25e291fe36e865a06c4d708aac27f94ab9b8f774242ac6e2efeda041
275 3 29035 7deb8cc434baec8767431143d0496443692d0f3332d97c03f541a6a93e508c02
276 2 29084 1887f17572fc4fe6c31a14776a44567b69ce271e5cd528d3420a5939d9bc2d40
277 2 29493 93f3359db2a46f129a45ed7ac4dec1e3d9cb75a06a99cbf1b9b4eb4e8e78a1dc
278 2 29492 6f0e3b7cb0113dcf67f0ee6cef4a3148d9c3affc348d5398e5d361365ca2da01
279 2 29493 93ad900650fdd3647c362ed9741b3ff283f7e875bbbfd4a0302fee3d3c656ccd
280 2 30221 d5cf96981c8bcadc9346967b82776650af3b469105a479343f4c6199b7782aaf
281 9 28929 94bcb2da4cd7db4003c4e406c932b8bb7c953db1b8124e665b01c65626f53933
282 8 28977 bcd9fe54b14df36f7fd8c205fbbde6ada65cca863a7c28f80d0adf2c8e30b39e
283 7 29026 8f3b8a7aecadd3bbdc54d26726dd1cc8e18aaf7b7e8101a86da47a0029dada38
284 5 29155 c482832bed81451f9b8bb5785807ab0b0a8ee3bb54c9c013fbefebe8891381a5
285 4 29154 43aed045fbe3524cbd802917a40b1eee1f16ec01a94d490bbbe424fc69090385
286 2 31356 fa15061bf8c26be13ef512589044c8397d3d6da922b6352498443b476106db4b
287 3 31660 268b06be7b4ee454a3d1adb098264f73ee8a1f680d90cd8b0f375ec3afc599bb
288 2 2502 c7d21e7c7a0f782b86f9a4896e6dfa50d62d576f78d79de56bba7eee6438b5fd
289 2 2500 4b628f7d3bb1957a11118ce2965c9ed4b6ee5be1f29430fda37fd4d10d9bf186
290 6 2577 26efb97afc8e77c04ed370103c4c79a66d41329bd766291ed33578f727c330b6
291 3 3529 d926f8fcd80139378eaf1350a5db038bbc5991def74ac0f0c2a44c518cb56e4a
292 3 3541 00b10c7bd6fc69beb7d1218247020d47f7e1edca3bddbe81c40f27cc5fb2c250
293 2 3617 95706fc4a62c37df52902c7f8b6214276662a636494bd5a39edc9a4b9c1b7b21
294 2 3617 29933c89bd902e3b736a32da19bb4b42ee4e8bee06401ed6fc62fe45f7ad60c8
295 8 4569 cca31b9a2ddade9ab5dc119b917d9e829c9ea3edd05bee10af99b03e9016cd3d
296 8 5677 9d96edace1e5a62aa2c23744b536978c42cc86c3e9bd0493e7b3d33106903da3
297 5 7647 e638522bef4cc402655c60d8405a244aeba5c30a0fcab6397e6765268e0d5760
298 5 8600 8ce5b74efbc52c769de4e430eb88aea6d76af2ccb17237b12c32934a2bfe6720
299 6 9311 c28c19a28209d7d53eb5f4603cefc186fedcc90476876523417527c6e2c62cde
300 8 8699 0e2094e63d6f213d6db622e6a4ad03c8128f07e4ed040b23329e1e86be2802a0
301 4 9178 feac48a91c03dd941c97bd38cb69bc63b4e360167af680ef6ef623e71038655e
302 2 9853 6c9c9f42c00b631b0cc9aae3ce5ddea393c56d57889d69266488259438d56fc1
303 2 10158 50e414bf96cafafff7583fb68d467b83d31d595867a1e6128daac911e248c367
304 8 10914 dc51a841297c361258920833d5dd1d864e8d41b095da48ece87884af6f768be5
305 2 11393 be84b01632d2d0cc1662b6c0f855cd5eab5b69c41fee290ed56466075f1d3079
306 6 11856 a17c3ecc8cec45ff6edd771361ea631172f8aa1ffdbc9cba73cea5d9ae25396f
307 3 11868 b0e389458e52d9d01e4960cde2d9ccf3dcb9d9729205f95d521dc27920f0a5f3
308 4 11904 2f7cb109c502d07c61de15d6b1b6cc0a11d2ad7d7b28d22343fd726049a2ce52
309 3 12857 09fb0e5960b822d1f98d056acb6d93b9f41c342b723da9be95995aeaf6f9932d
310 7 12971 39163cbc34cf74625473e164ada673ef86d17d2ae4da6b0cd43b055fd53e1b53
311 3 13118 3e8ea0e7e5e375c5200b273b3ec57249f3b4f86f04d09f486319b67600853ad9
312 3 13841 f8fa834f6efbac3f65448e3a08b67c4ad7ec8b1a3276f0795b8edfd150efe409
313 3 14320 9b24172e71030db724588608c89deccf6e63c876c459070c7830c6168eb3b627
314 2 16148 1d14ace4005f6c53a280ce3665834dd987bbb2ea96fd9481cc5e4e2869a439c7
315 2 16148 3b528207baa7e034e4043879403e79138247eac42f1f42d7d1d816d0f66736f8
316 10 15882 7ce871abf1f29036507e7c2905fc9697fc382a01fca8233e2bf3798ed8695e7e
317 2 16361 3eeca93758c6aac6c2829723b828d3fa0acfdd5a8d58bd392d05ee0007eff495
318 3 16822 e4c136ba7cce70a935ecb72a210b2199f99c4f3336eb6e52bd8af9dd36c49067
319 3 16822 850db24d43984814641255fc1040a8c2a5b8954c43d71e83512982f6a4b39164
320 2 17775 6bb38db8445313ba5c07ab12aa55761fe27636c4a556eb6623ee3d4b2f1e1c0c
321 8 18103 64bf146d4e7e0f78a007b0304e05b2ea7d5e5fd53dccf416a476335f1f82f637
322 2 18582 245128631973bed83f0046ef4eaa857c73db876a274e7972018e36fda4221e11
323 2 18129 7217df4ea5edd3da91dee0f8baa2013e688e5a382b5c6d41ab9cdbc5f2efbd0c
324 2 18545 e8ded1bb285601b15501cd98e308bb48023aa206adf72046e092ce3e8dfa1bc2
325 2 19045 cbdb613ea169230140198990e8d2dc523f1b1b46407503419a3b2f5c191c668f
326 2 18809 f0a05834aaa76e06ede98f6397e0fd04f3d294f396155f7ff9e69564eff3dcc1
327 2 18820 929d5ebaf9383ffffe6df45cafc60cd95e96410589a3b46b91fb2137d8d0d5b9
328 2 19093 b5e9c3f89232a783676f69ec3192b8de6b388decd2554132deb9572176b0b2db
329 10 18681 5003f14e536e181862604fc2315511b636bda78858a7bf3b335a9464314b7df4
330 9 18730 4577625c219945f72fe0ce3db7b658dd05c49a03327190efbd6fa27231abb46a
331 2 19209 10f315e29689a8e14cdd0b5218eb2849d89c240bf3cecba2248de3c1247c8edf
332 4 19671 31707a90d21cc1599ee1cc0d6ccd7a3dd4abe9708edba826157acb58b76b4db0
333 4 20521 8877c4160b4707352ef8fd4411fe7d0ffe6b8e84a598ec059114aee33a7656ed
334 3 20520 49b33f35c4b242aa9c4d957a83a1f01f0af27373e2a3af2d4d8b113808c4b752
335 2 22647 9aef0720ee58e677efd19f011b5a9c9a9387de3da72c10c2c40f47c88fca3c39
336 2 22649 c6fbd67a64941534f258d50d210f9f49dee4b4c88f3d3d962ebdbbba8887f5ce
337 7 23039 ec2c68ca1faf8f20cbed60afe58dce68783272e64d979c696a52dfdddee9cccc
338 2 23982 f477cccfc35abd96d7897110ca7345ad69faa16792904f3dfc1456abd38711f7
339 5 24935 dd90a8d87f97916be70fe9d97eae549cb6816166235f222fda619a6fe31a815b
340 4 24982 b521ebfc1192132d3bd772d06e1d5391e34146af5c291bccd05cac832e2be758
341 10 26810 c97d9529c2055ce5fbe1977c17653c513ced59b8820b58a52a0f95a691b376c7
342 4 27660 efd0923c9943f5fb66083555c2773570fb8f9799b6025f2af4bf4b1d9adf794c
343 3 27659 38681ed3ea0f31f70f075ebc0f5d527c7c23207fbe339d3a0e1917fd35514780
344 9 29786 02cd31dab0091643a76f8552406529753d14719904658e58744be72a06272af2
345 4 29696 59ca19b3f1552919cb7252e2b3574181baa5a3b9c64ceee2ae3bd49c4fdd9d1b
346 3 29695 347c906209b8b6d4a287da644ac61b6079a8d25a8c243f93f232218da3ff044d
347 2 31816 feb50b3b2bd6c2ebe7c52f5576470e8e3982ee18d3871178430d7b1b2ed931d5
348 2 32769 d8e3b408c64e19b586cbba373427b281657ebee89428f23953e0cace8606653e
349 8 33162 ff6531eebf5d6a01815220a18d60026d2eed4502e906af6616b602463d814ece
350 2 34412 4d85e7bae2d0b9892480b908de9cda23b017139bd53a21218a6ab4cd8f9dd933
351 4 35180 9302346f72c1a45c647d78597b7a697cb46e071ad785701ca5f3a84c7ecfac42
352 2 35393 9ff071742d71cd9fab1b04992f69dcc554d0e5a18d7bac0ad8a3ec86fe46eef1
353 2 35180 c0bfbd4bfc76b1217c4712d529c7ae19acf32b0e9a94ab0ae1046c8857b16a6f
354 4 36133 c81c9ff048688cd9c30e4bbb2540233f9d048e903d842ccb809c401ee5e14854
355 10 36998 dd45c8138250c1276cac68b872cbc944e46baa42e4a4af4a9114769b1ce67bd7
356 5 39345 0c7edf189bf12f857d4e54e861804e325ecaf395e3cc8588d39e1bf7a8d550aa
357 4 39392 c2d1516d059ccfe6d52927779a13fea15617f96ed9081c3d24ff0f5246282220
358 3 39441 fa58ce0753dc578042b8595acc110fae520088fc374e68e1e6595852c0c5d2a3
359 5 39141 efbea888433a0e2d4f677878f5558fc7026f3ee999696977fc3ec355657c56ef
360 3 39155 031660bd7c0b3c7ad7a4d83a5a6a003a15acbeecbc486726eb037e74a193ce70
361 6 39630 b63b7679c9c5b91cf5fad00b4950718fd074dee4e52019a6e716dd1ac16ce71e
362 5 39679 64302a367ec325babb4937c94911af745b266987040951d204eb097e6aade43a
363 4 39752 da4c7b35fd24f2f72d54e24fdebc18a3cacf6ac5d66ed31ad7ae0a9357d234dc
364 2 40026 2e9213bbb0986a0553d8a38ff0d1dcda6c31dc70276fc85c284b81d6e9e1d45d
365 3 40014 5ce13f9bfe9975e57a64acd88bcc5748b8152827a481eec78e5e7da76451367c
366 9 41232 9ed322076515d049a35ed9cc9275204b5cb1a13d0a4a3f588b24b144ac09b8b5
367 8 41279 52fd7a5cab614028d10eba5626265c6d49a8a02ddb7d2c201b18de304f124619
368 8 42232 a0c755066e4d0381a7519b84a1f0f497c9977d582ff4c349f2b214c7946a803f
369 7 42281 5fdd99a604e936004ad2a879cc9780a01fcc328dae5e8eb629b51b41ed75bdfd
370 5 45932 77dcce3d42fb1a58faf25e334a1fd17b2c0cca7c50955a2fd9e5a86ec157e051
371 2 50394 edef4b4df33148961cd93421f56dd5eafbd07f3f2caf527c17977778f41894ea
372 2 50393 84088165c2e1f9ec3887eaae2b906ca7deec8e0d2bff5986fc36b1098e9521c0
373 2 50318 980d5910f41bbc9d977c636adf5eba5ad76bc802ea3cde8c70d9ca2c15060dbf
374 2 50318 51863fa34cf5fc0f50173c81e58b9e5841a3f40a92d39ddfc9d5753526fbaff1
375 2 50243 68f3f325a0296eb1a522f912a6416ac82e1e0dda60d37b68b036ad81c06d48e1
376 2 50243 ec07827c72d0a5e2e755315125d7949383b2d5a2f1d71ea55b47de2ffbde3cb7
377 2 50244 99ae43fe78d6c9a19c997b1beb931b0721b6dc10d5fe00b07adf2fed7da9c558
378 2 51027 d1f9449cc46a7221614a167f26c0399b9dc59bd948324c38800e73a0c98cc11c
379 2 50867 dca08bc4d72f697711d0f42b8d3d32c26564316a5ed70ea971bcbc2d3b40bcb1
380 2 50708 0896f7ade0ac45d0b01d0932f8bd135442cdb89108ee09af76307824df24c0b6
381 2 50548 c24a48453b7ba22ea0496e5ff2391cf62fa3e65f0637b8b58ab3c79976738145
382 7 48227 cc5c2f7cc16c41fe31a8ffef59096c408d6a5232a40d4671b1173fd115a18dc2
383 2 48514 2b7ee6a634fc9e1ad72804ae4c9770384c1ee1e675e3dd9816f53d3efad51ed8
384 3 2502 448e50c7b5ad46347b6acad53461d4df4885568115f569d0363100c41b53d70e
385 3 2500 b759187101eadff957bb085a7bbd84bc85c8d6932b8b0620d7a039c2609b72af
386 2 2579 50de6633c4f849be5439e629a5d42ab0fa96ca44b69c8f010517411e87990fc2
387 2 2579 b8b5dc7d8713f81bc29ae0c719e5388ef3d0ddb9d462b6e6323dd5c6717638cd
388 6 3531 ff0453f8a1a02ec96e0550828a8728fc1006ec21bda4ea0c05ebdd260c63309a
389 2 4010 1eb5ccd6120e7e796a844277c74be154696d498c89f4b015405fc7ec0bc2c094
390 4 4646 585d12148de0b5fc3dc360cec251613bf21d26083f950d0f0d11a3561dfee1e6
391 3 5598 d0c077b770ed592ac6ad96793e828da5bedc7db65405702db1f0ce3119c2fc6c
392 2 5610 375c0c8ac96e6203ba2b7e531a0a25e09a0e38953f61e5298855e4c1d8dd70b8
393 5 5591 17d465e37c4349a2b7a57b6f6c18ff162d378c50ed8969f7451abcbf43835422
394 2 5603 d0ec6128a12fa78b14b32be6ba676dd49402494eb0369af7e3184eea16d4c242
395 5 5591 126521b0d8c5e516fd8a6ca1294cb09870615434cabb4b4f427792a63542c636
396 8 6712 7988e5051bd5e70815d41296ba1dcf27ced58e59e0a5fe119a0c538d2e2fd9a8
397 7 6711 0642ccf365b47370498d8ed8803cd0788565fad3e7e9162cf3394ec281e11b5d
398 2 8567 0d7251e191b2cebee7498d74327103cabca3ca4595f20ef6f940818cdac316e7
399 6 9520 4ab4ce3e93f9d1ee4f72dddd6647c796d7e367fc420808db1786a4c93b83d82e
400 2 10001 c28a7c85b9dc6c30cfc05aae16ff6b529af4c0a9cd63f341c51f009bd0eea32b
401 2 10463 723e355e82303d7c5f07f8852601156c91b6a601a10c222da03c4630bc225524
402 2 10938 fe2170937ed45146adfccd48dd99e160d73a28937d2314ef50ceb830653fa214
403 2 10991 3026a16f2e06b22bac44cf99fda58f0c349c7b7763ce58aa1c9cb33d390fef2f
404 5 11840 83e27d7fe4fa0404f60bee574870037626f32c4f9026835af31b6eb9b2a17e34
405 2 11852 cd5ddc76e1fc4b57e3836ad6d4a6078447b49f3f45f4d41a83f0e162a2455b14
406 5 11840 787f45324704698f16bd4bf60efe5b9bce177307783898c403855f090ab9358a
407 4 11887 ba45b930df01677463d71ec39d4f7702dc532cd4cc99b9f5391d16f4f93f8a88
408 3 13858 ea625abbd90bf72a80606d00e2657fda546d9b77db1b77c1d820a642999802d9
409 3 14811 1277781cfb74da83ad7cb54a779e274d3536b39bb6473f34c624595eba44fae5
410 3 14764 a96bc51c1e58487971708135436e2235e68a0769b926401e71ef52a7756c1980
411 3 14777 460e3d64fcae79107ca891c2850f85242c2d853a79045ecf23a7e34fddd35999
412 6 15488 5f172bfb77a93ea0575733b7e0c3c1158429b70fe300c6cff05fb0ff67471a8f
413 8 14842 106dc8fcf29b7de5416525ef2b2ac937346f8ac01c968e0efc810c495e80de95
414 6 15854 a98ccd82b963075e980aa772bbe3bdc4627ded9e717fca781e8ede374f15a688
415 2 16359 382cd71b0ee1cdb8d5f4686820a4cc8388eeafa328a0840bd930e6508c4283ba
416 3 15670 ef4a2e7009a50673f59ef99fec2fce993477ae650d7b1b6be06f117c5bcd6347
417 3 16882 ace23d58424dc10cc5e241481dddbcb6f808f10e3943f9fc7e7452a811462e80
418 3 17835 b0deef3775769742c463012e3d61a868a6a61bf4545b6bf3afe73395906c8146
419 2 18049 7ead91f2e52d8e3feacd36e38965ce8ec0840ef126d6c19e3b4bfe3fd11ee253
420 3 17920 6ce318aefe7f713d5539c3de2f5827efcef0dbf228d6a96f9c3395ee52b06b97
421 2 17748 0696df8d09147a39169979a8ee96baf16213a1c2693b4ecb4ac36c939c495565
422 2 17748 a09a9e6ad324a9bb9e5b8864383ac15f8fd2094c68ac6d9502007b5e36d068de
423 11 17919 fecd2121d43e70c965abb50aefe9c85f427c2ea1c334df8c0ae18cd4cc408c3b
424 4 18862 aa684230af139c8a8b89a14a141e9c15342d06dfd203c6a7aff1d18fb082fac6
425 3 18910 7a0b1f8b1dab87f981a46bde78e1daebb60e447082df20008bfe25cc2e5fa704
426 2 19123 2c486ffe053d7b4d194924453e9089a8570d05d4a15c32a3480e48f6e833d663
427 2 18910 051bb2ec72d5f0aeb01a15f522bd2ee6288413b5b46150d6e30985b985627885
428 3 19863 e8da4177b29622bb20cd6448dbfeff01a4c44bfdad4f944ae8f547550f078df1
429 2 19911 d117642973bf47cc84d164578cac96c383ec3eee817efe64515d09fdceda66b0
430 2 19897 b5f5d4e185d822b40b553cb098cf9f4a93c77441d063aa4b7ac365279bcb0299
431 2 19899 6302735041deb93b823bf5461450130e704eddc98c8a2560753d7c3f441d2e34
432 11 19902 77fd90730d8a160713e597e89c7708cdabb3cf8ff2678b534616254c0de43c54
433 10 19950 7bbf02bf55217aa1251b3e56cc0d657f5c7973d5601841156c6ced56d9291b30
434 3 20425 b78de5cbf882b656aaac56215e7a469fa8ff1de4aaaaf62ae8689e9552e3ac9f
435 4 20474 ed6deab52fae09b278679eb6b3c115c92e51d4726662f70cdc0f5b7f5065ba65
436 3 20547 a1f21cf9680099ad744e478bdf6a90a25863f0583d0a0c70f873b15907a73d23
437 8 20819 5ae93c8e20b2e1341f862327563bc54c9cebd11e31f3b64b684f44c1000bf850
438 7 20868 29ba542478ce09c5dc7e9bdfb9fd14820a37265f63d2d7c717286bf4a2381ac4
439 3 21347 ac07140bb9bf72709866ce0b1a4e28185c62373424dc7447539499eab4916a84
440 2 21809 48b9b38cf2b70a7c427d1065a7db11d9ee3e3d6024041faf84a1311e5be026f5
441 2 21471 498df3c270820a7a07def23487e4c22908a135c78aaf4e6c61c205edd35e449d
442 2 22018 95cf09cf4b3930988b381b374013ced66b695d7e599988a952632457c00111e1
443 3 22015 7bdda42ea79bebf3cee51b6e0df12f3433605a28e7ba3ce924e75c35aeb42040
444 3 22015 86bc923ccb1f915168c69d29db372f0becf5bdb14665e6ad6fa077c0f864e9f7
445 5 21836 cf570f1b15a570f1cb931b81c380b504ff6918675c9a94e120253361b2a6a83b
446 4 21883 14ad4766b6226bef5b8e589c85ad86d86c438010c0b9ad397b390801b7d4a4b2
447 3 22362 40abb7ae03e98f6ecb0ab160b0ddc6ecf8cb0c96b95fcb1d78ae40cc0947e870
448 4 22826 951e30aee53016b138841ec26cf1f22e373e4cb3f95c775c7f260357b2f53e7f
449 3 22368 49a6172c0ee8661f0b09ead277cbdd4fc4403082d9b175e7ea3fdfce7f2dbc0d
450 2 22412 610545958618786f436aa4ff423ec75347b74d8aeeb2b93338eb6f7768a437ea
451 2 23023 334402049f264fbf91a884b18b66f32fb1aa43927b406d08817a151a51df8e13
452 3 23106 7e6f658c99c5cb7164658e2331c2c0932be7aa6077e509ea2ae9b8ed99420826
453 3 23106 021be4257f20e70310074db0fa3ffd139a6e912688f6034af776610e2ae60699
454 4 24058 e10b3a96eb1a3ab096acc2ea626335df992aeb24d8793b08c8a187c4c2786585
455 3 24105 ff1cf270df451ad3a39567e4297b98fe0664c3565e69f7df8c6cdaa18b691bc6
456 3 25950 2e0779cc7e86c43f7fc1000d89c2a99f5e88a998375f6ff42b255e35f2fefe93
457 2 25999 9bc940ca60ecd9e31cd5a0895716c0d47dafaacc12091dc8e8d969f6d874b212
458 4 26478 2fba5f80ca4a1113924d22b516f6d7161123b8e1f610ffd26529c8f876db37ae
459 2 27156 5cefabf17381001b72c2fb4e4939f5a2ae5d6dea639fd82a1990ca699ff55942
460 6 27148 8fcbda3c11fa95b563bb3ea0ee4258892a1469dc324531c4ed469f305d2ba5e8
461 4 28092 56ced16d9b68ab5b9d1364f1af6f290300968bb349c84afbe2a4baafcaa9da40
462 4 29045 169bbc59ad45270e22fd21dc556bbe163a123aef97188ce6009a40a28bfcefac
463 3 29092 e36675bc4613037e91b1b6545fd1c36a2c236f583af073a0af39f0a2e334ea78
464 5 29737 efbefb48e28d58ca21a173c29b7ca57b12da09462d402dd8aaaf50efbf4936c2
465 2 29071 2d79edcd14f2c4f428b1b96b2cceed938791e117ef59f86902b649df3b63de94
466 2 29358 3fab40c6cdff5972ced1b14312457e535c96aae7ef594f3e59c813cf574f4da6
467 2 29284 23e38ac180f18a79ce142e86ecbbc8e281c2c2236b2bb96a31e7e7a2d38d8781
468 2 29157 b4118764408af45efa380b0f8bc591c27f3067bdf2d800150f3a6f8f29dd4040
469 2 29523 835bb6693509219d9c35094efd26b05732b991a10ae695a3a8f09db0a9268e7f
470 2 29315 e60571c5531557ebafb725b0503179c340f5839ce1722469f8b107ae50b96e40
471 3 29008 277ec8b1c8a9b7ff3ddb96d2d0a64fccdffe332693869f96b15278c08fd68e56
472 3 29487 e8d317037edc06d0ac045b744e91f47d8412d56ff15101f18197e5888363d4c6
473 8 30116 df461ced42927be58a622612d3d94ac459b97cc4fc00145c9ba9196237cdd549
474 2 31060 ae61601b94fc4fb8592c6db2c5d2f93ecfbb4a8ed467fc2086333ef7759ffb1c
475 2 31274 a466307d6cc9a0536441be07cc95ee8819f361c24f5cefe4b4b1cd9424ee9587
476 2 31060 c29267458444e9a450b42d71fe72a78b84174f2bdc4cd1afab1c4ce5620f3e35
477 3 32013 a9248b84be7234bf9545433ed03321f74a9b9365fe468464b7e557525be9a7e1
478 2 32060 1b211cc417775653a5d3cce92cc414ef7ba6208f53eb75cfc8e60c801d881838
479 2 32103 4c49d318d05bae847744e217b6f5225cc646842d80a0b9a6993ecb800d4644fa
480 3 2504 a98e419f21dac8d233fe751d3ea20b9c765477826ba6d3072c9416a90add08b9
481 6 3456 7f78d89774bc76bbf52cb0024f79e2b5cdf96a473651eb13673e345829487a36
482 5 3503 3741574cb03f2349d85865d1e3c861fdc6fde00a4184d77983d9155d44298d4c
483 2 3982 c9ce6af1eafc16e29d38f08c68c902099719e11a4ad557f57b76a240745632bd
484 3 4642 cccce853ee627872a3d5d64f5fad98d5a122815dfc1a8f68bec99c4a8e3757af
485 6 5594 2186e7c4ec4c6e86efd22edcb444a88383077c87478009a2b43adbf886159479
486 7 6551 a1b5264856f63843910db227aa1a72620b33c6646dd7e19183214c0a2f21dd81
487 8 7504 5408e1a3fe0983e243cee25da04b5ccfbc421294b874085a71622a213dc4927a
488 2 8753 607bd797e3b003ce62e2c12a02e43885df52251a6f9ed2cfd50bd1d8c622c847
489 5 9521 883096db48d1b6bafda6255c4444d62ac61e465d4987d6797c40e7bc68b4a05a
490 7 9732 20f3480da8b34f110563eab6c0465f94eb06142da595cb65aa3661b9e4f7074c
491 3 10675 aac49e141f1bfdaeba54cbb8fdfb62aeef28805e876f1d5705aadb43df7f2f3c
492 4 11628 36e4d30cc97d0bd83f3a4ef8875029eab5770403f59d9b087e2c792fcc28be69
493 2 11841 e0a5216ad2e71a46992db724e646d9f0009560f57f0c98fa69ae3f96fe1fd933
494 3 11640 61454d7df6c97de0514e3601e0ead28d76abcf7cd3e8514c2bc950d4738c0ed2
495 4 11628 00b32a79964a78517f3cf66b87aa14dfbf7228d027a2b668c805e4ce806e8ae2
496 9 11642 b6eb38e3e2b2def5987481f382050d666ce7c2a4a6437db45c53e28185ab77f3
497 3 11956 225e15ec6970eef7a9564d8ca363c3c92363c676c21a0fcd66270c5f2fbbefee
498 5 12440 fbfd27fc8e004a1da46ed4e9e76de501e26bc6f9c46673439af933b37d72c638
499 3 12208 996165895bb437d94e0479e8032b83f0e8fc3dae4d72f880b37ccde790c77c84
500 2 12256 e606847fa407bb6f683f9d1b91a8a72dfbbf39ba9e8076820dba1ce428ad2cd3
501 4 12834 b1ae7125ad3e6ebb032289d7cc370444e65c18332381e891133cbd34e07f0fbd
502 2 14887 4e696733f2611124d5eac46bf0804a8e00bbc1eb385d68b14a2b246812de134a
503 8 14723 7a8eca4098a9c6d463c98e0153cc2cbdc3a6bd2eeebf06f5fbf387c744c959bf
504 7 14770 25952b7d59e0e6cb42d2a1611e11ce1fa4aed9a7d794ff22842c538616ce58fb
505 6 14819 487bcf347fb24b9f87a9831ba1ea2cfe1cd8c89045a55aaac68c435232e82e6f
506 6 15768 934ba1dfb701cb9f6a61aaa46b18cd7eff1462884a59accc1d86b8046a673878
507 2 17018 6ccd5cde1ba9ed7aa99f1a03a4769925c93dda9a60ca2bb619f636a7fe33ff65
508 6 17739 66531eb63a32be43a710bcc28e484233ac5fb3dc2289a8f9df1c0acfe6c3c7ef
509 5 17788 8b94d6670a4cea24a3a1ebc5abee37504ab73e25820aa5eeffe882b3361a1bb3
510 3 18298 e6a5fb599d681eeb80d7991f58dafd4befb25dbf35623db5bd2dc5a491dc3372
511 2 18058 fbf39b960758580590ba36dfbc692eee0c78b55e9f502a98a4d01db3ff61b603
512 2 18058 d79859e5259b06948498f8f7b2ba21e139fcf7a597059f36451bd6c597933a18
513 2 18462 4df6e04983ba2ed6efd45ee00c894840ff85e8e772cc968535bcf93d91052fdd
514 2 18462 b5c766beb51bff7833a0a552af74940a63f53c20ab9b8e10c1cb71ffaa47ed8b
515 9 17781 eb95a3765e3f58a6485d7713edd89dabbf2c2ab1758d8ab4d0d043c95eac9184
516 2 17995 c18680a4bc225534260e46dc35357d05ff0604c239b7964ed0810a92677436d8
517 5 17793 0d91c088ae023b1d455dcce8382093f28619a2d02018e4556c1154a6df3966aa
518 5 18438 183a71ead72bf7a11b9af824b43928dfb95f624216e9ba0af2abda5090f5fdfb
519 3 17772 dd47bedf4e0f090fad2dda21afa5eee43707bb1dc2df844f987748f62616d9f5
520 8 17676 a7d95a28ef199d7754942a4814004f3762e89ad491403c92103996490695cf5c
521 4 21046 c2094331c6e8cb336a0077acaea80bf7cb28d35c5a0e64835e8f17c54774397d
522 2 21333 b0e582df98564be012c4be735d64ee666ba0fb00292e9340e1391969d6a67a9d
523 2 21260 1e36b41d93b5fe978577d662248be70b0501fe0b0c55fee506e1e4867266d41b
524 2 21131 bd2a4b6d45bee332c5bfdcd08251a717e42c48b57e17738f3746b1842692afe9
525 2 21837 baf47fa9c7e56bd2b5c733f9a0eae996acc057ff333baa899e8491d4cb9bc1cd
526 3 21070 bdbb8f010fa7011f132fc9230f44990e1eb5507a232cf67e5e375d81e9cfcdad
527 2 20886 c35c93367a578ef899285732faa70135d2002051795e7e6119ad8e9c4c5590ae
528 9 21117 4b3b517c14c31c231c495a79c96e48740a7f0ba1fe6d6ce86390167488af5789
529 3 21596 b569c46143cb5902b2e8631539c54dbbdf222edfe433f7dab31aed52ccbd37c9
530 7 22060 6454522a6ad57af7e55c5d6ff9ef30e62b84df0ddfcb2e347c45607bea93b2b8
531 10 24015 2aa25285672baa79196dcb0bb357d628d27214bab1779b87ea46e769283860ee
532 9 24062 2e24e58d3101fd9b0f8e4f2c38140e92bc3941fd404e09d2abcc9e3d3e86fbfe
533 7 27712 f399c944ff68c7c36da6bd34aa5f20f98bd219d37cbd004b4e2905eedc0f6483
534 2 31064 58a72ca5de96168318202eb73bc63d1bfb53c912cd0553f99b533fec19da952f
535 3 30881 9ecfbc840a202d9c0c10d4e115f6854246dc40be9fab80da3ed651c610b8d3fc
536 2 31132 86c49412bbeff2fbc6f86b170ca001c04d17ffbd0c478ded49edea25f33a8e12
537 2 31058 12256e8372a97ad3eea42d04a94a0e5c214e5bd192d230eb197d35bafabe62ab
538 2 31057 7c32d3e03eee16b931d7bd958e269a3574d4d2e3566d052d3de849b0e132758b
539 2 30983 d100b676b8ce6b70817960ef84228cc02a72949f671cf0be7958eac84071e4a2
540 2 31709 1bcb124be8b8de6d9e2d4b9b4061d0ed0f847ef996ecc76d82c5caa7c723b177
541 9 29262 5a86e5d8750915be8b58d2769f8fe67886e33e4fdf92b03c8af600f7eed90848
542 4 30520 ba792f13bc8233ca5496432c6210af30d4fb4360abcca02a4190594d7981b8ed
543 5 31003 ac3e670dc751b79aa940c8a9cf0b568d1d84bcf25bdecac2a133aaf0fa5e4e11
544 2 33550 fa0d9bcff55152e556e14d6911ea59edc8556d2c6cddbed80c75c03777b51982
545 2 33550 947892075f387f2d4957ec9a183e25c85e7d5ceb46a75c4872d6a0c631b62d1a
546 11 33343 0b821d31d892af1aa406be8953cf785d193a2f3163fddf629cf4f74ed881354d
547 4 32689 4b49c8f1c98ae995444f487c77e1996f5a42d30d8872dff1bb16acbf81d9f07d
548 9 33151 e58d3932499c980db3612544545f62d195a6c52c2be78c33c9ef6af114d188fd
549 8 33198 cd26369fcf1e2f0bae00f0dd5b541c89a94da10b434775f0093611aee8d95331
550 3 33323 234bbfa0eaca033b67aa5a5afc0e7e167627a8853b5893e22825c2065bbc00ed
551 2 33372 2aa327d65013745e461ea5bf0fc99283b1fe6fe4da4d7b572043f5072bedb9df
552 4 33113 54b1201c41f03caf4cdd87282b5e3102dc7e18856255d5775ed165f5e188f0fd
553 3 36911 63c20b5ca1865b4e5a534aa03d71f7bf5772ef7ebbe2d844f35a7e0deffaf0b6
554 3 37861 778d4495cfaf2b78a641ba8891a2abe87399d84889f4f6248c4c1e12c922c207
555 2 37910 d52034f88f9cb6cafccc7e17c14a1f624be8980e7acf36622bd418e7a2960bb6
556 2 38420 c69efe69eb9affd462d427bbef2037f41715a59f120eeb2e6969d14f9f58caa6
557 2 38346 73b0eff781cc814a41c6c561c926f41b0103fca3fdfd6faca856b464177e20c4
558 2 38345 e1deef732057ed2dfa61b45f2c5ecbfcc089072fdfd0d833e9d3bfea4a8db58e
559 2 38345 d24873684c71ae7ebf7fa4872889deef8620f91d69d26eed67297ab739e23356
560 2 38346 6105b6fa193249e548baa8e1b784eae87fa286afebc0c500a80505b91ebc21bc
561 8 37212 a6dcdc14c0f65058e72d2eed5463914494bd59aca8ea6ce286460d4f6015b51b
562 7 37691 523963a858f70573bf2e6a745a32f4ccf231b86bda77615c5f081ec24b806a70
563 6 38143 df33d0ac880250f2df160d61fcf1ca50b46a1e2f7718737a15fe6dff3732e8c7
564 2 39085 5a5c81973150d1e0dee408e2980ce875d8b559780eb6a8a098a927ca2235a1c5
565 2 39298 cae8605e1975b8567906fee62b09629a25e4c7cc63ab488b6a4cde6af7b30fbf
566 2 39085 77b0db55d66f7131f0d93d803b9ddb1659f65827ceb1bf2f48bf5e8b07be162e
567 4 40038 0dbde28878b8e3d3b052d9c4c8a398bb8027ce73d32059431646fe31691590c8
568 7 40518 e9eb9d0d3430f6cb782d9512c101cbb7b629307cbc9b2d68c4922e3cddb7f08a
569 2 40481 207354b9fcbec7c9465ea2883781018387be301ecd10c1b6b86ff3d3c6080a0e
570 9 41117 0211db74943305534981a98c7c5ed6dfba38b48a5ffdd24893f248e1a7d1cb14
571 8 41164 ecd792a129193d0fa855ab392f4a2a247a7f35cf30fe70e49503e4398423e503
572 7 41213 53c9fa7b4a77d9397646df6d8593dcac9e21e34087ac4f47f7b71ce20ea45b91
573 2 41649 39250d7d44e139305cc619be7484b94974cdab91e25e29713d64d87a8d0e445f
574 2 41648 06fcf715268c846c7b6e76442ddf9418fd0cdddeac73020e62564e071bd1e7de
575 2 41574 d4c8c19d6785c5e8f28220fb5d75d235d9a1d13134af1fa1590c8da6ef64d1ad
576 3 2503 5f441bb163fda812f5ce2b640b81d09fa94968ca4cdbe8d52f30e017d8c43428
577 3 2501 f602445c640e10de72ed7b2b91f5e93f42d62924b181852949bcaf253aff9f7d
578 4 3453 5dfd1d59ef4dbca49dce325548769b171a74ebfa146de1d0456222a118d008d0
579 3 5682 7d4b6fc7f717669c8335135ae99ef88c73dd8da748d932214e694b59b65d1c4d
580 7 6631 471b0248d435e5890f2e5e8651a6f7f7b62244e58cb4b85fb9f9dca12bc499c0
581 5 8623 19ad5e58264c1fe82b537bd7a71924753a496ca350b72dd44449119063735afd
582 4 8670 1b33308b89367bfbd441c2547e39c6aff68ce190c704b19dd50cd7b710ae107a
583 7 9723 86fa051c54bbc76589e008ac67a21a2aa33704a23901c5660aaa2f72c9c83e8e
584 6 9722 a242f58faecdf427de2d8fcaa6b72f3c68873c8e5a0bab233162b3dc9f9281ea
585 2 11938 73d75d4078787123f99a1d746694acb4c954d0f628963c1612b6c1f27084ca5a
586 4 11249 e13b6ae7adecbd1b2ef9cb61f65c62a91f9a93645a33d8b95f2548772fe97653
587 3 11647 f56cad7fa0eb64f173af061ef6e260e73d9ac0d89e8d7a439312f5f2d57a2303
588 3 12600 7a7ffeb6b776736af2118262c901d5a0b4fc8e32a5c2923f02e3b0ef23854bd4
589 4 13178 f9f50e77d17def36f29e653c429be2c8f1f745732e2951cc093b81f98a5765f4
590 2 12586 b27ece2b1869412c65cb45c846ee8e9e66d54ef86e34d42ef83d10601a091703
591 2 12800 ddb6fd4f7b848af2839d2ad80ca6cf9bafe8d7e46689220296f569d1ae67efe4
592 2 12600 1fd0577d707fa8e86fd22cc3f140ba119a4ad3509f6b9d7a32952c02c74751a5
593 4 13075 9e2616e5c9477eb3f0587a13f959d8e3631fd2cab721e2caa874d3881e8473b5
594 2 13192 76856019739c86f7f35832a31d9e0f43bb83c1e7b6d7fc6f1ae91d7c860fdcf3
595 9 13808 13eebedf79fd80d1b52db2e0ba482dcfcaa125d11972acad6bc7a7d68b65c838
596 3 14749 88a8ea718fa27298456724fb563b0f918172fd0a9aea0b5351985a594bdf8714
597 6 15702 60d5030046f18456ebc7c99bc6f741aeb300f40f7fa90475e5e2ba40529be5bc
598 5 16347 54696be9d49b57ce2c304e62c1015c9e7a2976f24027d43ac0469aac4cd57ba4
599 2 15976 998864e9bb436c8f4af179f070e09560915c75fa33427563d1331f525bdaf19c
600 2 15902 1d4aa0ea0e2aa1503061a6fdc2ec0e47218972fe9c3f56ec072530b67b3b5dcb
601 2 15593 6606b419841449edd3603fde8d143bf0c97b0c93326bb167db79ebdc8f529cbe
602 2 16545 595135f03a1ce7dc78b1d71b63debfd03e127a236cf309a2767736bf891ed8da
603 9 16813 c77159dd476e6adf24eebac853eb5b3dc37308970d62665e24bb0deb846bab45
604 4 17292 1cfe99ac1e8d5d2fe12efb057c113a3e0b2eb412043c9825836423c97aca0095
605 6 17744 cd7175efe08a27e68eb6481313c3819d5d0ad368ed9d27713708b0ad2788ff88
606 2 19714 c7cca2af54bf02dbd8199796dfe7271bd1715673c38e52782ec39aa3cffdefd6
607 5 20667 82df3e80ef660556ace32c6ab647911a9ef4622d56feff59efc0fa24e205ffee
608 2 20880 cba291d62d70e32b66850834d140288c2630815fd5abeb09e866cc1d6759c430
609 3 20751 72f08e33ce1ad41a4e4892475f5711f074c94e4cf3de540880023e33725bec0d
610 3 20749 3dc15d7102654471ac6061e478a255eca32d05b47d5aaecc805cca4cd3bcf2de
611 3 21259 626341a24397b0aa10ef9a48d5061a309d8a4c1187ff5edd82b787271c9bb850
612 3 20746 9ed62c60635183e29c29b13da5ff914c8f9e22fac297448aa89e30c4c413a796
613 2 20758 9a63df19873f16b01ee3f243f0109b716dab2689147af7260875d319b165f0cc
614 8 20749 94e9c75959c52d3031a54e9f855fbe97229203767e92fb21f4117c7487c9c878
615 7 20798 506829189a8a1d25b2e36548e7d3b02a3b354ca6d46c3b7634b8d0fda5bad9f3
616 2 21276 dbdf5fbb34eb9a28d8791558c2077d2cb6b9394267a2d29c6905461b8e2a911d
617 6 21742 cf6c4290b082a14bf6f8dada171280edb25ece52ad239667f439aca3c9613d27
618 4 22684 d78cf109e146e04a5973ec1847d50b3b13d7161db316070332217ea58e46bc1c
619 2 24807 f9e36352e2ccf578c0cdb61568a3e9687cbea7df1c59177a407c52c4e3909c4c
620 3 24665 bf3db772284d82a91a010e7455357be5a89a16f7780562cc51904773cab0f0fa
621 2 24714 1cfcf7bcc5d1a00b38c33f35671a984d379d39d11d2dc4da5756c8102a1c9303
622 2 26020 c48b7a13b8fb62a5a9f980c08551793dbc08bd00c8c32670b8b885ffebf10776
623 2 25946 9a3d7759958f0d5f4c31428c677c5ef4640b1df4d53c55f2e72ba73d74441540
624 2 25946 7380a389da55034340092e94e880693b52d4a1d04b1c124368b3f39de879365d
625 3 26005 18d1f910ca508a5d8bb1b3ffc77c30b69f7538a5e4238194301126e9f67bc596
626 2 26017 503d74356b3ee293ad2d0a3ccbf77036b60410f23af8b613669a0845d87d267e
627 3 26005 18a682f955770e8db0e7cc930895226b12c07d1a1f0159917872345562cfc9a8
628 7 25662 586e84757de709322bc61e107682a09926d519a5f76481719b9f6202846a62fe
629 6 25709 4aafe482167f05eb4a0be987f966944053e4b952e2965eb6bd37abfe889a2663
630 5 25758 d4f0a780cf0c8f3ae6d10d8ba9cbe355da2b23f9d1958d86d5f3f92da1df9146
631 4 25807 2790071d9c2f6d4492cca8785ffa2c945d8d1653878e32be0523bf545e15413f
632 3 25856 72843b3c3171cd2cb070372f6423bfc9c7371595624f2227b149e7e7e2e22903
633 2 26216 05726bf0bdbd3b8f44c2a8ae358c17c64f568c62ec290d30837d733735436782
634 2 26364 5db771db947b569fefbf1d8110ff35156104a351efb0e686016c3ac567858600
635 2 26290 6ba1b1d2cf5ec5c0ae52e8d1ead6b8596ce5c2d217d3ddb0fe083305b562e8cb
636 2 26215 bfb2f093040b6f9158b172c05947706afdd4dae3fe7ac706f3ac820d2e4174b4
637 2 26141 c024c913934f7639d81bb71278eea5c1a37e4f78d0516ff23d55280c8bf79f3e
638 2 26141 0c4ca7693ee25275c2fabe672c61cb708bb1e251c5cd424a23909b30b6c4c89a
639 2 26304 c400fb51397d6ac45b1102219bd0a6507deb8a1035a1a473ab726b35c4d78a62
640 2 26302 c5493de83b4a8045dbeab15d452276ea2ad0ef2bf0408271df3f9669a1c08dde
641 2 26212 528a0d345e22a36921dc554cb0d8a60bee86476904ecfeebb512be2dd7ae0e19
642 3 26086 022013c1e913a839eb2387fef31c28869caca521a6603099c10fcd40b2c70204
643 2 26100 361a8cb48dd5fdb695995dc29410158b607e3d9758c5de33ed2abe8831e6325c
644 8 25739 41869a7f0811c58d9a3e66a7fb4c0fe16c7f1a1f60a83193ac6a0c60059cd472
645 2 27270 a938f5ad96ec63393585d3f650a2b7fc2bcb089f6969762158ec541c4645f837
646 3 27908 48a0d15d897222f5572147115f7e556a46f55a7d0ecd4a061b226a2a7dba951c
647 2 28417 b5fc8d61529d14e0845b155049403d4eeb5ddff09a3fb31ec8547201497f092d
648 2 28343 e902f9e470e2adaeb14a1562ddbcf38f4ad0140dc004993fea154dd507c67445
649 2 28268 4aa6f1ab4e61e01ff757bd5854f50e66a817dbba1d87fc1f269bc9b44a5b3eff
650 2 28194 50e57ae6baa93ffbfa96df310634ec1270cb5e78eb0ddc70efb4a1c3333bd5f0
651 2 28194 dbdc243b9943f72154ece46f9b2de96ed40d0ccc147849250f9f3cd6999ec351
652 2 27992 0598f67c7f8b7621b39a15cec3944d140466803f99fe5bd16056a4a76c693931
653 2 27990 e80531d4b36eca1afb3ed8367a4cfc16ac50c6869a82bdc09828124727f4a9a1
654 3 27907 2e0c15e8fad9beef731111df903db26ceb4d54102be53dcb44c7c9d03035def5
655 2 27954 b7e85372a88afebab6ef3fe38f2024aea64f34784fe34d5198ef7d5fcc2e7410
656 4 28199 2dbfe3fc4c7cc08e41cb5c81059dc89ef3679eff2ebb6f7e82cf28e094d87eb6
657 2 28213 21527c60dbf1bd014c8294aacfc661da66eb422da679996617507b39ee7b3fd8
658 4 28201 bb3b7a8d3658afd3a9b9f65acb6faf0c22c152919c39a1807da616cb5163b13c
659 8 27838 d8b3fa913aff16beae386696b92e1ddab31d170146bea9e4c6b528e98c45fd00
660 2 28210 417c1752a4fb14937f37ad16511d6343687ab991bb0e50c077827b37ffe08ed3
661 2 28422 f948f42dee83a1691611bdfc9b11df7834c5f9a422cdd14ef9e36e6c768970c1
662 2 28348 ed5b03fa6b7709d1ea565d403c04cf47963a73e2a05a61e458867964b2efca68
663 2 28273 6469b4201e153102c4af119f21e0fd27f8e097ab8129bbada411decf4701598a
664 2 28199 7638bded0eaad1f59f5586dd451d5416c59c0ca92103b04e355f144634ed54c2
665 2 28125 24a4fcafe8b7d3218e78977c0fe85de4ab9aa7c886ead6976f2040e520f58f51
666 2 28125 0513154e2489977d23f61a1e4d1edda7d026a3d75e3f67b9ca3fae4ddc654440
667 5 27997 dadd68e69c9380cb67ddefe8c4d5cc3af083faf9abbbe29e061859c7d71af899
668 2 28438 23cc36b4e2e46eb943e8c98ffcd7cf238201cda7e8af9105abafd1df365d33c2
669 4 28044 734b1d0c253b9d9e299c04587cf0328b207114a339f7d86741d12c8b3940ee02
670 2 28485 d574b53acb285cc40f0954e0e22cb8a0869c63d01e9b8cee348f1a42250bcd1d
671 3 28145 cb677f2fc37779f1cc32f9c42d7728d68de76dc47a32d8482eaee000c4a19e7e
672 3 2501 a8f6b3856e8b1eaa42356bd632a0abf596db8e627efac4d33bd3b90904f52d89
673 6 3453 5c93e09f56521f8f6d8a1c29c9ea54f0f764c8776b0d68f6947165abfd785be1
674 4 4645 6a2806bec3ecf5da3ed4c07335528282497f42f5747df81ac97ce78bac9cacde
675 4 5597 e17a6d230accfb6a0896dc837275e1da55de4c2e4c26b9d5c375d9691832347a
676 3 5644 07de9045501a76ca6c720faff57425c8160a6047f3fed02b89feec18b4cf3ed6
677 3 6123 8ba00d5f2c0111ecd873c4e79987dd291a6364f4278163356fd4d4afaf769902
678 7 6536 d56faf25339437d2c1061676d49456ffa2ef83e472c9387f65475a169a2842e4
679 3 6548 46f5541fb8288cd92b1c57e4efc791ee09c57fc894edf6b8b8ada2c632a94574
680 2 7027 0c5fd89a000ae29603b86aba0d3e41521b85a67dd9405b8ed3de546236f6af0d
681 3 7478 b5e1dbf93c1d411f61988103bf7cb59253aae1361f98c02909d77430fd712675
682 5 7645 2b1a0a94e9112c20a5b928f6c0af369a2780cef8d0c7ecdb3eacc2251136d658
683 7 8598 f44fb0bf8f00c5eb1900413c96c6508956a839d089363a0cc7383a348c650c2d
684 6 8645 5f22d3fb5d5f6e2da4874682d8bea08668c248bc07b9150b2160b8e5e5de7c48
685 5 9591 8eef1eead0fd347b4f5e0165439fbd08bfb8617c2220b0b41ddb071f64fce7ca
686 7 10660 d3c3d70e0218fde6f18b72d2d121dfbf81b0009294d84f33ddcc5567f36b7738
687 6 11613 c4178f271c30f45b024b97bba8050e8933fa79f2a1c79e81ef48060b81e4c1c4
688 5 11660 32a35e445ea02d46fe8a76223b936ec6055c5179bee092625fa250436dbb6f01
689 3 12604 6d3a113f9dbef9e7b2c5479b3c43feb329466f2f7e7413639d6fbf96d1e81da2
690 2 12653 f58268912c5ec1d9ef9e9b5fcec8f3a8f5dfcf2d74c010cd545229f1fba02beb
691 10 13812 79aa313db649ed307e2d508cf399bb8b400a0af1fa71447fe8a221dbd2f6da7b
692 2 14419 10f5302f9cbe94946ac3bb89ad09aa73f9ff248fc0f00b9148096fc0d604810c
693 4 14752 ab0956c55d813265880f28e78713a63398d9a642985e59f130d449713d5821ed
694 4 15705 02d6ddd9279fc9e7e79baa35e6f4a980f1f5aaca6981985950eb5e3d6b08b10a
695 7 17719 b56895cef5f4f9e20293cfee7c60f5803634dc3f25511846101d2b76f154c3f7
696 3 21368 6835f12fd5230fbecb56fb243fedb62c3dfe0b9f0143c23a5effba972a2f42c9
697 2 21730 4b4f4945fdd0ac5f3514e14b3b5c4be715d99ccf8a6539a15bdcd6ab8c2e4450
698 2 21656 ca8bfe06bcd810748042cc639382cec09d0d2b464bcb41f7e6854aaa545ab173
699 2 21582 514d0cfded55db34f4b4f7c2bba7d9eb29b0ae8628e91125e835e451a3fd8b0a
700 3 21368 578252b0eb5487bb39aab1ae3ae5a18647113caff3f7c6177ebf4603529fb6d0
701 10 20867 ea225af395667c707ea7a51883d70717a317a66f411f89100f922c4dca6f83d2
702 9 20914 cd53351eb695a0fce450d639145e6a519597d70a2e7b66c92ae1bdf33b9651ff
703 5 21559 890b9c09eb75eb3f400c43e876b16633221a81cec1f3fadbe005c1a183cf0ede
704 8 20894 6b5b689bef56fb1bfb1342a11a37fbd94852db3dbce41066f40612103bd61ffd
705 7 20943 f1fbb08de7ff189825e92f722a49e83060d03e521fe0a1fd915609a385f5f8db
706 5 21896 94f69dfaa9212a5ebb090afb2ef3b355ec292195facc9f9220bf3531729dfb56
707 4 21945 ce62c44eb2e49e75d894b06c2ae294242a7735b95e6fd8acb0320f7200737224
708 3 21994 b6d53bd25998d4b068e4b8f09a895c73b135c47fc84476dc9fc1e560eebb9f92
709 2 23244 55713c024c8f83b1e22069acbce4080ef55ffd8d28293a0870029d23942af5df
710 3 23965 73168fac9dfd23ce036cedbb72daa0da644dc0d684901fcef2afa55006accd98
711 3 24475 ac861939d9fa86eee9b27b44bfacc911560db31c6614aee9c1a2376f476ac9c6
712 2 24263 cea58f2801c4c8efc8bd0b8644977abf28303c03a471ff245d1e56b019ff0974
713 2 23963 03922b5a926a1aac7fb438c13a450e19e9e3b73913bc547686fae863fd0aa75a
714 2 24177 cb6e344175edfb0f01a61894471dbcbbcfb2f05d81e258c2b68c3a3e763a8e39
715 2 23977 ccf69cf5fb5cee14df3f5fbad8689326708bd14b3768c29b936644446280b013
716 8 23519 824b826ee232ac1bb0403cebddaf3807538813390242567e0d438c246a15e526
717 4 23563 e1ef0e65a018167e94171ad49b7e6348f4038f586c327d2c52aaaf89762fa5b4
718 7 23870 f20dcf0da3fac503a2acfd7bfce91da09d1d1dcfeeec6316e12afd320b9f5493
719 6 23917 b827088f8bb12d661f1b2fa9ac4eaae8685d01f2231035f93204e013f1f13a6b
720 5 23966 76da532bd9904c524164773fbf3b3aeba0dcf0b3a87f96e4e33fba8cd2354817
721 2 24327 85750197ba7e0ef04e0cb9e2202cd884376a79f057f3efbcfe1afd769c833134
722 2 24326 2f6a8816302765486c592edc2daf7466068903e19e0fdb4c789995f1b482d5ba
723 2 24252 d7ff51c7539d131ee4437a5aca6d1d8fce76154e2bc45be7ab231d164a923b62
724 2 24784 fde56a07454c367271e8f7ff084f2240a8845a984ade489c741c829bed6698bb
725 2 24710 7dd371504a601ed0d52c69638deca4df7c9b7d7c5e227c49dbb27ce367ed2c7e
726 2 24634 81cf7fdf9267c496a3e14ebb9ee37da556c59788a5eb72097e90231eeb785144
727 3 23954 114075296cfe094b762f9dee08bc78c253fdacfbf840ea69d467a54ceb504641
728 9 23836 90348c93108acb7134abb51122b5418ec41f6f72fd478c86742dc4e6da137196
729 8 23884 faa6789a6cdda816278b141e493f9347661b8776f722e96451e01aaf54b82c0b
730 2 24171 2b5a63a06d1375165e6666c1ef8f7f0540aaeb097f6c975135c67448a5220e30
731 2 24097 694e1a6ab986b8d53f88b5cfa2cb3f0c6fdc9d0a73d885cbd506725f797fa105
732 3 23897 74098be75d0a0cc327aad18ef703b2f3c880d7a9831732edfbd7818af1c1559a
733 4 23934 2db0b2141e8cf423b6828ffa6bd0861a96f8e5fecce1fd02f9f26961858750a6
734 6 24887 5570be3033609bc4aab4b7bb9fd4f05c912fa657bfbcb6e239f301c7d7c3ca53
735 2 25631 f3a7277f9d9ecf8fcf079b1bd39de5abcdac1f0128f796efffc8fde1ab06b3d8
736 8 27039 8fa96772bc9b2b70816a071c8c11eb57d5bcc5898d21ededd4ec69005c232652
737 2 27401 ed52151a5e602c1a89febb5a4e583b89675d4af6475a5b04ef8ed7d729dc83ed
738 2 27400 0c197fcb4f3fca45980163cbfbf623aacefc7f3d550008b1b4b85927eaac56e7
739 2 27401 6581c5592739e03d1404d8842d704ace37eb166afafb4fd3129b255efef888d5
740 4 27271 7a9be27f16a4cf5e06908fef7e4999c7c2e94746160d354ad081bee56602768c
741 2 28074 3985bc67effbeeba5a0ad586eabaf26bac8982e107b7c73e8798bd750efb80b4
742 2 28000 aabd036ee9233858c71d74a7a09c2529ee20918dd4ad4ddf0c14312f37f6101b
743 2 27839 b6fc0c4f7efd2b8649bb8984e46404ceed8a3560342c8fae285dce809bbda5c3
744 2 27765 b5de7c0684dc93799bc2ddc7914390f524ba067733cbcf7bf9bad7ac35a23686
745 2 27688 67d28668a43dbb7f85a1ddd59d6077b9082f7a086f9d5d9a43da85a1b7ee2f17
746 4 27592 3a2a40910b0d5c833e17d908f3610e335b9fcb970363de573e961d4b9d766f75
747 8 24962 2bd7cbb793631fad5d623c596ac5a9b28f1def33892f9aba1bc37142eb055968
748 2 25440 75a429c19c14bb7ff5529eaa668c86ef273b3de35314c506b575cc4f687ba9c2
749 3 26566 2535f5b1ecc19adae27bc3e2a4a3ad7a021c698422a7431268841c8e0a4fb2e9
750 8 25854 15bbdbfdb470a9db1544995af71ca7f6f3bd6636a2a620642aeebd17d9f9f21d
751 7 25901 edfa66391f756e244e271df6f7310c3b34489faffc9f16e7df21520910bf90f0
752 4 25914 2e929ba2ef9deac847f57cebe7fe05d94e9db3289ee210c003476715df498b5f
753 6 25951 e9660dc7d636e130d25a0a587194641f167ea185a9b3b66e4448f77a3d596d8d
754 8 25991 21f31731d3a60a06007c8c57b7d410f000dfa3551c5410a3c597da179b0af89e
755 3 25861 74037990dd8d271955b9d69119b6fb3cd411ce0b043d73baa453ced8759e1829
756 2 25911 63615ae71003c34aebc6d052a7eff2e53c92741329619e356b71c9858b0d1fc0
757 8 26092 45c9ab6b5aef11517f25d1471903a9ece1c8f9facdc17889ad0cf5c3b20d37c5
758 4 26571 cfd70f4b320e73e26f40e37a815d8b78663b2aa52339ffbf896b5d5c2b648eeb
759 5 27019 6db4c2d1b52e0d0c2b1af0dc22fd575927367c12635d02c18b7e2330f067c891
760 4 27967 52f4952d2e39ade29e83cfe10fe65a5915c9b222e861ac91f5679d3b8c1566f5
761 3 28016 3d81c546c4d8a5fcf9552a9e9ea466490b5d06c76a172441a419d651fa6f03e1
762 2 29173 d4cbf4df33727c1fba989d23aaf67fbf2a6e19211b938d2aa4f243d4bb791622
763 9 29018 c43162862ce7170157b7a44e6b9463c2667f5870d861832a4c6d2bbbab08b21c
764 5 29959 03bf338fe831402bff5a5a285080cd8527c4d236ca286b51cb64e0801160ab9b
765 4 30006 b28b824c1eb94a6556b2da5e23b93b7b9d58dc0a0c0d3d8da9e3b7cab44520f9
766 3 30959 3e071bcfe849f66fb75ec3bb59d0c874a4f9ecc02c940b86c6f0f6e2063492f5
767 2 31008 1f3aa54302073a7998412d589644db148e1f7d90c3a31133db1b4d8a9d8020c3
768 5 2501 d5dca3a3f7660617c9fa93ff6a36cbe13527a4bae0f8a4b2cd02e14315f7bce7
769 5 2499 d1de1b2b51c969982478201ae00a1177d9ba56b7f3510a25753aa028e749837c
770 3 3451 eb8e07621d2a551cbdc3bc537d9c3ef408f0d78a571edf2177fb56a4a7e90df8
771 2 3498 3bcc5c9f90fbda69b14776641309a3f4efc3705ce83d4883f0805203f3d18f46
772 8 4286 87306e8d7b2bf24095098c4a78b5831b7d2eee9c2c1e27e98cfdc4ab932efef5
773 2 4852 0c79fd08d8bf201d5f08fa731e9352294976dd24f3f7c91cec6a10972352bfc3
774 2 4163 368372e66ffcc4cb46482f430ae827078acb0f0173ae52afc51d6e56450b8903
775 6 4561 ec3488196828f0b2eb65bdf42142d4e21ca64ea2063abf4e847c867937269a37
776 7 5514 514ca64b38e6894a0a2255eb6d97caf289d09367c61faf10fbab9e1c43327813
777 2 5989 49df13f057b49ec05a50bfc1a00b83653ea275ab055b0385d0c9cf6390f79f85
778 2 6038 7cfbc9a122b4057853c7d3bcb5cec52124145bdac216b6cc2424ba1c5618dada
779 8 7360 a696b0991a5937ccf086a7cbce5a3c5431044624f4441d0b3953ce564a722dfd
780 3 7538 06320a55b1b16f80fc7007c5d262ad4393d894e3939df5abd2f9768b60a995e6
781 4 8490 13c862c7f39c1946d5c9129c4a69dd45eecf9736d1eb91e0509409651afe2609
782 3 8537 5f3c3ded47eb04f62c1ea0ad5944722057e5811a4fcf4b6fa53c998ebdf667bb
783 2 8741 8ae5c7a00a91b922aa25bffcf8686ea3dbff4d229e98ee6f03077a66b5e312a4
784 2 8741 802a9d1db441c6379371d3319f5b12c4c8569061dc9dd3fe9f3714791d62bf80
785 4 9693 81837c00bd758bac0367c0d2195190eeb3671e017bd6a90ec9e4d99302f1ea32
786 5 11685 b63f90417e165778ec2e9f6f085ebde7a0f4a23fac715649dcf1fb505983fcbf
787 3 12164 f5b738672cd26ff8b385671d50490eeea54010e72354ea2f9c832aa37f4f5bc6
788 2 12616 0341076c484454d868ea627345877e97d09ccf33a86fe6db029fbffd540b32c2
789 4 13569 188b646df0cbe361596cc73a294b4e47fe7c0c9e3792a30ae6be152b1faae4c6
790 2 14044 ee37afa52cd0fd4ca90d9c92a1e40aeec1ae0e8c9f0f65c2186e53f25574fdad
791 2 14097 3d9e57b9a1f8b96979bbd780475f6ed6bccc5cb8911c9e3892b3cfeedab5631a
792 4 14826 30c4df5e2d8b1988e76e3d329236f2420e458ccc1eb6e4443e23e9ebbccbc74b
793 3 14873 25db760d565b665ff7c6cdfafa66e6fbdef35b1b92998796105c57282f22a604
794 2 15352 7bf0d39d14167e94815f5b0d27126e7e69d671bc13b706d05b5afce85a836428
795 2 15603 94444b48230e72251161bc70bed3733916a04212c2cf4c529b8e9afb7a48d497
796 2 15603 cc7814989b0814f1756376b84a5b1b78a7eb946ac01ba6b75472bd2af63bc605
797 3 15847 49a478ce46ecf275f0bd5bd5c28d079bd0180fe5d1214e7cbac0faa473e414d0
798 7 16627 7efa1c1a988b1dc6f2c4535ea26554e95368cc3309b1c4a37eceaab1846e5546
799 2 15662 277ec76960236b547d90cf249b14e35f49d45142bc835716c92e5ca936e6440a
800 2 15662 d2893b6e252ea68a92d82385d8552e07e0f8d8e8dc0804045d62e269ecc19943
801 4 16614 758601f8b807acf6da22542cafa998f264f388bca4d747e0114ae0e89451120c
802 4 16943 549175c8deec5fcaff059d3fed5a08b521af26a0ad844177cc875248eac8d22d
803 3 16618 9c661912c5302e3e5b3af46336d7a96673fbb409c2235913004d0f87fb7e947a
804 2 17097 9c18d470a4da56b9841e3ec563e1237dba705d3e3449f988866f435866d9183f
805 4 17286 6daad4a4b0bbe507b55678a147925c109cce70e465bc175573352c0e3ba6fe8c
806 4 17971 9d4d0a87dbc1daafe489b38903351230909b8780088b11d330082161aa57ef4b
807 4 17983 05645a4722050c82bbdcec359fe65b75ec601c18e8c3528871300d60c8d50c90
808 2 18462 f8f41ca9fca120cdd57217cc79441179c7a937bcb0cc27c5f3a83363d1ba50a0
809 4 18668 e0efeec67289642f37d972f9c97ba98bbfb60ee3db994f374b0cab100d69d3a4
810 3 18715 3cf191156ef6eabc2c39dd9956053a36baff3e28c25378fc90f8eac7e849ee3f
811 3 21061 3cccadae831d32870d53886c74a0cca04fe422cba2c8307ca713d5c328b99717
812 3 21540 f53a2a90fafeaa05de70ceb12d57aa703c5f7b5633049354a0fad43b677cdef7
813 4 21741 598943d67537f9b8bfed725d9502993c03644b21d4f0aa1829a75c5846722181
814 4 21753 e253edcb054c3b33018aa4eff67d6121c9a89c14e85664817088b0fe94d43b78
815 4 21741 1f8d77b4c5d09ca5339db8ab941f55b3fb363c3be181cd9fb8ea7a4fc34aaf9c
816 4 22319 2b6913f988c4399a4eea27c1906a13437c44b22d497429a50a5e8e444c730125
817 2 22391 8c4c7616ceb57e7ca6e61f2028a4a55ba416bc5322449fec1ce7a73cf8d855e8
818 3 22065 57d227783b2ec7114f22eac0b5d24d8e68c14a4cc5636b62b42326ea6a574827
819 2 22112 bedc4be74b4af5ce9948e89c35de72b128ea7646a0ddb9b7e4f98cd5778596cf
820 7 23065 b8f80ab8c138468833cf5c3dfdaff80949905179ed31b050517265ed38b872e6
821 6 24079 891ec4ee5fcb215d910f0c3bbcd77499b0bb68290f61f34fe245f1c7d6c4e4ff
822 3 25406 5c6555ff7012797c86004881a67d2813e6be0d51dfdb4e77f3eb549c9497cec7
823 3 25106 ce2392744fb020dbbfd098beb00838b6a5cd413f7c248ecbe8951f45c7a54dda
824 3 25581 f3745eb16cf395624bda6efdceb6d36287acc86c90761a8635f30de6d65e1ff7
825 2 25630 f3385f19a045a9c53667d8fe1eff1b50658a9caac0d73b47420e6bf3500dcae5
826 4 25916 c31b2407b26d4a157261c9833a689d40d057a271f0b3b154bd1b55d86cf9da54
827 6 26901 3b96049e49c04fab19c3f71f428051887177953b1712ea9f49daa3c5f0a52c13
828 5 26900 85830ce933fc6a2e8bf972841bba9f25f5f7266edb2cee6ee65d932cbca1ce40
829 2 29191 73e0b913fcfa6ef7edfee3633dbb5341c91907be5a052ab676cd91c872636336
830 3 28502 88f13be1a951baa2dd8d4d1e9d39bfcfc4b41ca31bbc203b664b510347b5faf8
831 2 29367 7571a3a88619b0797af2366628e6970ccfab40f62653054e67557c4457b93f97
832 4 28982 e40ef540d9cb741749f62fe200833d3a781b53352b45c796e9dc8b4345f02098
833 2 31297 1c4205421ced63837e8e5491798b62dd43a37b51d70374cae23e16707b66279a
834 2 31511 11f838d39552f21f51a6297c87f9a2715b90aebed61aed688948bdefa97d2713
835 2 31295 f846c389b91aac0eb33aee48e1a452bf7a1e81a40bd516ee3fc8f4d0d02c8a78
836 8 31964 bc2854f91b3211c9bf31cc4c10ddd6c2088fbee3693d5253d9709df8951da313
837 4 32066 55f0bd9c5a05496d06496e01f546fd422b5d9d0e00468cc87def4c63a52ca37b
838 4 32545 6afb9a05f715a3f0746f65f87a12ca04ad89574370b76890bb858d0462f13ee7
839 2 33343 af2fae942d9e308f1e9d3e567ff043510dd5eff371919ce4c0ddeb6b10fcf20f
840 2 33557 f0b632b65bcc608f7359f453ab82bca0b908dd14fed0b7444fb9b5d5d7531e75
841 2 33342 60260c2622fd2853066a91744cc94ac1c68e6dee8801652270e9b4eeb79014c1
842 4 34295 dcae97d6de73fea5d4aa76a0c7b64e235208ae20ebe15d9bf6054e3189dcfd52
843 3 34774 6215579b2d507364f2293481b2dcedd08ff427b4e21b1b4a38a9bd7476a88cc7
844 4 35145 275352f05b91822298a533df7d5f6f41d5f1851208565d8b036b5e10c334dfd5
845 5 35790 f72c960b3613734fef0429598e8c7fe5be5e053225bfbfc6a4be5bba35e97297
846 3 35301 926a03579f2e545634af890acbf136291f79ea708b10afe908ca4f84c9cd763c
847 2 37485 048a0548bb2e6d582a9c1bf320935085386e1a8d0ebbaf3ecf3a36c3ad175106
848 5 37277 572db8927183a8d3028159d1cf48032c4ec857a4d906d202e2a92059c436a7e3
849 4 37756 d4c95e3e5982cee7824eb6ee8f77155443e96024989abb21201b2d7f10bdfc7d
850 2 38207 4d95ee237f5852f77ce4855b0a8a2ba11696a7e2cb59ab3f4308949e423899f1
851 2 38219 c22edb6fda494a9e2039e52bfec5e56561c033799baf2e813d1920687b45f9ae
852 2 38207 d0ab8fcbb20acb418b041996ea90da7713a53648e1f59bca0abc1eda6f53332f
853 3 38375 5bee910d9dff50fb9b3d0d25ea1218b35553ad3b973f463c462a2aaa10a88d3b
854 2 38422 18cd88cbd0677a3ad4d3a568dde5514494da422a99978392caff4080b4972e69
855 2 38264 06921bdf515a54dcb46ca6472807aaffe500d7dd6432ab16226fbad886264b6d
856 2 38635 04f68466f1b09014b1ed3cc64366657292932df4df1e874c76c09ebabe1ada4f
857 2 38272 92df818daca7cddc74887f037fd42083d2f1ed1b73e7d742d56b10dc487814f2
858 3 37814 8fab76fc8b51208efb65e9cf4992b61b39b14780771626855eef8d2fd07cab9b
859 2 38272 65224b0a758acd521b4eafe1e8dddb8f23e4dc21d2d757ff9a61c4bc42e5c700
860 2 38272 6fa86830b0fa866ae48132282456874398ff611ca19b2789d15278b4a7b728c2
861 4 38438 bd8e255e1c0219ffddb60502a76307ce6a2a73c49e3af359a916e3567673465c
862 10 39391 98820b1c3887f149adaf7e82d51cfc5cfad0089be7bfade30527666037acdf37
863 6 40405 2f3dabdfd828e557eec6971a0e943ee2cce392f450d38ebe7c8b0e78e721ed34
864 4 2501 d66122bbecfa39cb8f2a831a7238b9e08b5b8fc1ac46956c07b6c1343ad0767f
865 6 3450 39525d21e4f4c76bae031f5996ddfbd90d6d769decab39598cdbc4f8248613dd
866 2 4604 8cb48303f990557aa0c8b5263cbeb9db906ddfa8b2b0ae7cd66a35ec691289f1
867 8 5309 44abed04c9dc057bb403586afadcf8ec1316c3dcdf08417843a39971520edb45
868 8 5498 1a7dfd821981f4000f1717c9d04abbd2591950c935cb88563b735c3eba2c5772
869 7 5545 b315251227d188deff826eabf63710f5ea82182e3d73c07c27ad589aea3a6d60
870 5 6498 8302eb24ef1bda1cfc716176ca4cf3f65b21f560c5011836ee5210645cb2eef6
871 3 6977 de87f46b6a5df3534e0278806361fb0bbacf91bf802b767459c2c35bf47106d9
872 4 7440 554e0f10622dde3c1282931c04f77921a5454a6728c1b603906121f698abe8c0
873 3 7919 56bbd28ac47b306a47e2199cfc37b0af31325e2a40a001260f580f90ff3119a2
874 2 8595 5f1afbeb6e62530139bc70ed6edf4aea76fb88eafb62c01af8d289c5b1c43339
875 2 8758 bc8d9777a389912a8815022a9fa77643b3df5a79508808a67ffb5a4f3fbf6277
876 9 9710 111aaee3206f1282b3455a8cb7cd757dce5eba8de55ed616d11ac74be7e01520
877 7 11531 f1e8d5eb9dd25e2d0e2c7a05f006afc05257f5f6bb9253f08f05bbae6698feaf
878 6 11578 f7170b4109b99114d1b8088442db97ff04c290737512b5c557ba009a96c110b4
879 5 11627 1363a043f2910f287144869e33152ab0b3ef0ecd5df134a648c3da91854458af
880 5 13598 8d46e103f4905f2fee9e1f9214f454b59b394c099b86fcfcf3b0984502dd2b29
881 4 14551 7a12f8525e4557a6a43cb7184dea824d40f8745557baa350449efad267f44639
882 3 15494 383106fef90c965930925ab5ea09e7d86422e72682f266e9e9b03475277609b2
883 2 15772 6a0e8e9c59e88597486c6262f36f6e6ebf4711f9e3f46859d7abe7fd05c71429
884 2 15772 080af38e3c69318735635170c0f35eee697b9ec73231b8704cbf5ab704771bd7
885 2 16687 c10099f435bc7c49b2b4519cbdc28c3fea321cf06b20f86cbf95920a1718d5d7
886 2 16527 edfceac794090cc8c49dae17c093300847fc81f73894ce81f928316fd99cebee
887 10 15899 c862251c8fde7fe070ee68b0cb66ae351a874ec285a4e9986888d9e7e34b12f5
888 6 16378 8f3a725186abf369c03dd8dd4c0104fac84b418421306dafad7c6f81c1de4bbd
889 2 16833 42ff47299c143c4675c7a888bdffc730b33c26ce0e1616b1d7996044238cac45
890 2 17047 6119f47c289cda105202a237bbf63fc3549e1a15bd240bea9d2ff311911cd144
891 2 16833 4f4f52e3f874db6e51dc119091ed5cb459edd82e42384748613fac5515da4e55
892 8 17786 fdfa451e6b4231e3c31266694c685d879d60e247bbcd2a1f7e6c0414329e249f
893 6 17543 5b35c9da26b937e06c6e56b5c7d1eb4a22f0ad5ed49616f2b0e55e4be7f61705
894 4 18108 43cd2772bced8435487e40c5b50e9aa89ac373f1a2d4ba88205f907ab4de7679
895 3 18156 5782630cb0677f0c68dc2b05edfc10d794a0b654facf253bf97bdda7bfec4f5c
896 5 18640 faad4771f8cc56a6fc0b3e36637d4e9a224e5c7194f27010d87bd969dc007333
897 3 18224 96e71fdc065b9dbd2d933050ecfe49918e54e0f21167cb36b53914be469927d4
898 3 18822 49e82733401d792220302428bfa9a13f693eb3e58a4c9365ff27308ed4ff6054
899 3 19858 897e5ac9015fb8167057eb75af3436bbf0c0dc65e1c770664b18f428d52afea2
900 3 19550 cce7aca08374f1bb196164f87379b1c768323555013691ae5832bd9e9783b06e
901 5 20030 96154d64ad02f489df04fa57cd9e1f425f1d2ffd9fcc0869b4f97929a1619873
902 2 20486 aa09294500e6294d9f5108acdf80f2361816ea1b0584c939d70984d48b2f99d6
903 2 20699 b6741746d799876fee8e6b0a4071b75699f2c2f5143bb6aad0c9e7912bae4d0b
904 2 20572 8f580ea9dbeb7156526d59ad3e2691a0a87bf49716398f2bcf8b3db54770ae5d
905 2 21359 f77738e6b5a2d861330d7f02fbd301bc40612b085eabfbb761bfa28e574a95b1
906 2 20570 cf41dacaa2ea7cb8b5fe0f816b2106fa68dba3fe4e622fe605eb7f4bdc2f9172
907 9 20860 bbe81361a2e367156fa36cecb24919c06c4e2f84873711082723bc224f282cd8
908 6 21803 7f0ac03dddc1daa5b45fb5bd1c22846e05d459a4b1fe43969e3ec6005bfb0893
909 2 23106 a38540bde1c816048cf9d720de422fafea022f368628d254e9e90964e0327094
910 2 23031 2bc1aff5f51aaee06ebcb6d85eb73098778306691fc5a777f2cee55c9c421d49
911 2 22958 16ed09ea3aa476a4e00cbc784a11fc6a158754ed199b2539847d6f5fa11da7cb
912 5 22582 71b2c96d6b2e5ea8ee1b8aa01cb8924be8f753ebc0a850f5be4f485f7f449df2
913 4 22629 b71766fec2088879dc4b5c11383829bf9b651b768514547b8d1104ee92865550
914 3 22678 4cf6681bdbc9157def73e309067e9b2ffc729f4e6685583d8692483190cc25e0
915 2 22890 fbc6d3a62e5e5be7aa60c45a460225247d89b2f7208508e2d0fff62ddc261627
916 2 22691 780e767d2a21eaa8d06a35ff8cd22fe961f5f4987b56ad88decf90100b2ba991
917 3 22679 9221e98e48dedf84639392dff5e6be322af16fce7fc5345becb6451343cf44a3
918 3 23633 1f3ede1dac65c95f9dfcf74e5970c74e9d5f38f3a9edec722823ff2bffad0c30
919 2 23681 9c283137b2bcfd80329211efd233d6864678e87e593d91c281583cf85c21db32
920 8 23869 5c1c7d404e5ae07cccc6b29e3ad11959fd1f7ca72b2b381f456d811c0926ff3b
921 2 24230 f2b3e636efed721313eabcf1d63a7bb61b10023a0d66f11e6c9a687d65eb70ca
922 2 24155 e3a1fd128f5b57534faf5d8a5ae8aa2413e89db993e9b4489bf58caa5400c697
923 2 24082 a858b5f1a5877c52b06d3a2017808e305b188b1fe2153ef449e24b5ad787a314
924 4 23955 f5ffacf0db0c3b0d07c8260581c839d99d9ef878e047ce0c1b9452c92181344e
925 4 24533 65f7fed0e4689f9736f1fe49a813cf89f7a50ce8719a8b490611106705250212
926 2 23934 24b2b4e7ae0c6483567bdc51ae9c673d41245ad0a7181dbc4487b1aeac5c34af
927 2 24089 7fd394a28981a8284dc97b8b120cc334214b4750cdd4d8ce1f07342da3f1a16c
928 2 25119 5d281d94e191c383f4022b29bc6f088eb590772b59c825c68ea6545d61e259ce
929 7 24798 cea2fcfdb8660584863910383f56eb7b933813092b672739e136f050b3a443a7
930 6 24810 517491e86e9fb8083ac5da629c2d6b14c9629c801c8947b336c7e9dc91e8085b
931 6 24846 55b3786a27b5f0bce7c0d3e5907619c325ed48c81b0bc47968e2122fd6157d6e
932 5 24895 d7875872e25e38664833f7c3a49c7d69fda473ef4f837eebb74712cc65b2f1c0
933 4 24944 1b3d768ce4fc2518e79b66220e6a74739577d4832a43e840796e26791451ff60
934 8 24946 6bec6948ba70698a49c417a160d2078cb8d059241efb5a45fdf92b676c713645
935 7 24996 d73854f0a5f050edcebfec6c73e17cdc8d061c4c6e629118f18d45159e3f0413
936 3 24965 54e162cf51e85e0bdc791ae67ad880c8c347849c9148002bc54b120c6f992a1f
937 4 25936 0818b342241a484b9accb7dc84dc3f91635c5a9bf9081bb728f0a25b1c04bb5e
938 3 25681 f18555697f3401c1fde93a736cb58c341ab9e6c125855e322cd02cc1ad68693d
939 2 26371 e42dd848841ee9e67c855194f8b226fc58019a0b99eb80c2ed95281dc18bc866
940 2 26370 e1a6c353749e7c6f7ed11efa8ee606ca96a5067a150b13eb3be9dc13c228d434
941 2 26370 35de802ac0de0452f4ba4b8d3eb8a5e5af5ba9eeb22a1c3f3836bad5f3656d3a
942 2 26297 53078517906178c0940e3aab395231f09e530653af3a22151f083d00bc93a471
943 2 26168 c68640e89386ac5446772980c6cf1a03a9530c2c2bb41955439c7f372dfdc4c9
944 3 25989 21c918a511920b90cd3fb07b7b4a4d8f32a5851eaae4057f36abd0b06734089f
945 3 25982 cf33eb381ec6e90625b70f1c5bd7c24e34f04009841c17364bd01f5b0ddb1b98
946 6 26462 a48d2ed1bfb3b64db6d80ee48dc3f3a6b1bc2e8da11c28414452fa0622817019
947 3 27000 510340c7437cdad19e7a295dc7bcc3b1fcee479b18232e73c18b90018bd83190
948 2 27950 da73124a2b3728bceb2dbf096aac5c9b9dc87a6925ceb9e3c85e4e1550da1046
949 6 27676 228984872d8da47abf4ca05f4a55433ed85062a18b215e2a57ddfa192d57b5db
950 5 27726 95c59f363237e890b8fa8cde97c23a66335391d5c3abdb37bb889a5dadad60d2
951 3 28979 40513206fd7e1c11b69596255864e5197d66019b04bf63e1a69f8fadc75aa627
952 3 28671 329655a9cce958230db91b8f464ed31897f8e40f095af6adbca90bc549fe450c
953 2 28720 a3844d6e1e4e35d81a48b5f5f2e976814ab38ac64452bb1ea8b90346db0dde44
954 8 28970 42ba08a16f0f0ad16454e6a2e2fbd4cae12c69f8c92e4ca1e7f76eebc2497558
955 6 32328 c0ea52e3a3e708fb5cd445d631533d6ae309d5136d69cb308b6bcdac4fcf5eaa
956 6 32807 c0658cc100328327e720cf18d4cc86bd8b2c5f575f5c20d0b8ab366b7b17579b
957 2 33258 4a564641950ee94a3f2175a5196dad76deedc06f7a7ad6376f2ad0a8e44c3d2e
958 4 34211 0c810eb796a51cec822a46aff9a4e2ad857d54521018a1d60edab3b22284d629
959 3 34258 0ea37818798025aa6009152b544f6b35b6e30da7cabd6b0833bfe062b94722cf
960 4 2501 956809997d531a583b7f4a1c71424377e63901db7f9e7001f5f7c07f4ca8734e
961 4 3453 27c51bc283dc3351109b5a5defc9dd1240c7db609aa95fe8c020c21874cf77c8
962 3 3500 82409eb357beb2770c98e5503d7696267c4d9219e3a143c45083f5a1fb5b4ae0
963 2 3979 3c1973195525b3b43cbec2865ddf18fa314d688780e400c9327d3b814492605b
964 3 4643 eb99af8da97afe3bcf09861ccb57537f014d64573a3f355eeb4b7bc932533264
965 6 5595 3d377270b56f30c0345b0a8fc7f5f0d799742920c85985c280b71812ac550a4e
966 5 5642 c6f77cddb20a748f9e97b71101f213a4f259936361142b0899f8859ad740a8aa
967 2 6797 b27b54b49e3517fb980be890507234582c18deb25d308805036244727f779134
968 5 6545 b238a49386dd210fc346a4e3e356de46ca0bd33f759d53fe123345e1f98828e0
969 3 7024 5cf9919372d8cafd8fe22668a93b5fa4ec2af7c8f417bb661fee888207edcd8c
970 2 7796 e546e8993e3f707a5eddd388fc585dd7412194a733237d634fc5c836cad69fcb
971 2 7342 62d9c9aa5a11871cc0a67fb12f913d39f7cf43aa46d686bf810ac9b22af78585
972 3 8693 5cafef92c1542656a7a0d9021796c38c1f8bf749d5feaf5ba15d519500ef030e
973 3 8693 85ce4eedbf1ab6dfc2956d7632dd823d9139c6aa3666c74516df887578adb2d1
974 2 9645 9ea461b59b46ab1325a49867faf96defe9ca165a40cac8bcc44896a6c131ed65
975 7 9873 21f3113898780a525321fdf98a8fb4d02327be027c852e80d074bbeb5e308873
976 10 10823 68c6e593e53156d6b6889309a28b36600db6eede45e83b94c6f92a4b7e9fa104
977 3 12073 39bde24c2bbedac9648ed3e0e593db53ad08cb0cb637b08e52ec66387f5daa30
978 6 12794 ef9f6ca8f64e9e66eef01612895b73350ba6bee171853d8e64c93f9beeac5f76
979 5 13438 c9c246953dc2f1a417671b9c0336dde8d157bccec9d7c30acf4ea95ff3fcb285
980 4 12614 862248d050c9f8dc3d86fcca961d10330683bc36bcba7e0984840595df47dbb1
981 2 14584 c0c8f1c3067f42d8cdb735452cd377d0a49096f9a6d39d9751e66cfd3e2971ba
982 2 14584 ae1c0888384cf215862faa778422960514fe255865ff44dcdb81e8fe60ceb0b7
983 9 14744 b30969cf71c1fc3935f9276d2572a4ce74fc746ba9cae63541d6d5719a350307
984 2 18112 625dc7c45ac24a196e58fcdcd7fe89a02aa1e4b4585a44a28fded00c8a756efa
985 5 17928 bfed45cf491537b5909ce2e76cc0320bff77d42d9105aa7148a4f8d7920fa7ae
986 2 18142 ef7cd0ca77e39f5f0728f961db35f743a9fe1207a198bfe1719c835b322e226a
987 3 17940 48106349ca5b70b07456f4506de25de3866d1a69747381e01347a5547247f32d
988 5 17928 f4df8ac828bf7138c71ac453aa40fc1a35f50b3b87d5c810f62e376217960a60
989 4 18407 ffa37ab9fc4628370a60abb5694750fcb4e7311ab35234ec5c37eefda638942e
990 4 19004 b512f1f77d9bc64aa57a581e1be30c99f818b2bce527548673bb51beed976bd8
991 5 19648 ac5c9bfca7939c2a284a9a9a224a756df84897e6ff1326d2b8965a27650ec354
992 2 19655 be889ca99dc05d75f579c3ae92016d555f1d3d56bd4632542c7676d028637aa4
993 2 18990 814057eeec668063580787b45e3f39f84830bc53ce6f562399d49a99d9af0188
994 3 19943 8bd7a9170433e3cc7501337cd5cfebb8bf7f64ab789934303e565deb7270b8cc
995 2 20157 9834b43278842dc45cb476f5427f92fec4ff95a711e4462117cb807e47091b3c
996 3 19955 e3b30ffe554eea5a4f6bd700e02c834cbad80972b7e80ac4ce3ad45c1a0719f7
997 4 20430 f686dfe86a7da12e5707e284c0090aa930637f2564f8d012d6449a2b6423ac59
998 2 20483 b7b6cd4d8aee0bfe56c0fafd0345f91824269e9cd6aa013d9a553a95f07fb8f5
999 10 20997 e954b38116e75813259dad312397cc1da72395f0ecfae7f827d96aaaa104e89c
1000 2 21211 c23449ae0518afc5c8d2ac365d67c17e307b06d16daddf222761ade5bfe647c7
1001 5 21009 0842acc54e7483cc6351d70613383ee828f9102b5880fbe9d35bca48f36d7206
1002 4 21488 8ca48dd2578f0fe31955e0c361740e48f2df724da8ac8ed88898fcc135018ee1
1003 3 21939 acfceff6199d2f47ba669e60cbb18dff8eaabd5e2eeb5fcaa987e48cd9c7f1f9
1004 4 21975 a3eca24f08510695dc541079c074c9b10725c1edcff43016d94951b10cbbd541
1005 2 22788 4c7391c33f8437381add816c4bd81dc0159cfa822423975b0c06d129bf3eb654
1006 2 23741 61635c424d23cde98f55cec327a96976bcd269adcf5ab149529eb3d78a36bf1d
1007 2 23955 848883030a66c56f6d5b96aa713d4197aef11b364d86743f2a4efc9e3848c913
1008 2 23753 e51500929f17cfee7b91505142bd070ee450fe3af574c664be50f8a86ce1b6f8
1009 8 23797 8ef213f9c145e12f6da6b568d3844abed452980ed3c6d53fd2b9568eda41dd96
1010 2 24010 6bf0242eeee2d760dd8d95cecf6738d0dd57bd60ae37da6e462f3f2de69e19b1
1011 4 23881 e95005ac7461085da45f77ff59156bd199d4318ba2a937463b59a02e9eb2ba6a
1012 2 24319 2d5cfb55e92c4aa491d3fb1d74f7b8ba2176bd4bf184c5d30ae7e8470e3782ee
1013 3 24088 5b37559b5e1b830ab9e4663fe80907326475329be5d1397b1e1b4ef40c0301d9
1014 3 23871 5dd2cbbf9b6d6c9e1869e0371dce861527877a603ed8d859f2db292b5b89a8d7
1015 2 24831 6eefcc3e89f585ef007749de018090b4a0702988777c12aaf01fa775131d9e0f
1016 2 24843 9977f7c4e48b27eaebf06f6a0b3103893e013e175a4175c72754d70c219610e6
1017 2 24831 33088a8ce922c2e386410beb1a8605b967a7bea4bdb642d8f209d2134bd9c4be
1018 8 24803 a30b84cd86f42281330b7887207248aa9303e36c0e68dcca5050e3e90d2ef940
1019 2 25141 56cb4823c31baa49b277868705dda982396e9a8c7f85462db6c763037ef0c3bc
1020 5 28154 ee85e20dabdd044173384d5849d1135fb8312e2396b797c04314ed4592238616
1021 4 28201 e0d26fb109fb8dfb5e390889ba76fe27d5255bbfa6dda3373f947d6cf82dd29a
1022 2 28366 1042fb190f4617a5b8ae2bfa50c45eb21bef9a740d47fef2eed2f338eaf44eab
1023 4 28253 a934ea9dccb0d90d36e9f307fac22a7f76ea095821db44030d6ca5fc23b55740
1024 2 28462 f9dc6d1f49b473ff2c594c11ea91faa1be739719216003759b7a17add727b50f
1025 2 28250 7c91cd1ba292f7d2137fd2420147e0ec95dda3ca0cf88b3b35e8107669bd5a4b
1026 2 28387 9780bb8c3bdc534950c20a9079b0eb95b02638009d7f7c76431b10fcbb915869
1027 10 28230 8542f155389accce1adb2ae68fa1d6a37b8423f473a182b5db25241900f7a0ba
1028 10 29183 751cc29619cabad6bc70cc34658cdd1921a2bb322ef52bf6b83fa2851a80051c
1029 5 29308 22125fa92b4199c5d80eaf95ad856441ebb084015534239f3aa9aae003fb5bbe
1030 4 29791 4a6ff100e4bb176641fec86e3f9db7ce921ca143fd3756dbd6bd7e9b5544656d
1031 3 30251 46d26b889752ceb0aebccecf07494c78c0ae545b600f3cb951eabacc78170117
1032 2 30298 130dfdd8f43d383f30d3f9bba6f2ef1212c97a6189c1390d3ffc7470736094ba
1033 6 31018 496e2fb347b0c1f39d02e0147e206adfb9f6c6434df395f6947d7c4059ec0c53
1034 4 31962 d57918e303bde6893be74e22dcd41c132b4cd363b40b5c45bc475e615f07521b
1035 2 32175 1be70b71a83433f67e0fbb1e38a639620826f107be01d13d19f7eab2cdfbd762
1036 2 32211 24674061cc32c5bc2f607299db3540d2fc14ae77b98452bf39a20adc36bf7c86
1037 8 31818 1653af4c31b7161a880577299529a79feebdd63cf4598cbae21f6d7e3b095bfc
1038 7 31866 8ee3eeb9696783b672fdd44fe903571f33b3a806abda2b41521e7768b5e2af59
1039 6 31915 98a800983f778713496c2215fa2ccd23ce57f9b66c4d6c2f96f9183857e77665
1040 2 32275 e57a496dae7abf48f9e591546a32d22725d728b43aea8182e09f268372d95040
1041 2 32274 a79083945121c3e8fa7d6ec1dc7649ca18839a48ec85f059d0fc68c1ff0231f5
1042 2 32200 cc05ae9ed6be142dae0aadf9b57df3ddf3074c7c708115df5cb2ce8ab2a49b91
1043 4 32000 0294cbdf764a2eb7cfb0d9d0b07c3ffbb6c36e615283c56c8611687adf82eb52
1044 3 32047 514cf99695624b065dfd44f477ce30646251271ba40ac6bc92625e7e6642d5c2
1045 3 32291 1591c1b2c375ad8c14ed97e14409329806fa83b38e64ded824c963f16367a56f
1046 5 32770 9f13931b3d14fe593a296169eee9cdc09d986fe0acefd0423b940b1c7e6ba7f5
1047 2 33222 0d2a8e5999120010317943c01b65476ffc4ec5560d0cd18d1aa251ff214c7ad3
1048 2 33234 61fe3e2d1d40719378ca46073cba882bd34acc0fdbb92b79de53732012923a7c
1049 2 33222 ba0df4f46dd9526034ab3631eab5e1a487950fe80663d9859b5f0c6aee8ff935
1050 9 32914 900d5915d69010957b014ab16e20be2fb61f4b2ba986e27edddc820f320a6363
1051 3 33425 01c3fa039a70d2707b759cae5b428445e8d9c2d90209b7cb63b525fdbc9e410c
1052 2 33687 0166a6260b47900b10c31aa1dbf14a7ee0ea8ad97bb87c701f23dc9d283fd0ad
1053 7 32891 ee6d45d9730a5a44f2a70a68ab644b2983cdd378f92549d0eb66985a3a500584
1054 2 33510 b307d387524c927764b0b766ff89267abf915180c5a66a230e302baf3f541a93
1055 3 36613 86fe3fc3aaf89a1c0b54d0057a58c9c07a30853fecefc802abd1c2096837f391
1056 4 2579 a1bb995aa608f0c4c66a27dc069ffb7d493571b9e539987e95330e4f93c12843
1057 6 3531 7d5142a027d8bf2a584d39801e4112da3b6a59fb52f214fbd687bff0fc6c4354
1058 2 4475 d85fd0163b4e3060957637564ed4b252d859af95694bfb2db2689b8784196340
1059 2 4688 7bf7d350595c87994a42bf0251efec21340aa182a78824d820b2024b40073955
1060 2 4559 87b105eccaf04b2f78e55d49b4b2afb2240d6433e21c6ce102845960b32f387f
1061 6 5271 4cd587cdd3e5eebfb2d72de6c706c3b0ca299c0c2bc840ef0fafc1045baa7879
1062 2 5670 3ae4a67d4b9f1f31f0ebd99ed3eb7b0742d294287d389619738523e9857fff0c
1063 2 5670 bbc4c536c4c39527f3bf22623bd07150b5ff2327189d8426a6a940ab636c9625
1064 8 6622 0fbbbf713a4a33699df0b0c106e4ba23ee74ce35d1e1139866398204842d3906
1065 6 8664 9276595f3705c8d4a1e9a490b7db3f157918cdbe72c071c6ce229c72193ccbdb
1066 2 9143 14196ed2bf6c090d69f2a3774d50ac2ffaabc84e0adfaed86416d10a62364ccd
1067 2 9606 eb85fe8fabcdb3b1c41f58012db6542e156ed64f8cfae30cd69b99b253aace8c
1068 2 9606 f95bfbba32c22504bf7e75a60a7ec04490ba3b38e7681159f9136a2b51880977
1069 4 10559 1649f736fa10099d72d8517c56e88c8bbdff2126f3da512631d3ffb032768999
1070 7 12812 d16bec80c9a6c5fc1a149a123879056a52f688b3379c9afcc9366013ac5945b2
1071 3 13291 17f817efd78438b6f22f84f2b89aba273b7d6e6c964af7d18e4567028f6113c6
1072 10 13645 0dfc3ca9f9201946fb133edee7bf0ad962ef750fd1644bea2e27c60d9efe950f
1073 2 14120 91ad38c8ec00eaeba0e115f1498c759305bf527cdfe942571b98785397ac575d
1074 2 14169 9091a49a6cea5125d3cfc04e8f0cb9ac006903d37288837dcecc4ae5f272404a
1075 7 14830 8daf910a84048070f0758f2d1eaad335f54c444a3da4b8c02dbcebaa5e670cfb
1076 2 15984 e5e79eaaf707802991e3f09fcc1fbd8f236246f36c573ed41bdef5fa0f57d3a7
1077 2 15670 0b6fa27f6d64c8d9e240fccd0c0263b5d20b8ff7372262d244a3d0fca62313cb
1078 2 15670 052a7ffcd59116ee7d60df5dae01814f400a6fac2ab0c1c807d62c5ded0380f7
1079 4 16623 ae17316f46699b0437b7afd8630eb055331dbfd4c929100685878855e71604fa
1080 7 16896 3cc16614dc1b432699e0e47684bf0a11b17402f8512d8da3eaade3c1afa4ab8b
1081 6 16943 60f0675812314c5647b091fc15aa1ad042cc18405b6a637f45be40b68adf5679
1082 3 17422 f280234c022f8ca3c47fd79eea3d1932a635c287ca5e2c9ed55029e12b5134dd
1083 3 17031 c9051c67144fb3d694f0eb9f68adc844a3d3f0ae2db0bb2df7a419853b10d26b
1084 3 17710 6306abf88f152885de70de3dd212d99b0c0d18c8395f7daef4c90d92d31e6fe3
1085 2 17760 4db5a3329589944a46d5694b893e2af983923df4fb9b8a42eac3fa0600952c6c
1086 4 18338 658612089b36313cdd5964a43043719f1f924c3c983c2d4d631e6d02d32de9e3
1087 2 18126 2f43075e513ed0bebc684a26c916c398df4f882ab81fc8af911cbddc1c18c674
1088 2 17714 a4dad18be8d689ca772c472256f6d71eb52ee7c0d1d641ffcf39324ba06479b7
1089 2 17726 1927aef6c429f095e54d85355c707666f34f68d8f0409c9ec59caefc232c86a8
1090 2 17714 7d33c16445da345d7040a4eb192abbb6a89a69b749d967b6365b36dab1539ae4
1091 7 17896 b068bd29fe4d09c0630ef504f04f225664087fac37440f8e284a94078e87de1f
1092 3 18375 e9f14830a11569f7bbf23afebd1953cf1df5f17b81fd848b04be2834a71e3ab0
1093 2 18063 f2f7fc527bd443c1db9073d26d5b69440667dd5b7ea6cb1c7ec37e9f23472fd6
1094 2 18263 9508cb2151a445a5c7741c57858b022c35de9304f72b7296ad3396cf45676123
1095 2 18746 a4881c99ac89adbb35f8baa761e1201fdecb144946465954e6ef1c0a641a25d3
1096 2 19096 2eb4b1971575a466ed8aae19886141df2adaac4dbd9bfd00f5235ab7124de1ab
1097 3 18820 49fdc9e982729c42fb6100b710cb89ce4a79ff956a1e40d7a0f3bffef37e9768
1098 7 20987 06d4e156da1908edec46c83d26a19b7aa3fbd8c6010022e21a195beaa55b8dbf
1099 2 22143 1f0b6e38a528db42284cf4441401093bb4721c2a9f8f8757b6756310dedcf632
1100 2 22355 e3764ef7628ea89e6a29c54e7fad9578fc71e9fcdeb2379beab8412cfa756b2e
1101 2 23121 df0f459962e6c6ddf7127b9e383b0022dcf227c258de7d468cb77b8f0b20ee57
1102 6 22938 cc07d215b89a49aa90cc56013d5ff532bb24061735576b7378429269693707e2
1103 3 23417 ed45ffe43e2e3e162d3d449133c2da1b7f0f577705a2308312181b11d68b14c4
1104 2 23392 f6f7be25cb9cbc76b86c5d14245cfd47fd2302e5035aecac2b63d5af6cef972b
1105 3 23952 324f57cb6f682cde73346a51e95528f568ce7aa04ebaacaefffb524e4a6710b1
1106 2 23999 d133262762808b6cddbfa2951759ee0d31b0d93b272068242ed6455dfd0aaec9
1107 9 23968 50cffb3214a5dc96983105f85ec546c9c6191354d9f32801ee01e09896fb8b6b
1108 5 24910 0879a7a5ff8060301488fe1edc5018f3b4f519c81f9c3dc063700903d2db4663
1109 2 25196 79891d05bc45c27730374f6372d2747628161b65cc2c1406d962d6aaf657d066
1110 2 25123 c9b18dd3f7f3b58e1e2259d24f690aa044c4cc026544f0fe3bc6a520b31a9fce
1111 2 24922 70ae95466649bbfee329205c825776625e74bf356d21b5a2a039eedba218cecd
1112 5 24910 f6de95076bec301552b09bdf7998756f98635219b4d9d8b0b5139233a0a19cc3
1113 7 25863 805fb80a76be2fbdf37362aff139e775a8d542c652dae0e9bd9a64e80af96bef
1114 2 26341 5fec8d36e57f1173f1bab81f73b27420f9b324a9bb0a8341d2ae344b5d03eeae
1115 4 27134 4904bdc4730bb46d120c10271257d8da2c14f294b3dcb146ba686dad5985aa9e
1116 3 27181 509ab7583882944de51e8f016bba060b7c0904d9f3a12ae1a7a6963339d46a70
1117 2 28126 990544e5b2fc60e132de429bafa1c66ba7e1a33e774546841f30ff7f43081ea9
1118 2 28339 641cb672e4c725ddbf8783edc066c1f70c1e9288f0d24f7e07c245efb867a5f6
1119 2 28212 cfa0e62113326d99d193f1a925bfc09491e1ba8e8c50df58e35951362990e631
1120 2 28559 a3fc98b888606f7762aa45dbef2ece7b0a2b48a01f44aec2fcedcce3bedacca8
1121 2 28485 e0e8bb9cf392e5a811cc93152b3d16fba083e4bf9492fa00fe0d81b167be621e
1122 2 28485 7b4d2b9811d203e5a7ef4dda287ce48ad138c7a5228bb69b83dcce21e00cdf8c
1123 2 28369 c74ca0467166d7a204b715f48bb275f26141a841e10ae41efaa0253d9ae20569
1124 6 29079 bc606102db4ad147a87d2e5b3769c07c8f7b9d6516d3db6e44c0000346eea903
1125 9 28950 7090ae61402a4757a3219ecb7c1d4c78111aff36629ba86f95e118d06ca903c9
1126 2 29310 86b58e16d9b693f2f32e4ce70bdf2206ee3352a965e47cf235394de0f6823b63
1127 2 29309 3d2fa37973b188c52e2c0503824dc53e42929df56be90062a2c087b8ecf2f233
1128 2 29310 558211a9e3e0a44124e410198c702887528c3b52a1ae8640e0610ac88e06826a
1129 4 29107 9337adbfda49296d520cea0aad4fec27c671d7d0f9d01a6ee1a9b464069c32d3
1130 3 29153 9f77b7b5ed24e3380d042b592ad6ce1b77e6824224028b064f7212af71b78696
1131 7 28996 942f3aac3f26b8ada7057cf4b69da8303abd2103422df56cde48f9ce1f04320e
1132 4 32269 0225898fed4643e1a4e709487e0e0c4c2d0c243d5eebbf414440f548cc71d19a
1133 4 32281 3517ddc80f4e16f757a07783635111ae64fd525760105c99f8b86bc1d9a31742
1134 7 33059 5f03ca2c7785610a62e2d3e8374b418f09e7426febdce38fbdbe1fabad32f59c
1135 9 32010 41672502e7528f5b1a6282f8e16c62740f0edeb14f43e60b4f970db8b263f2b6
1136 2 32520 c6cfe306c34f99095138a422213ef159beacd17ddd568832fb8e7d0898d99340
1137 2 32519 47653d89b4d12886b8f85a68a81e5ed0e6e477a0ae0373c92385360f7041bbe3
1138 2 32445 c45b4e01e069e724bbf8061ac363ff6a90c5e34cc90be46b235dd4f40200efaa
1139 2 32371 85d1c8116c69fc40fe616a517d8b786d2bd831705a48f5a9f3d2c6f7248c4d04
1140 2 32297 91287930ade072b7d49bbd1aa6d9102cf6448f49a817b8b158937039968282bc
1141 4 32094 52d46d0a9df7ef2dfa04221accb601c49e5ca89dffa281b7b53f56639b794bd1
1142 3 32140 8cdee006c113d05ec5e021e918d6cb4391d12800b5fd49eb6a87b5d8726e88ef
1143 7 32057 db4cd2c8d675eb31dc6dcae0bfee6e5f491955384c6a7c114f7f9a47291ba123
1144 6 32105 6208f54f223ced45f7b4c06d719247ad2eab06fdbf5922694d6dc38906eb8f51
1145 5 32154 0b7cd06efa2bb8549b24507970cc8d88596469bca824386b47553fcc4d7c4289
1146 5 32340 b85fe459c883ee85bca51b9e207f19015b13273fc280a2b02c4f0df51c76dc40
1147 4 32354 401c0bd5027fa2ca845278eed09a7bdbd32df8f3a94155cc5b2ad34b9e7b6c01
1148 2 32391 5714aa183b552dc654f95b8d94999726a15755510e120e6b03d247ce7a7858e9
1149 5 33344 c6c6790de416e5d51806b430e117ea350204f4b8211ecdb352ff61199f38f726
1150 7 33819 25b77b4e1f12465657386c8ab79ad3b08c65f881c5bfcaf4c91eadcd76c1f3ad
1151 2 33872 b3f50719913b1ff848ef60d2653780a8da4f4cfda5b3d7622ff600d572164278
1152 2 2502 c073a98772269ff505eaaf639ea194fbfefd34d185a1e8bab5b732de5d4d511b
1153 2 2500 8a93897ea1cf8b6e7715ba28df124691f137a83c43c37beea98795b48b40ff8b
1154 5 3452 96227bb69035e63199bd4bea5251c706b9b700df8d4045be81f30af48574ca30
1155 4 3499 a79a2a3b81b7a83a5831a0b0d13b0e8616931560008bff274b9cbe009ba9be56
1156 2 3978 31ad9a415ac236c7a1d1389e1a7c6bb6fcf24230e93fb5e72a49ddbe65ae9893
1157 2 4441 c09f42ae7a9566635e6dff40de23cb680975530a847e2d34b6f2638c2ac60bea
1158 2 3984 6198e11c42b2173a60316770489bcd61719b62294f8f9020ed3fc306a55e618b
1159 3 4629 b2d2d29e29865a89b9b418b93a0df2f69266aed8f9a531ccc5f4741df61121d7
1160 3 5581 07b9f55c7945e53d6599c84a4dcff319d5c712591960ecad32c8a8479d8b2df8
1161 3 5595 e7306634f32ca4fbd8f4c06cee97fd13b00889c732e4a3814c871ae00ac71369
1162 3 5583 41d5fe87300bfa24862ea5075712cca4a2d5005c8a7d34d39cbe406401f58768
1163 2 6062 5fbf6b70601fdf6e83cfa587aacc6223cc5f8ebd37ba309220bf3a4ef79d9458
1164 2 6528 8f954fe82a68b8e76b7578d04d7d6fb4e4913c1722430ea316f73bca3f7e81e8
1165 2 6528 35f7e9298cef7637490d729e71aec1eb5e1c0327867f223f18af716477aaa356
1166 4 7480 e319cf0e81864c9c709cdb8dfdaae1575055b5a4df3150f4fc3f1bd896be78e7
1167 4 7646 52ff69cd9b33d813b1de14ed123f246d238e6bd58a729ff7d730cf73bbfc0ff5
1168 3 7485 e6cc768c9d75a331765fc6d0b00fd58a3b56803e4ec0d4af4817551376b6874c
1169 2 7964 4d2790bb00934457ae350957cbdca6cc689078118b78885fbd267cf1172f2da4
1170 2 7993 cc4409584790fb5062aade6265bb8c0de4fdf0cd57aa8e4c75368642e55e25fa
1171 4 8674 14736698cb481bf25a8f67db962d42f74c111f2d4101d4c5def09439372f3e52
1172 2 8427 daf6d0b79dfadc3dced3967a390473f511bebf5c11eeae253bdc936122c27994
1173 2 7969 eb1672af80f8d3061d9217933a5f41ecfc3245656000688eef1f65abf2f0d78f
1174 2 8068 fefad84d2948ca4ffdbc540a5b550ae2707a63a0dba49f0508ce11a79f14bd8f
1175 4 8664 e1781f3dbcb2a8816ba7caf2e361cd76d0883edbdd92d1f003a31e3fae729ff2
1176 2 10634 4bb5689784420c6dffef81a78f0c3b6314efa24ef5e99b6802d061b67758930f
1177 4 11587 9e9d84c7978732dc1138ee66a6738e3509f00c8d8be4c021bd46422d30d2ded0
1178 5 12231 ba2cf845aa4d74c3b819b14cebd8aa0f40f2e731e66a623b3d7ad66125afc907
1179 2 11577 0a4eb2b40d79af533dac163847e25dc274295d351da9ed558022f0e54c021672
1180 3 12052 b85d44b4321e26a36e0e3058194111d396652e107cf31c9e760c65b706e92b9f
1181 2 12169 907f30212ae40fa3ba7deb56447fcc70ff34398d9aa247ded7a13c0b89a073e4
1182 2 12668 05082f2a50f4a822a1f6544ad7b5d80395c6643ee1f983f958b67955afd56371
1183 2 12668 2a2c678250d7a60cb1ac0c870df93ddae4e3181991c5b7468d3982dc869ec2f6
1184 3 13620 539c52b95a753e7e0f09e1bf6ce2e90f262e11f0f33f6b97d59e90bae5835f41
1185 2 13690 5d839f24962e857a8f6b7f534085926c686358022b9a05a0ebcea9c06a6344bd
1186 2 13623 b4ba568338c18a1ab6ade09ad2282099addb116139a7b6e57544fe605cd2e649
1187 2 13634 defc9b654df78faf80791da6e0fcf9b55b7c5dd5320b8b52850b4d6938f65177
1188 2 13690 8727b6f53daa45f2b5fd60cc0d942214c8704d8738d636640a086ed5cfbe74d7
1189 2 13623 27908f8d65625d3cdfcabcd0be0f4c20dfe72e78b23573f7b5b1ca8aebb278b2
1190 2 13740 89f5bb208999d72cfe0b90c44582653c102fbc6415cb50aa408d614f5e479a54
1191 3 14693 7e8bf35a810e3ee09f55c1713fe09e4e010a0676cab6ae08a74f1b56c4b24693
1192 4 14740 f9361124715cf5e9e509870290d5fbb7727f0d4875bd3cdad1a887c12b9531a5
1193 3 14790 13d8919a53b7bf8e48f402f360f06f99fed21cd0e4493b3756da0f7b36b426b9
1194 2 14703 d664c940a269b8e338a0043ba31b23952ce84f208f651e6d235faf6c39cb6cd9
1195 3 14842 a01cab6fc6f6854977529e973b53d82519f7ee16f2683c505a044cf6f424821e
1196 2 14840 7d04a4cb1def6452a28e0955bf6ccdb04d1a8f53a8de7a9d51498f0f45f6ef64
1197 3 14726 e31ac4cdf37dce34a6a0e116d38e6a375934240fa17c9d9ec27cb916c49839b5
1198 2 14738 9c9fa4822e90b5f0316fac01b3ede6cb8b86f70db3e66fc45d9c4310f9601530
1199 5 14820 ba852314a022e17dd72d6338b42610a0f97c9f4a6fa6fcba44fb5e78746d39e6
1200 8 15773 27894089e1bf7140c0f27deed4fcddde056075f84fe669faafe2b0c6492461b7
1201 7 15822 0ed514470511638e048d2c561cdebca2ac6184ad4a19cc2143761de3624af6cf
1202 6 15871 e7dc741e4eae56e03123bdbd4beeac76bf5b99b8abcd7e21b667104e30479fa9
1203 2 16346 5984430fc5a4e9c3394d645ae881ada2f0349f630caa2c986f47875cf4c0e497
1204 2 16399 abbf433ff22ad08c9f7935641acf930587766f8ae821f7761cb305a8c6eb658e
1205 4 16697 adc501e8a0ab5ed8ffaca5c2c73a8074d3265b6e8a9afa62867b484a2160c35b
1206 4 16855 b46e8655d24bfaccbf4cf6e7fb247b13611f3b32c7a6a94a6e1c3a81371f8d36
1207 11 17808 4c5e29c630259c5a156c7900d298b962865a0e08d0100ab80f5d7b4ca1dcb27c
1208 2 18415 fd8b059d29e46da7de7d75c85b6dbe85f6403445e41f1ee4c9e0e0528d7cd946
1209 2 18419 2ec4351fa935cf7b84f4978963cbfda593928c38052386c15ffb4f7d5050a566
1210 2 18283 e71693a00ea8627667fa01bae0a094a4227637e37d9507afaef2c49f37e03428
1211 5 18977 acd6581f049f4c4836228e2768f6eee3d8b49ab0438976bb4a7580e1e33858b8
1212 2 20947 870b0dbac5d8ceb209a49ead4514af21ad45c123133a1053b8f918987943f75a
1213 2 20947 990688887a2931118f6b5a56d139bd7e55e0a5a336ea1b3fbf8cbe8812b7309e
1214 2 20987 ad4f191f51cfbffddf296855591a75db79c1ad0287ac8f375b166a237a767268
1215 4 21939 7d6dbf7c1246ffc25004086eb4ea9cc9fbe23744b8905a161241ceee297d151b
1216 6 24137 87d34288f14e6d6d4d25a83f3f5dc12998d6bc614ea9f67c66d8eb2fe5fb8b2c
1217 8 24982 ef6e670acc36007321294aed9435864ab6f0f0c26d502ebc09902e251f9800f5
1218 2 24123 ed83af31a9ea9463fe9028c593ba499eac05b2ae1ba29d21c25e286318f21a8a
1219 5 25076 48b852cbe0f4489cbff511c54699000ebb284bcc1f8697498e40f7e7c328b73a
1220 4 25123 36a512e979b6ff4fd97d44442156bb6fd8917cc310fc08d83b1801a948261f42
1221 4 25598 eeed048b3771dcf30a7fdb63adec2d0644eb59bb33cf3609feb504641aca5661
1222 2 25647 3d11e572a69f43f324e5d3d9421f56964faea9eb1c987b11f828ed48c0a65895
1223 3 25998 cf894bb9f467b1ed73683ebef4c540752c5fa0d28f5cf6626fb8e42ddc869166
1224 2 26943 c61fe9863fe3ddd37470276c7f5ad0c3cf178e45955fb986b0b2b5a8b9fae1d0
1225 2 27230 0e745b3609d994b581bc7a7294fa02ddcaf1d5f09b5bdcf81842a2aef5cd2f8e
1226 2 27230 aeb0a34eebd6f9481b90b28e66e1ee6083b428aa00e842c7ee09b71a8ac73199
1227 2 27030 547678320654f6eedef05c0b408632c8a6db5ec5bf19274ece23eeb29b0d1c00
1228 2 27508 0fe9c9eb0a5108b2e2a75e388c2d9cfa033016d0db4501927f14c30db97db429
1229 2 27028 e28c134ce58c0c912e91f2e3cceddf517ab5b6ffcf6d0413bf6952c2217452c9
1230 5 27671 00e2f7f578d948c315556297abfdfa5c0280782a4bfdb9c64321fa770553ba09
1231 5 28089 5aa0fd913b7ffe411829c494702b81ccd1f5b99c299ce4ff2e7fd04edf242491
1232 7 29141 7fbcf93ac81a2ee9f503cfdab3d98729b38185e8731830a93040c64b88ed94e5
1233 6 29140 7fce214804376f38aa7088f703afdcc0da3b794ea8534b8110420c6750d80db6
1234 2 31066 9fc53f44ca0e19d78979074a2704c8502fc2d8739cf2c7413830d4a9fabe5c4d
1235 2 31281 b018513ac9dd9a09dec12792f1883baf62214b065107867e3e98f89616f32727
1236 2 31066 41ead105f5702893b950eb3e6f9962011552f4cbec74bd958a3230149f77709e
1237 2 31343 6cc877ff53436b04bbc34cea6f06474fd074af4a55a64a32184ff416b433b1b9
1238 5 31147 8e4375927a830423b7ce526b2fd4764ea60bc0c31592393a8c95582f8db6c28a
1239 2 31361 96e3ff4cb199f49d6fe9aebccc2fe2de382557d5fa1f3055c87ddc50d2ab2f35
1240 4 31232 b12804c9ec89c956c4261fba8b6e7c780b8144a9a30ca9445893a028f8340a95
1241 6 31944 100f082f713800b395777acba939f82325cfee0a104a573bdfd10de51d7d671e
1242 2 31218 66b8699d45c9dd925d305abb05aa3de420cd932da0c3619afde9fc831945c8c9
1243 4 30760 03027347d50d06dc60e1632de52b9007f5e7cc8392b68a65f77be298d963e5bf
1244 2 31631 7c1aae7583fe3d6093bf424b5baff65be50c0dfd6d2abac2af2fda8ab8bf8f39
1245 3 31116 d0d782c268f9948eb20d58a85055b0d1fb77a22ae9c728f9f8a92ebda654b7d9
1246 2 32069 3f2ae0fc2369b84a5b603921ad6e82356dbbe83d90f0cbac2155e646ede5ed2e
1247 2 32427 f161180df30795cdcc08c1400587d72870d88e5f58aee12c6453fe7c3d821cbb
1248 4 2502 a48e8549c39097f17c750c3197c7c445b3c0b956d873030f9a5dae354fc588e3
1249 5 3451 cb006d614ca63147249f4d474bca5143bb3b49166fea2a3bfd5af05f9f04611a
1250 2 3930 54f6948214cc4b477dca3b2d8d5c7cef881d3b2ac9f4194d391093497946085b
1251 2 4639 24fac90ed8b396e8b5e20547d048f39a6d27346935e1d0ce57975cdae561502e
1252 9 5591 6576ea44501472937bf472261e417c2d21aa224619b4e2633d4ff57e5fb8ea9a
1253 2 6070 47947d8e0750f3b23becef19bd5a6c864b7199d72d783ea9a64b32261810bb6d
1254 7 6541 348d5d89502d7da196a2b4d7d44584104439856ae8aab58eac37d9d36608f6ba
1255 6 7494 d0bfe937dd72b9ddffa586d7c3157f5068e3a2bd81109569119e5a71f6b82297
1256 2 11431 d89f16b9c2252c61c9090b3ad8cb5f095983c9827f6df806bc00dc3e14de73d4
1257 2 11357 c2a3dbcc7c444ce8d0c437ecdd023c82ec744500ef68ba144ee58a8e78f71d82
1258 9 10746 1ed778b7dc268f155effecf23ea0a094d9b694d68785b125128df6d557710a2c
1259 8 10793 1ee52590d63400d8f776927f9db74c9cc8e3f5d460ec8adb57372665df2b4aec
1260 2 11948 9f796c8d3b9345b4296d2110af68c676e51a18414d6aec110c5b01e2da2d0d5e
1261 8 11604 b3039c4822521d7e8bf3ac065c3e9527c31635fd560fdd14fbc0057f44727e50
1262 7 11651 403a58ff101b65d28350d98c7313c763bbfd4a43562e9de30bff305a3f009d71
1263 6 11700 9fa2326a80a0a1c69377ba4ecd759bffc75e889fd340df1f8f6f4ff9b7aebe05
1264 5 12650 56b048925a81d2f357bccec153cf252148a8d9f221ca539b78b55e07a38afd20
1265 2 13900 4c76b8303809add59aad5cd38427c62eb87003c36cb32cecc2fe501839e1270b
1266 4 14670 db8bb100b4ab8ba31f0da78a72a104e5fec6304278662b65805ac096b2c0af97
1267 2 15920 d4a214eea65168457d798914c84362302095bdc30d11fa566a2d7295dd2b5bc9
1268 4 16641 9108a9b1254a9768c26772c0139734c98cefbbb4bec223bf38f1b624aaa3d513
1269 2 17084 52e304d94670f652f0f15cf023ed2a6d6dbea4cca50463d6ca3a9a6fd782aa7f
1270 2 16922 fe4dce9986335c6437f664a4e645d2c0d427c6dd9e4783111beb5d1139a7c8ac
1271 2 16922 8eff3835e8943dbc103133555095d6f77a11464d146b736c210e2674e04aa09b
1272 2 17783 695f097932b678b9870d2a7b752015fe33ff0da7ba51b1d77abde29d94653e21
1273 9 17105 4405d36d8c2ae31d55bf9cb4ef80f3e2411c6cea5d40595b2eee17fb8c111b97
1274 8 17603 0d29333eca654bae675763bc863a06c99eec98c2393df793ae190c1fc502d4ad
1275 7 17650 6c9f80e25f461454f5bf4e0a1142279d1252638f4adfe9530bdb44ac96fccf4e
1276 6 17699 115a8944ea2f2f3f9526c00b61e61a9623702b701a97fa42a2400bcac3e5123f
1277 3 18209 35f3f133c526f4cecdd53b397f5ff6c4789c8c7987036b78c6244e13c2e6d54b
1278 5 17679 389ba0e47d625b8e00d0937b8cb894723aba652140d0bc5b6a291f861aab023b
1279 4 18632 f99cb840d9bc792eaf6b1d6ccf422ce126b42773fadddc3c9791d17487e8a704
1280 3 19574 4072924024595481a0ed608c5c0efd801a4bf33ad1b89a30a63a39f3065a4c2f
1281 2 19623 06d1b7e887ac03a53c24febc4e3d9043136e5efa32ae1fe9af6e9f09195913d9
1282 2 20108 05ec9575f3e1c708338186048e4411627fb433974181db805fd8b709fee36a62
1283 2 20107 a7bfb27df3affb9eef9788e7a08e8ad02560396707fe50e259a4230d27d15719
1284 2 20107 b831b12004aa5d0929332c1bd7ad350d0d28a5db44e84501e4733adbeeb24d1a
1285 2 20108 d07ee4637c03b0d3754f0edb7e2c02e9dfcc29287dd2ce31302e1fdfff8bcd73
1286 2 21374 9a17928af2aa9815f014672b377a8ce4d3b9db0d857b3434b020f6a88c91a702
1287 9 18962 d947d4318b9a716ce2fd91cda56589614b2c55f961ba9df5ba997ebff98b93ff
1288 2 20119 4b540265f85e1570fcb0f03dcb73466d2a888e65dec151cb14c63dc7a06142f1
1289 7 19572 4b34bde5abd40cdc81e7ee91a9e046c7ea9052427b558dfa16f4c9b5b4f6b858
1290 6 19619 20d14b3723bc663e1903393830979880e2f0de7ee540c4c6060953efc2176150
1291 2 19980 3110cdf4e6a918cc9fa3efe7e5299d4418b700ea76b114b23e105c632e79ec6a
1292 2 19979 ab5a266b491fc5e45532ddf12d8514fecc60046d0b613411653f405e83ddc994
1293 2 19905 0200a54df9de92ea4f38dfd4ea7ec1cd2ba3bfddac6a87c95360b38b503e79a5
1294 4 19705 ce177779074671955382829dac89885e5bd3af53d7063e92e905cf1266660976
1295 2 20623 d944af37563816bd6281595ba3bfd7c70c868e212edacdd1e35d8dc3f9eb51de
1296 2 20623 de28e2a91b5ec995357d47bcfe0b602ae4603f2bae3950a233c7f5d4da719a8a
1297 3 19912 d3fd75f7a9d78cec24d478278ab8e5e9a016d43a42bdf7af9ec94c738eef33e2
1298 5 19657 18c97c1d42edcbea5b2f849104c1839d5f1a47f707712e9707f8dcce00390785
1299 4 19705 5d6e69b20ba3b6f1b477bf66e9c48b9329076929d9e21da3ff570a398a8e622a
1300 3 19754 daed22d8cd8add04181970f725d9a7ff405a228d6f85702a89b314f29fd9712b
1301 2 20697 6007f2aedfed28babd903cc43df3d780d62b1af1a642c114c159a1b1fa6866aa
1302 9 21016 d0cb78358db40ed4050fd1ef3178c6ed802db87a21715d2404c91eff6e1d7536
1303 2 21302 8b09aeb5adf914042d66680808086d277d49db7e17e84217526978d2d1e2caac
1304 2 21302 e28fa945366754a80142ccd26013ca8ecde6fbc908e7e7a4f864d3c412800dab
1305 3 21102 6453ae952c1f199b6b8626fb513df81a4ecd4957c0a5691895b758075f1dae6a
1306 2 21223 ab0144fd414542341e5775cdc4fa0a3e56c416f655b76f6784ef1e8318f00145
1307 2 21222 1f55003e81b62c1779951b7a25c7a3f3f37a2b1fd15efd72d706bcb6107b5723
1308 2 21149 37fa4754aaf5e99459aa22c9f7efbee1821fb04784b297a6a26157784ea9817e
1309 7 20561 b95d6a1a3b1117977f47a8b8fdc1f5a456a0f6eb8302847ea806af15208f4197
1310 2 20847 eb4813e6fd2eaf452951befc3d9b84b6bc717f1b03142cb873d41ee5d9a34133
1311 2 20847 fd06db05fbd673345a168e97062326c5b1edd064e100854e525e2b7ca0f807f7
1312 5 20645 0157415f9b430a4e92952373991aaefefe50e5aa659e4f10162356566d290f8a
1313 2 21575 35800ac1f5ccbd3c22d6df9cb382ff9d971ae0b2ce1e7cb37a318b693da85256
1314 4 20692 5a2b3a77506f79f4dca5848ff1b199f730a272797f4a62cb2abdc8258cb32468
1315 5 20658 ac9ac4c93c13ab6cfc9865816d96897a06d0a7ffdeb66721c5788a286ae5deb7
1316 2 21602 ff376bf42b0d168a6c0279a92a30197ce2ea1a0cf35aa4264876662f55f183a3
1317 10 22106 86d376f887f14052a1465ce745aec7b31e2d799939bc8b870cc8ec761ca61e47
1318 2 23045 351ab230e715cd1cdefd6a7ac19a9019e5f954f30cba1f89fb6973b1a0d90cf0
1319 2 23331 e902c9bd8e851e390e83e176100c73d1f9ac95c9076d35363e88445545fc175c
1320 2 23331 b621f7432d9d023d79fa66bcadc142a3138c4fe50f363b9d91a7d086f5517ce7
1321 2 23127 71c6e3e3f594160d7c2394379aad4b3bf23bcbfa5274c5b2de15403699174c41
1322 2 23127 8f313ee15cf287654bbfae803558156f9b073465d70a378edca48b9acb0565a7
1323 2 23021 3e62064e3c830fab71f1216155aba73452686216a2ad6835ad0e9725b9acf49d
1324 7 22594 f8857c07db9656a8f0a88f3b239315a0f5cbefa5ab01e6838e5f88450c393905
1325 6 23547 176037510ff2cacb3d348b32f08eaed6363183ca2055a93e05c7cd84d270d0ff
1326 5 23594 60111b3d8f8adf63027abc8a51dc7d997dc451bf5f0157d42d83f52907143397
1327 4 23643 853e8845884f12803a3d3644cb726f1db3da9073853113df77b18c7a1cccaceb
1328 3 23692 4acedc4b909b085c40a6caf96e67a92808ef37644eccd9198926556adf854553
1329 2 23741 2e6c59709c3f43050f1089271cfd56bd4ef11d747e57c5401e859cd6a70d81e8
1330 2 24026 9155ad65d1a790deb43f063f8a2baec8895f66f0a3aa3ca0baeb435cf6d8f43d
1331 2 24026 27e8a1f5fcc04c1e560cfc1ff03baaeda4d119b9427f3e7933f6f5518f62613c
1332 2 23899 44c1dc559554ec71251a5dab480fe3386e4d2b3d2803b31956c0a81a31b5a9b4
1333 2 25082 c36c2a84627c7b525f86a4f4c62ea05d509c4ae78af70f9c1aa0f3014dd18b8e
1334 10 25345 ed47d304fd86884375b988473f5425666393f81ad937ef2819cdb833a2f198b4
1335 4 25824 00a6c705711915893d6f9a946975ff9f662647f4076d59864f46bc20f05c6153
1336 2 26287 745f5d17a14415ce48d251554a2fd96d0f8e787f50c11d2a7fb276ae00df6910
1337 2 26287 177f5eea6f8c5e57711b45f473762dc4458fa051b2541e3957ba599734e8ff0d
1338 8 25673 5daac82ecb1c6689886b56af7e77689b4de5c8413de37ff7ee3719c129f64e12
1339 2 25959 dfe4304139bfd414596fc0688c7dc5036a703fa30a1ffcb52380fba7e8893176
1340 2 25959 936a09bf8a9d4aff70fd6c8d2e1a315a51130bed7b7aebcf908891666e1544e0
1341 7 25757 b9752e84ea05aa5ff45e134b1fad40cb934e74d45ff556b638b660e9317f48e2
1342 6 25803 4188908fa8ebaa2532cca23cbd67771c504d07025948af7e46ddf977adc56f90
1343 4 26282 68f0f0cddb5858e1a2579173df1c09b93b54492db46b2ebfec95312574852b93
1344 2 2502 0c0141dbc813f5e91bf082bcbb27d6cc19c5e959d9bb669049f465ca43cc29ed
1345 2 2500 f89a6f3886d5eeadda84e1a0de6d9f6b9920cac173a8cd4d7516bca55a32bd21
1346 2 2578 117f924188ea5065e4bf90c7449bf16bf8028d316dec6ecdac3178a9419b8670
1347 6 3530 55b46355561d1f201ecbad34668cfe9504b8719bbd07a308376a1691a69c6708
1348 3 5684 b1d751e14f92a3763daa48840072c1f293e91bcd115fb8a98c2c331c7b5648a2
1349 5 6636 283f6b63d22fd987c2ffb11ec95503e05c3e3bc2dabf70d8ce7fc2a9c032bdb1
1350 4 6683 bc3c9be2787df0b0617bace1ec92aa5a908857d0b7653303e87d4f79ecc36895
1351 8 7803 c268790cc943fb2f1cebb6e67a1410374ee0880281d2523b8376135cc899ef6a
1352 7 7802 1206984e716b53fa0a66e3cc2a07bd08c6f442cb174c59808410f3e6c121bb2f
1353 6 9710 72221c3dbad702355944534e0852d1cb9b2b0b8a5782e2e7cc8726ab39026981
1354 2 10653 1171742e834725e7bcf38396d925f0331fae42e847df66ccef6dcb88dbbafba6
1355 2 10653 837057f02b43e005ad43cdda7cdb7f4bbf4fa967698e302e55687454c6d02102
1356 5 10739 dbccd0862bb0102b13bf5676d7ecac4dcd67cdfe456d9647101a6a9b55475b21
1357 4 10786 53a7dbd82d84f6f762bbb78518e7e9b3dfb184206558e45fe2fe3cfbb3a7f13f
1358 2 11731 9e0eab14b05e668a3af6cf978a24e194e69b4781603894b62b2663563f920205
1359 2 11944 1ca923b2684cc1df8f6822eb02536b60e08123e08ad602d9e797599dd4ce94fb
1360 2 11745 545edea0133e43a00b89fd84e9b027ac13470c21b8c4f9a71b580b32b66c403b
1361 6 12456 dddd45330cda1a31f27ef510f88c94be9597890c8c1876397a9c4d8a8d75d57d
1362 6 12785 e4f971b4e528b1651cc5a7a0436c4cea63baeb75339b47dd30e59e3f3d09df92
1363 2 12998 e32f519056da71754f86429783de892d538209fbe58eef8a1b02de7a40ae98f6
1364 4 12797 fe21d58dd15ef67320a235b3be714741da976fd7c3ff590dd1dbb420c21d0169
1365 2 12833 1f9d046e61bb1e650d4f1e3825f98e67eb4458df07c1ef0daed7682a5570ef12
1366 4 12767 db1e4898f2517ba876bb36cb8a6174ce7a3f275b29c587bfbddcfc3dedc575a7
1367 3 13246 0bc10deca960ffd70f61c6fcfc33f172e6094203607bf19e472b037f75e8f85e
1368 7 13879 ca5263f7e2cbbe1ee4e85357d54b337f0c3f2dde1eb0416575bee31cd4c5ed87
1369 3 15849 f876d7fdf3e625a6d3c2e0e771959f6b0d7df7c9c6e9553bec4afd04842a7a79
1370 3 15849 47ed4a71cee035429397e0b6f6f536bd05f1dad6c0efe2fb44fedde1b769ba6c
1371 5 16799 d1a9e36d20f63a22ecefca03035f84bfdad6fcc63ef431e22397834cafbb2124
1372 4 16846 1791911294fbcb2c8d85a12d2994e9af38f51f84f9f10c4810c3095a7cb23fb7
1373 3 17325 2284a4ba54181d2454fc8933f740af72e2db45cd0789a6e01ba61ea292e17600
1374 4 17913 77478e8356f9ae4a6b2a95af68116101835a3fe43a002ef7ad0eb722b384d92e
1375 8 19184 e83bbf987fb861913e645546a36bd2f59e6ae1653a36da8e0e2fbc6cf94c8090
1376 7 19183 2fab52d1930bec37772fc99e818a3fffe6ff4f8a92e48b61c3358b553ffbe02e
1377 2 21197 8b09468c0427c34a290854f29da46a6bb8c0fdee416d0ac1d9e74d7b57d53631
1378 2 21499 307c5711243bd78c779fdcfa12352b8e2c24b0a03cede4312944cc397c1c66a1
1379 3 20904 aa3b74ccd31e6c877423b3fc5f47e5808c79f4dbc96cf08eb3eef358f9b5e8fb
1380 4 21857 e26393f13f9db7c6c258b829324defd2e7c343871ce4ee3b335d21828336897d
1381 3 21906 03eecb83bbcbb4013ffe23571a16b6ce9715312880dd11da805d089f1edd8ca2
1382 4 22381 949d4e5713fcc4e7791d42cce88cbf47639b0696a1df3de9547068c8cc31c029
1383 2 22506 1bd17b8ee9838fad6ef37d8e82259660a450ff50307b29dc1b82672ce9a14262
1384 2 22770 28ff9c40c1e240f2c954be34441ea4759ba864546811841cf9c39e70cec6699f
1385 10 22964 5c9e3368942786135e65af3062dc5f0715f51aa013fa6bb2807b975d436271d8
1386 6 23675 9fae4209a09402d0dead37d4b3f2beecd6b3ca79ef0c97c3bd928620c1064a77
1387 5 22950 0ed8d8939411bf4a270db55b224e51ca93d28da6179a334d577e81e84eba2b1e
1388 2 23891 465ac834a036e2dee5a08c5321bb9a683da26bdb36a573739913e0b172cef4fb
1389 3 24841 1deefb5b4c859511cda25d6cc77fe0ad4eaff5da5d4834653c7c298c4e1c3ced
1390 2 24888 ca17bb213985b2878a81e3ecda09e5efd980c170504a3607ef4a2233487b9399
1391 4 25367 68ad86a5189cf29be80210e0af6f77c3d0d19dad954fc9437d5e3647b0adecb4
1392 2 26044 2fb94478084f1cdc57da7874cd6fa5908c332ad9cd02ce0152c05c39dd3fb8b6
1393 2 25942 36b6ebf6c8904717401373d5fa2f6b01fa0f82dcda3a90e071374321789a2b63
1394 3 26895 cb0b2777e56dad490489456847b957ea8d582a2176e60ce261eeb33790226d5b
1395 4 27374 f785e4ad934ced3490e0602249adab686007f2af4aaed9c95f706daa4eaeae13
1396 2 27837 69ae3bf47c3d8f6aaa986eb40bf986bde30a79df933d29d8fab01acb33c5f057
1397 4 27379 9f9fe453734155ed20c2c89fe26fa113d8d64383a62a4672b15b32f4a72a3366
1398 2 29253 3da8fb20d671463d435f9a2d6d20bbddacbc99cf807f17b8180e745bb3183cf8
1399 10 29124 56ba77f24eaaa61a10a8d560e7727d0bf1d12735a679cc6611a75b54ec8ed5ce
1400 9 29171 ab7756a935e6de5251571a61cbace1534b5c82c2efc58ebf522d64e845ae8ea5
1401 5 32532 3a43cb57c8e39c9398d92706340beb91ec552bd305021cdb5b6e56b845df22aa
1402 2 32546 882549948ccdb6dcdbbbd1df68f334e290e0d26a2b7efeb2f71bcea1bde967c2
1403 2 32582 a6611a3f12ba4e409dc330bf83de42f12985e01867d41c459a11371b7137f900
1404 4 33535 80e00674bc3e8873f1f5b6d7bebbc8a6b6c10d0e74d6416fdfddf29f2468f671
1405 3 33584 b18bf22d009332c81d8eca93c808d485fd61442732c3fe2b4969f5d50175a992
1406 2 33460 508ed18514c6d8fa731991ed1e284f2c9a6ae3846d47d4e3859d7914de2ea55a
1407 10 33145 5573c4a8ca3abb089ece79657e789f32d4656e7cc7d751505e04c4bd70cfa350
1408 6 36794 c81047a339de890d684d14584b37f056b723549cd407a761dfa9a0aa524ac271
1409 2 41106 d118c168ff05476546a457dd93d628e420384b64d2378695a1ece98b70692993
1410 2 41032 74cc6e818e0b91e17806c8df6a691837590ea3310038dbe68bea1f9adbea554f
1411 2 40957 a66b326390761c47f05e55e1cd445ccf219461344c8c5ea51fbb9e74905338be
1412 2 40882 734a460bc1bd4d7aa698e4ffd9e53292ed2d8dc442eba3a211a52cde73c024d6
1413 2 40882 d081849b0690b3a5e4dfd5d365b012eebd1b900837223716284c0a316f06a19a
1414 2 41483 c6ef307e085591e93df40e231d9e795ea83632f8ab204dde9208cf48cd5c44ab
1415 8 37982 ddfce7d8709f48ab4fb63fc71b13fe466b784177d68bb3153c01d5deaeed09f0
1416 4 41853 b96058ef7627fdc1b7f64e3d515a8738681adbc5c369162063a82843ca545797
1417 3 41900 35c3e008378e26de6cdf78a78aaea1784fddb84d4bb308dfd78e680427db5c7d
1418 2 42486 5c04c44dd6683afbf86ebb2569321120f15eaf3e600a86b10f81927ff5ec8401
1419 2 42412 95f911c488b9dbe996fbf0c122e2edae8399c7cf169a2d11b6a42eefdf3eb24b
1420 2 42337 1dcd3dd7fff2bb76d144497f36039a4c0f1d21f2d719faf37e6c621cce1ab47c
1421 2 42262 6ba7ab81ddd88bef658f08d9243e7bd7c40bd03399e25dc01d8341040a2ac8a7
1422 2 42261 a67c84be17e4aa14e5f3478acdef3a0ef1f2b4a4d9cc08ee5bc1902854ada17e
1423 2 42262 7664ba9f0de0414f581a2f3427fd007577650d23e2b240999fbc8b271b89a1c7
1424 2 42134 39820b6b92b250f11134357710bc3d598df93250ace8755fa8b516f251489aa0
1425 2 41438 b952444a5436c37f59089e216a7948a82b14502aa876e90c428f46a7eb54f3b6
1426 3 42390 e47578bfdfb9fac6cdf6e106107560b4025e8878f184ebcef533912f0cb8c895
1427 2 42438 7afd9489febfbf8bd7e23bf8501285f15f9a9fb7f22f34b9243faad01ed8353e
1428 8 44158 daeb086b26b773a1e777e87d1fb74f7d9eaac0e2447880a8f91c577dce251d37
1429 7 44205 bd7fd8b733f67df444cba5f622dd9de610d30fe76cba3d2d2ad8c5bd2ad3fddb
1430 6 47564 c25cdd121b507d12b6c8e1c9e15fed01a056e015e86b411a470f789d1aa495bd
1431 5 47613 7b0ed549429f6847d89b981a437afd695621683ff4a56c491414ec36a7e037a1
1432 2 48199 1562515f1ce7874c07ec98789c1f93787daf12f834175f2ec4786f33119e684e
1433 2 48198 f22a7b2986657b31bba6e635b4eec5e5f34b8c7862241d84b533fbb039988d4e
1434 2 48198 9672842464548a7545f28386b8a84f29d7c60993b9a8af749b88c34cbecf542e
1435 2 48198 c60082809ea44e77710f2bcf4aa7ec29607bd76cb9ba78e7ebba53c178b27fac
1436 2 48198 2bea72994080964f95fd45d96fa89cff672ab82f5d8497de0a24359f8b23bb6b
1437 2 48124 7e91dfad6dd1863886e46646f59634a1dde1858f540a17f549a373ef18353c2c
1438 2 47994 0212c6937777cc02d4044746048a6d32d234ef240b5cfb1982168c3c62febade
1439 2 49503 8d94e2c74ab42e95c95987af088331c429c6fb80f12ef3a9b670f64f24bb51e2
1440 3 2580 2115112316a37741daeccb5e907ff6c89390b987606d2602b8af48ca7cca9760
1441 5 3532 c7300e61ee37eaa683aae5f230da53a1a6546d155119a8529a3476e55f019d43
1442 4 3544 3ff0fe76019fe220741ade936985dd3454365691ab0c83109282e75e133c6423
1443 2 4023 5266cd686bb0dc62c8742784763de56b91b0afa0657b350abd288fec917e08e9
1444 2 4485 a301ec3583ad0ad5623bc7715653d2c8564cbae150ceeee59546b79ccfab1498
1445 2 4473 eb50d127dc2dd0d9673066377186013f1db3ae0a9cccefa0631efa78b15421b8
1446 2 4479 d033aab734317bf9c546cba44c3e3b558353ed9628476e74242b824d81fb9644
1447 2 4022 93952ac2951658794e0e3c955308a6c230357ec2553f4c4c600ac464bea9850b
1448 8 5298 aedd74a242953f51b1d93fe4edaeeda02f059c09e9a54c5ca9bb69c3585d619d
1449 2 5561 8158872c5de329843b4ea75d43c0b0085821da54a44a31af8ca24298ef27c1b6
1450 5 6513 d7e9477bb805361eb3c21fc63b348753b8e9e3c7932ce4b842c07828eb3ce3fb
1451 2 8756 e13dbfa62369cf07018cde6df023893c4277f3332633804aa85c07afe5ca0e34
1452 2 8756 4e0d17727a139cae19c1ff388f825071ca2ae226f680b0d956c082f96a88a099
1453 8 9423 97e109e47a2f6bb9212c78307f756ccba088ce4e48ef10d038557c6f4391745d
1454 6 9594 a3da804b584417246849edd02aa26f771ccc79e9339859e3b8bd5d9c9d2b8b38
1455 6 10307 a92660072fb9158b8200496bd2e6f68e9bdd72de47da7f1d80fb7beb55291e13
1456 2 9796 1a680993c360ad2a7d385cc6e5abdad70230987108206dba670d4b0f86b61bb6
1457 2 9760 cd8aacde78f0d3e5e39aeb1c597e9daa9b4d53d453966bd4a7065b6a53ce52b9
1458 6 10712 ad29aa57af1fdc76d08c729c052717ca075b3ede2915cdb50c3d376bb693ab54
1459 3 11191 088b596a130fe70e9327cf8a7413b574c59411991d8c1b5bccb88899e2b7e3c3
1460 5 11727 7fdb99e2c9f6e371e4b0dd1491cf1c07277b8b7782d60006fc7362d488a60271
1461 3 12206 4cedd7a4961de4701eff8709674031e54f07da0dfd28979de566bf42007891c8
1462 2 12669 660b74874840181fb5ceb01f5714af6a777b38fcec56e878d9f3c3bb73eda34b
1463 3 12211 5c75faff1e3d863b42a38767f422c11ad5cbc3fb6651b9e4f3d7a53b67843e45
1464 2 12868 51d416dd2305a09b3ea395a6885caabd8d8733fb653593135ea84b9a956fc306
1465 6 12751 9192876343aca7f116da1e320177d6d8e5fe24e463a4126bcdcd846a5ce388d7
1466 2 14874 7874b1e5ad897c4e70c91c28452a560d38d4625832755f6547cae5e64b48d815
1467 5 14731 441539b3e7ca4ee9e0cefefcab8b0fe2c6b34b9471f1a1fce115a7413762a53f
1468 2 16054 0860bbd7d544f42ac3a5102c4801571323af4837c4d8dfc402ef5841746516b8
1469 2 16203 0f606b4c131f1cc05407c2ffb6f26c49edaac249799681249b5db7960fe67412
1470 9 15743 ac79e4ae5137e5715150a9286767935753dcb21fe832037b67cdff745faf1356
1471 3 16684 c0fdb87684e0556491ce4679ee55c834c418613f0af0bb190fddd9690ecce195
1472 2 16897 40e0bdd1075632c8c5025faedc5673286d156eda07628fbc6bf4798248f7c922
1473 2 16696 504562ca4f22e743238d3553e242076383d7fa66438ca0479dfd60afb2d2a7c2
1474 3 16684 1a448b9159ec2f4e17884246765a83fdcb9b54c54bfbbc3452cbfa4144640e9a
1475 2 16731 649e998cfaa86234f0a36f817f4ceb605757894f077035d3e37a24abab4a1a84
1476 8 17603 baf98480ccd504be829c00a6e511dab75ddfe7c5b59c7332050c06f4a7a44097
1477 9 17795 9c2e613828af30561d603cc06a37ff46d6b01776e4511c1cef214945046245cd
1478 8 17843 7d73146109be47c12453b23bf30c6364731478370540649e7409505fc027f2e4
1479 6 18787 269ce400937c0c1838cb2d0bc569bb863375ada6d1a5459f59229040602b629a
1480 2 20909 45cdf2f746ce45ade3c5d2edcb0e5bd1d85d146d55008ad7ebbd09f66b12c11c
1481 2 21122 659a0538b44fc7c15357535ac6d32e3d79b4d37e66cc81e9098fd6ec71c3a011
1482 2 20911 b5489af156cf0c46255426d2502f993289aec2e76e672bac18b954d6383a03fa
1483 8 21721 a7e5548d817fcc1127962af298b7ed6ae08e7a4ae01a4ed33c4f184611ee0c63
1484 8 21823 ab62d737cd6161baf49880e520f5552e9dfeed02543e2c0a6fb7525e3743f99a
1485 2 25981 495269a08202d47fd7ee8c1a8027bd69d5639bc99cb052bc296dcbf3c81eaf27
1486 2 25980 c0794c10ee2f05d2bc087dc35ad7c126f5ffe3da4259ecf5997df2889b13ada7
1487 2 25906 8ffeb8573998bdae5ef2bd05d487ec3a9a2eaeb3533789c12edf9f5d86a01d1f
1488 2 25832 bf6f92d9f3467fb3d24423efcbadd0a225a432b1e4aa45f39e4b92538f05e673
1489 8 25838 2398124e11c271d9a508319a25770cdee0e576584c4f267c79c92bc769de1a1d
1490 8 25925 f68198e7e4bf616d3509e5d33591a173746f19edef3579b12a5b3a9088567ecd
1491 2 29287 1ea4e6db85011655c3a333b2c1129ca1c9cc32a05f815039a9e9a0fd9e68cd0e
1492 4 29103 5225d603719407dd14555d11b0d708d56cb47852a14a145d7d71467fd3d79903
1493 6 29582 7ad25352e090100a5749ff97feb8f6e9447c15d30a412770ae67ee69c028fecb
1494 2 30481 8e474acd694650dc24ce458f2eaae316fc50b7c275aa3238705447e776d5cfac
1495 2 30480 fca38b0dd2be01a1f5f7ca33cf2660b9348f2ef53c4116c259630ecc07318c95
1496 2 30480 51824f0c401918ddf921f09a0b02416d9ace55e1ce2b32d5c273c27e749bb4a9
1497 2 30406 aba4b6d7993b2f128003b771f258e1c58d626d1146a78e8cc4e9440598e1f1e2
1498 2 30517 4d4701d451cdbd2d47370df864e7a4135cfb85422c8fa812bc44bd8020240409
1499 2 30517 03cc460517827eb2bd634ce062956391aa2ee2fc3e0a78473dcc2b2fbfb24a7b
1500 4 31469 38d3085108e9b7d2cc2d9623e582e540acd4c9f414543412ffd4843928589cc2
1501 2 32413 d03c41c77bd9ff69250fdfd5901fbeaa53fa9b43790ab1cb826b9b09333386cc
1502 6 33125 0c7ee9125aaad02fff63460f228a392e190bf35c390f3e44bd76902526fea74d
1503 11 33220 5d6d089f72542b2fbe22567dd75b6bbbd6f65bbcdd452a647895f6c56cce8bde
1504 4 37090 7fc38b90b0aefc19dc9287f27d7dde378ebe290ee20685085dca62be13857b77
1505 2 38692 7563dcc4fb63bd373e476dbbfbc3317c74337be06b7068aeca1193f31ddd68fe
1506 2 38691 1d8a9d3c984de95af0751187a4e4b6ba4fb6c4f3c1de4515bd2534019ec801e9
1507 2 38617 b0bb016a0b65e5666aea73297cc16af45d6a8aca7df2ded2a7f80379b34f9a45
1508 2 38542 4a3d653b75b96463bf19b717f0c9d21e573cef568f30a44ebf93c61ab79a1cdb
1509 2 38467 5fe27db4f7991f2365d37c83381e7033e2af833428c3a2d643b70038b38a4e8b
1510 2 38392 60e0170e68eb182c1da1b1aeb69c7be57ecb2d77bc354f490d7b213f269238d0
1511 2 38393 8479af6c229c1f8d5689533d5be0cf8b8393636abfb391370cb6e2f347ba189c
1512 3 37424 8dc03b2e08e9c4d31a946375e980f28b40ba41b19671ae1406f3af88ca114156
1513 2 37471 383debda1a334d89c13e1b92750d74aa321d3ae638353fd7d11e9dd9759dad97
1514 9 37046 9a54d54a61cd80c6158ab451cf0d4af14de27a783c3adf59b9e39cfedcf3fa31
1515 3 41065 9c72f182d5609bb9e6e02b8ada4589e147460b09247b49885e32985a25c58e0e
1516 2 41875 faec8f9ac810c8cba0e61115d9dd92c65d90c1f401b159116bef3dd8f6ee9cdf
1517 2 41874 ab786eae3c70bab2b9bb42a6df35131c8095c0e5e33d5bd07f1c46060385c905
1518 2 41874 dbcb248cf2ad215de9e4e4f027e296191a2a040e8f4cc357e8b6cc82e9c27a2d
1519 2 41799 3aef5c1eccaa004f97f63b5090144689f3840a0735b1bd8028b45025c06a7365
1520 2 41799 8a6a68050a88cd140ec74c6eeb72ce6463e40ad49ac77a14aab79da6de68036e
1521 2 41799 29dd5ad2256342d0983c162a42dab13b7e15d9fc45d446e7c9d5bffabcb53441
1522 2 41799 6ea81ed74f7754e8d43f3ea203fc1cdfa9a920c4fab3d352288085f6d18dca67
1523 2 41725 69d26bd20fb83a822b21eb942044d233942c94b7ee28c4bfe91ef274a9584b8d
1524 2 41651 7e04bfbae26bcdca96535fcf2023032aee8f498a3165660afd44921b215da9ff
1525 2 41518 393a2fe667c0840e5922c8573e4b07ed5bb99a7a217572fe443ae78737950647
1526 3 2502 bf1a7e8eb544732b8e74eea4b91bc895b73a786d140c388b8cb94a0e7178137a
1527 3 2500 b3607781fbaa4fe74c48b0ff3653338128ac71eed41cd24cf54646773f512647
1528 4 2578 118c823d9ba3edc025c20e4ce25264388e0c51a94cf1ee343b9e0dad9cfd1045
1529 4 3530 1c11c7972a176487cdb08496ad69744088225a39331bb9091fce22177a4aca33
1530 3 3542 831b0e4161a86a449440da4b3d0b27f9fa176ffe133c4eed8d1d641eec55d20c
1531 3 3617 9691a393d66fbe3a2a5b10d6b678db9c8252118ca5771e9933ea979dc2af98b1
1532 5 4569 bb196b5ac7678495e302d660546891c3afdf9df6ab7fdf18fca53fa91ff72fa1
1533 3 4581 d0e67f3ec4050d35861211bb61329d8051d5902884ba639eae70146635fa443d
1534 2 5060 fe4b3e2c23bfd2b822dfb4065c14184423f73cb0339c0cb26b8c9ffaae8be7b3
1535 2 5523 e2981353324fb24a47718504e39e96db568a5bbb83e65fe4fdc97b0e29626368
1536 2 5066 2145774e7ba007615613bc46ef536234da478fa5634621578b656667be4573d4
1537 7 5666 18cdfea94d8f2193f34294782c79be8ac147ebba9bb578be73fb53484621a884
1538 6 5713 639596e93971d5c4e7c5591ab0ca3fa4254ac58f0fa53fe2ae3f68c0439c811e
1539 4 5714 74bfab743d7b6e895f6a79150bcbdcc06d51ea5ad357bfe1f90f20441d4bd45d
1540 8 6382 f62652191053e72f4ccbc813934b774c6ee91aa691c7b34009e63de5fcfb55e3
1541 2 6606 92f53b8a52447643da2bf0307652a5a7a4505ad579707a37322efffdfa032063
1542 4 7558 5a99ae4ef08511f5b43ef85bf8bed7ebd5eab3124b1a52911c7ce7c0a9c689fb
1543 6 9789 186160576c634c443db93e8e37b356d7d2c1bb3dc7ac4e6f7d9b308bc01d7fa3
1544 2 9801 b48411e7c884b8f15aeaeb85b47613ab193ef51c416cacff5a257c008a1b3806
1545 6 9789 3f6728bb07ee0eee0d5d3671183eaabb469f85001168e3666b6b237215789219
1546 5 10742 c3826b01e25255f44e9cf225f2518a9efbb8c15a144a89439b122817878856ab
1547 6 11755 6d4ac15499d727447114b310abeab41f607c7288ace57581aeb8e6ae7b4509a0
1548 4 12719 0529edebec635d7d2f184704a4361a9196000d82036003f7f08d123f9bb2f1bd
1549 3 12766 1cacf2d9984104fdb723b8e9880e35c5ab79908be1f22ad36a9cceb085a7d8c0
1550 6 13477 72ef44a1a98cf299ddacf298f29ae084426bbbd315114949ab8581d364485ffa
1551 2 12967 8baab904e5b05aa34086deeeae339c0f94b5eaf49b0fbd79488789eabc24aba0
1552 8 12866 055aaad23057ce102de4f83deaf12ac1dc360691766338857c3f6381be6deb00
1553 3 12878 224e86fce1a7e467e4f81f642136315ce5e070a93eb7cf2f077928ce573d3734
1554 6 12914 c14eeffab5f5772b35eb89892670d99abfa4fd969488dc6e5a78985d45d282aa
1555 5 13867 4cceb52a83e7ee0929a383766541e52ea0178fb27641b13cdd1ab9427fce76c8
1556 4 13916 28b4e5b7991e9177284a17816cc9329456dd8c0df02892b1aa5f2d3811ef021e
1557 6 14930 df923ccef2e8805f5b2c4b0d5afaca046ffa2113fbf7d1dbb910ffabeb795abc
1558 3 15874 9afc609d2bd3d4a0c611f574cabcf71c9eb5b248875cdb422915758f01355ae6
1559 2 16088 281f0a123f94bc96f1a52054e463a748d0d96c94b86b0ed3029bfde0d1b29186
1560 2 15887 df6c5cb398a2a40dda34113d0605f0dc1da42157e9269a978767f6a6d752a656
1561 3 15875 a1ae1ec3bbfd818fd1c16f8fcd8516970ea3eb86dc604949bfc86f86ca13afa8
1562 12 15934 36ae7e6a80e606d1cc5894b6de9e91f5133a82fd2e53f96079b3212fe92e50cc
1563 2 16184 77c3873258050f5c6101e4859be08c8dd7479b64d427ad2a7cc6e45287fb0d2a
1564 5 16922 1b735e84cda25d4366e832c422f56f35c74c1659ab780f6691a3a4bbc67b0c8c
1565 3 17875 85303fad7b5a052940c9d1174cd1f124ca2fe45ff65be613193511de64695f05
1566 2 17924 fc89a0a9c2bf35f2be8c2b40ea47e9a56737e76b2cbda60cf106a947701274bd
1567 3 18027 cd75b2e05d2fef43e06b4f93165ab2e1d46b93a9f322462228aff102a06e1bdc
1568 2 18075 9e8772b5770531f0dcce1b12b522a7c5c8ac6eefeaf68dc0f39db5a91fa2861b
1569 9 19261 ebb4c0c70bca06d57058f6310233c739578845e09cfea03262e4a92d6a4f7b26
1570 8 19260 7255a4eef2f89e09827724b90363029bcc8f470984a9efe4cad0a32842997d3d
1571 2 21059 df1ccf70e0a171c2b24f8a49bd6356734b502b8f51a13ce3027f3349eddf2d4f
1572 2 21274 5b1da3f9c9b6e11a6d21c6e7b2d9e035188ae1aaaf0dedb1eb7062880e442077
1573 2 21147 f2158c0a6a4815bd6d09805bbd53d383d23c275239b7175eecd447be8321a379
1574 2 21498 c2ee4be4bb6cea7d90b7600ca36dfd11bcc0099300f3b5fd62b41fa968b166e8
1575 2 21145 39aabb0928d99a0979874727b1638836164eb213a3e71d030584adf52f906586
1576 2 21061 6277b71f3ba26232e56bc418188c10de50937d83a6950e58176548363476a7d4
1577 12 21003 7234edd86db89a8f68770bde8a4abc837b615a9c5040ac66593d494371a65a06
1578 10 21956 89fabf8a511407d87335cfb29055026cc321a9ae3ed3d371ee6a08fc64eaf0f3
1579 2 22364 9038ae42f45c94d3514b128ac1885f68d5a157fc73fc8fda653504a4e7ea1c3e
1580 4 21911 8a588a3812b9ef8ae3d2257084a1555259f8f25641f6e41280af494b691f3b6e
1581 5 21636 6312fe816bb6705cafbbb5dbca32a8a3cbe6334491addeb134daa7b964485b84
1582 4 21684 141d40e2c72eebcf43b236795763e73f9873fc32182690e0dbe322eec22c835d
1583 4 22194 6a22bd73978aaa0eaebe040d83770d4abec282b252bc9a1979af49af3563e2dd
1584 3 22243 a8ce5994fe9ab51382b7835f6efc2c0d374bfb0f0a0c3ef75754f93a5ec47541
1585 3 23275 da08f6c6b633cd192577a9327a112e92b17f7c5406b6dbdaa855e63d194ed502
1586 2 23325 da72424652f4da794f1b8710d1b771d47e1c240bd62db40a5e1a31bfa7ef2d6d
1587 6 24046 f595b2840e95e31b9af72c2303d2769d999ea0b002dfacaebca8264bc46d8533
1588 2 24259 fa61921575a8fe265766e1471eedd306174b256d9a01ee4409fdcd60eac541fa
1589 3 24060 c235784d11b5ca05a5005fb337a84bf0bb9779b2644d1fece95e636c356ee24a
1590 4 24048 8226dabed670679f527d8e5b1b87a9e32c3fc4f368807ff648d52d4ccea682e5
1591 5 24693 ebeca52575d6c920dfc668234b65bea5a2ebbe9b41d1bf511ced270f7d21bddd
1592 8 24836 fac242d3b784fdde4b84d9ac062304de0b8926cef50c7b009295dde2c48fd9bc
1593 13 25010 2b6dbe37e99ae3dc66ade85534f71fb824ca3b45d67867c73d3e645db3a801f8
1594 12 25057 676a68d0031de62d8ecfe5647a367ecedfcf6f7717bab22f7fefbe3664b12074
1595 11 25106 0d9727d2b9eb3b250e3a8eb6f7df62bb3a72eff7d395f1a0c3070a8ce9464e15
1596 11 26059 816dfe25016bb310bda6f4ac1699efb249960bfb44c5736a541e26a586306c51
1597 9 27002 001ed7249c38aabf9fdf37fd75b0677e7186f0cfea743925529216abef218500
1598 2 26589 45146ef310941d3a41737f5ec1359dea583366e80ee6e14b1f07aa57c3cfa8ee
1599 2 26587 5c8fa116cd0345e18d11de6becd9789e67622018d94a2ae00d520cad62535224
1600 5 27065 5541a71f7cbdac540d9f6332a4aece99a1d9f96a387fa66af066852ac0927fd3
1601 6 27181 40a527b434adef41b651f9e4bb9c9670e85d63456dfede6659ffbcb72f433a15
1602 5 27254 116436109935884263fae9e4c5dd92e0d57a6f0ef6e047ca62c33f1be4014026
1603 2 27358 c83739f4058202c438ab2c1441248210f007481850a2be9d2072bb900ed57afc
1604 5 27894 88d7a376c054beb2b1fd0cfa128dc139c0c3a3ab953938fd1bc6cf1976ac5008
1605 4 27893 be94862ac4b4468da357e1a0a55fe4c4945c345e408a739fcb4a83564fdac2be
1606 2 30234 8a7007e5f49a95e6136a0f7a2ee5f32ec8213081784af3da8a040563b1eb57a7
1607 2 30234 8528276878218f9a4db080e6ebdbf5eb962135923519b4a5a73029b9e1a11e75
1608 8 30979 ef7769b03e200e87f0b9f7638dec72abaea2c9b1f2fd8858bca9c7cd12bf696f
1609 10 30960 098d15861592dbcee08502aa4bbbc61b5bdd09f37bd58054ddb81cf633cbab51
1610 5 31904 a30d4cdc9b683ed5cfb2dd5e1314705befa5faefb4c540bc4ff0c995b2a1f8e4
1611 4 32848 e62815ed3d43d0db11521f5b08d3aadd28edb1f305370cb47c9dba9bcb354af6
1612 2 33209 e0ffbb2934e63b3ccdd186e0fbefe5e2ae303133881472834fe8c0d06ae674e2
1613 2 33135 bf03659bfb0ceba40aa9183f3667f462c605a64e8a49c37bc2e95e9ceb5b72ad
1614 2 33061 fa29beb8788de8fe263bb6ca2ff1798a25ca42cc7eaff513b91040083bb6eb6b
1615 3 32932 c8e1b352117d770894ee0c9fec7dac37999faef5d1def06b7ac190f07436284c
1616 2 33374 a900150bf97f0fd8848d675c36d50dcf73d5033313d77f97c0c4cd5bba22897c
1617 3 33867 eef64b4dc0e0f7cb937dd0d7fb66dacc915e9d0833cfe0b17b7ee4895a2d0ceb
1618 4 34342 86a3d889d9cd838aa3a4096804f23f57ae2291bae4bb882f76b8b51d882ef4e0
1619 4 34458 a2be4f35a9bca1777347f9e3d8b5b5c80086b647e518a56ebfb2593b3d16cd43
1620 3 34531 7eebfa23f3d9e8d7feb66df5909fe12dd9dd59f441a24ba3b6c65753fbe6cc54
1621 2 35409 ed3c963415b71d553c07a469e670e8ae241a7ee6dfc29ff632c85268271fd07b
1622 3 2501 cb19ec49984cccfed8f133a517795c502201156d8cc889a088fb9cf55ba697a6
1623 5 3453 af6abe2f76a55fd4d01dce2ae1c0f876521b3b16dcd18e2ace3cfc9827b35134
1624 2 3932 681b161591028b3f7753dc0cad770c7150582a07bb944ecb820293eab0aad09d
1625 3 4643 9fa409c3b31763334637cd3f9e089e354c46c7844f03b824e4d5341aca2e3150
1626 3 4643 a84fb1ebf636d0f612c3c353fd63065419711b89fbaa4058d197a06b553d0d52
1627 8 5311 2c87e6d6856377d3f2ac994f10e30f81aaf1409f7d3885b72a69149286c4bacb
1628 6 5505 c648d1a5801785e414086c5e738c96c634e48ef192e8906499097b5a5f18115d
1629 2 5517 000c1fecd935463c6eadcf6fedb46b7a1eb09f045b86b6b95fa299def5638674
1630 6 5505 0f0e01e8a886ba51454d9a5036fe3801b178f597a5517b00bc85633a04a9e310
1631 5 5552 d4ef6c83275171cccb3785b81ada53cf1f84d745bfa4d56124b7fb4b03153cd5
1632 7 6502 952287db6a024317711408d71bdfa6cac8a3687bb207897df77cb9b6c6c17ee1
1633 2 6980 a96bc7a2371c8e270a30cafd67399767d8ae3d9ebba9dbd3e3584ec69d91c82c
1634 2 7732 aff05f38f41785e44dd45b344fbf3532eb5a0dfd3cfbb0797f2d799353825424
1635 8 8684 0d48183eeb753099a4b735a7c15fc2b376ce710f8f276b0289783fb09bec37cc
1636 2 9838 ea19ed3e0bb7a09d480fe0ca8fa6b74b0b5ef6c83fcd06eaa993bf09a08de2fa
1637 8 9556 bc1f526ce80bfc202c9e5e666084220e39d4fdcbf9eb268d83c62a0b527e9ea9
1638 7 9603 65d243a959583dee70bc1f01ea03d60cd39aa23cb0a8cede7365bea8a5fd733a
1639 2 10855 335ae0a57c801d2972d19ecbacc04be0390b96baa8a13daf62b20980c29a2154
1640 3 11807 03ea2b788a85002408a108c17dc983545ba8240f2270376105e630a5a4695943
1641 2 12751 7e6f53d84d509491dd0b2e494da0a2a4a17df7a898969af320a0323be47ab6df
1642 2 13704 3b777223acc48024d787227c938ab30504aea5d2f24c48a2cd871592825bf10e
1643 2 13917 787047c24679121dc9c042fd8260d7502f2dccc6ba3b11edaee6bfcc82210e36
1644 2 13718 39311d9203dce7459b6513015f8bfda1735008a1f013a21e8cf5518d42e98dee
1645 9 14008 1acad1e09dc78c8ee867a944d753d17b4ba53762cbe2206ca2b6f2785a56fb6f
1646 7 15552 a9b5c882da95ab757dc5648d6938728666b4ecd3a3ffa3f163e39775abe18279
1647 7 16505 c11305e53549eca398b985fbfd88a6015c77d3d44fada4f614d0e89db79a38a2
1648 6 16552 ffac377e8df195bbd7d374dcf56d140877281f97f7df672cd404e7756d912d94
1649 2 16837 a169f41c299cf253c0d5749a69ea6d58a854fabf662bcdb7a879b06b603106b1
1650 2 16837 b158ee7e24ce10031a8438c2d068f8ec6a1b6f923e037f0393258640b68e23d3
1651 4 16710 05141e617c4337db29cda53973e033e16321a2604290d64a80b399ea5a08501b
1652 3 16757 5676db2f92371dde08092dbd5b378ce3fec968923928e3227f466a74402390fd
1653 5 16600 e6342bbabcab81e572e7094f30286c87e287b8848e962fb0903a3124e0604da1
1654 4 16648 b382c3bb3f0ababf7edc8326898aa5778f8636c29d5184a6be2f281d26e425a6
1655 2 17592 487f4eb526e0d211c94c87bea08b660cae2728d5239cfa88571ceccea74590cc
1656 8 17937 669fb0f1ac4eec989654abd2f2a51e2468553dc92d1a1b8c142f7de63b0b5ab0
1657 5 18416 db599f0c803b1f32875a79cc20324a5dc78d3899d9eea85ccd98a4566b393de8
1658 7 18554 36cdbdec59f1d5b850f7e023e403a39a597a388e8364a3f2e347ad0db22d6b8d
1659 6 18601 56093f2d03d339abb5f1cb4065a18937b065618e6db5c557c2419e6ecf54b9a2
1660 5 18650 575ef02182d7586be120e2215e6da96b1bc6ce66a6ce40a05b4febc6d967dd5a
1661 4 18699 c48e3898658ed6a3b1bbfa6e33a340b6d2e834381f2e11be7d99fcfc973f3183
1662 4 19178 281c95494eece1e6454040ffaec0260c7d290116756bb41bd6672aaa8b44144c
1663 3 19642 301455bd780ba59c7fde78d42b05fe352a853f0c270474eab05192309e8dc10b
1664 2 19691 8439b872923d6edc39036512a119b3bd1472ef948979069e1c564a24d3a34ad4
1665 2 20923 44b0bca4c44a7ecdd0152221b1cdd7bbd1be1965fcd1694096d1f714ee52c120
1666 2 20923 352bb243d10a581ab5bbc9374a785d6aaff61d344446b6557a4229d16138cdb8
1667 8 21017 3a3d64f1f7c6d2c5692777c617b42b295ce357d72f12b210ad3540d7e6e65d47
1668 2 21960 671257785c1949a8ec468b6c597cc69e788df305c527214593b3f28f65d38218
1669 2 21960 30c7bccc13adc72ccde5a38fdffb82581073ceeb5246a832276bc3351e42e3ff
1670 6 21557 21b811b5e3a0a8e6bdffce9ff5145b4242283c90933ee37feb3adf6388871455
1671 2 21917 db68e5e2769dce5c43ea9de92a53f1e03091d6a2ba542bb37efcb02a21ef5307
1672 2 21843 9a45e39c9e5341a408726564f4dbd98951239258d00569edd307f01b20482db5
1673 2 21770 ca8c79e4c3efc3c7159cedf44350af866a6784bf11da8be45771b64efb0207ee
1674 5 21569 feea61a329ff798a070f5ab83fcb7c8dffa89f01a74d4e15eab5a752354a1499
1675 6 21557 97bae859f3edf07b39ab6689ead0229f874f5a387eec678753c408a0c485b8f6
1676 7 22052 42062845816e9c478ce946982b2f41cf1967cbc3aa90b4276a57ad9be33e3446
1677 5 21866 ff2268ad6f367fd6b1d735879fc941015ed8e119c220a03789aace1269dd7d25
1678 4 21914 b6a0d6717f2ce40f7e3925daa30d2ba4128779f2638c8803cc7689a03710e00b
1679 3 21963 e1023c485fa53189ded4f43e54a86b750e40d20d7b8b6430b01d992fdae176c6
1680 2 22012 37d156b9dbea4fe58647149cd6764f4fddfa4e4c4543a5e74d7817b916300ac2
1681 2 23188 ea111693f0db243e028c35306dcb7ab669c467a91a2549261d5963610216fc10
1682 2 23474 82bcb777af80114c3332614b006b6358588cbf36eac1556bcfcb985341db39bf
1683 2 23474 5cb7c2a3f2e6d8e7152c7a3e9dad27ba5e15704f417cefa22650e2254eabcc2b
1684 2 23844 5f718a97db64f5acb96e66160c3a6d8cf32a4578e8e7aff8bed699b2d324abc4
1685 2 23770 dcb26f04af0491f87d120a265771caf1d74449de8441e2c0e474a2423de06088
1686 2 23770 60d90dcb6a5f09c6f02107bca67beb8ebd40e5fbb071a2017870de0995144230
1687 2 23705 bf4224708e686c90a6a8c4fc1abe726ad161b3b709c242afc24e0ec97978d0ea
1688 2 23146 448ca3c9b41e6113f8dc34e0f63eefaf2271fcb64c426d0c4514dea6687fb372
1689 7 22622 ee7f0781089529f8b6ec0e4b2ff63fe19da49bb5c483ab61de94136687f9c162
1690 2 22835 4bf621398748b943478db6e81eb4de69491fb09e41fb4d1bc87dcfb54d019bec
1691 5 22706 00b5f855be2c068e0a7e6b3a062d5b22c19aa93d1c849e0103a6dbbf83ece9dd
1692 4 22752 d8a10a63df59fcc0f4c4422f6555f5d6a6ed5644853ed731b659c4e3c8dcb584
1693 6 22669 cf8520f5da475e7effa45ff461cefed0f338913f193f7ddee5361b587a579bfe
1694 7 23026 461e8a3e8995df910c2b4b165b0359186f70923828f5c2ea9b99678d4dee4d96
1695 3 23505 4d34fd8158107211575805a6cb10011ca4bf3d3c7b8b3eab98fd583d80557f79
1696 4 23035 2ed699bc63bd99fe5d1ed01f2fb1ed3c235af003abc105e1c2632255a6ae6fc9
1697 3 23083 b1e13eacc6ae945a799fb20aaf94564b5f6578d8782db4ef8a62d4e2e4d1fae3
1698 2 24005 e6e8e236699bebad0f2855f8e9a0b0faac74f4c6f60eecf3750e59868913c4e1
1699 3 23688 ae3671973671a3fd1b2018b7a719a46d3784cb3facf882539dfdbdffd3496a9c
1700 2 23738 8cb8a9e8b7e1f2e590ed46d52e613ca97f82bb263f4d5bdb7405a1859b537eef
1701 2 24106 f6221020a8ff93be70cffcdcf8d880d60b82fc7f32962197430c7e2d127151ac
1702 5 25057 501baf531e5dacce710c7ae7aa63bfaea8553fedfe4f3289e9238f9a9c1a0bd3
1703 8 26827 3ec2e0f9881fdff6ce3b15715368381be655436b7f98169452d98a37e9c8cd86
1704 6 26839 5ab7ed58a85610e88852fcfdc975be2c47840cfaf8a11412551a81d9e487f44a
1705 3 27318 8648b0dc3bb23cf3c4f62ab5f5694bfbc4a81294b98f911fb4ba50428dc12a33
1706 4 27781 01ddbea61d5096f2cb72abddfdba1c7d4b72a3c58cc7086578f174fb9e7cb1f9
1707 5 27817 ceb588f10a0569f53e7d8ca456bd5ec3bd81d4626785d692fd5d2b6768f6f27c
1708 2 29067 f58017b10099ebafc5309039a7baae6a82cd0dd447499feb60b62e97dc570e1d
1709 3 29836 0448a958fdf4ece473a1ddb525bbd2c12127c211efbe5379848c4223214ba09d
1710 9 30043 6bfe1c4e48691d3e5576453a261d3c7795e6c91e081136f51253d893f57dce57
1711 4 31301 d6c012cb443e76ad088cb5f684c5a5679fa337dd65da52fbbe706040d072f582
1712 4 31878 eded30705aff3d300790017ae927fc330a86170f59f825bb543504d0cd6b27b9
1713 2 32145 7e0a437dad4f3470be7d9379349ce005a99c9d000bc31b2589ca4ca4c863d10a
1714 2 32359 3507380585165749d7286aa0c91a32ce0abd87f58ea84dbfa302844dabc2e2a1
1715 2 32462 c103d72c5db46eb5f39249d8182362c0341cc8a45c9f17a17a522d8990294b44
1716 2 32126 5598f0bf4c5496dde454c1d6559a42f5a56ab4f4c28d0e2aacc7c55868dc0f52
1717 7 31831 19337fae5c5a2e74d4664424709489e6f2dff7e9a6819969e671c0746cb5793a
1718 2 2501 33c13d65bfacd573a05f5e0c1c9f2336dc1459dff1ed73a8e4f8ec0e1e1f8627
1719 2 2499 c41b1b44ee9692bca035c812260ba26e419a715d6951856995a9ce2013213da6
1720 5 3451 508da07645d36ff08cd830cd711e1f8ab380612f59773938cbe8f30a068dddb9
1721 2 3930 874179d94c04d915056526a67805f3c08cfd233739e0755f4786368e49211b4f
1722 3 4643 2794783b8da7ca103c381324fcf99745593c8eda838a2c63a9c60409df8275bf
1723 6 5592 d9478db91124793de39310498a3a91c6021a6b3918190e27ada64db9182b41c8
1724 2 6747 582f61fe7fb576bd537be357e6b00fa9f5bf01fb4ea05cedbf445d92550841e6
1725 4 6543 c8b26047534e6ff5b679060981ae1bf30106eb04a8b2110ad7aeb8d88dfed79b
1726 3 6590 1355b4d0bd3d4209ec496281ef50420306ee855fe1b3af7121ee00b58232e0c8
1727 2 7535 90e00156e1bc9159a8ad088ff65243e76fbca7078b40e75f3f2f3533aa24942c
1728 5 8178 be527703389a1d906cf0e5b5c8a9f73a4951b90564485ca252b61b5e08ec485f
1729 7 8677 4e5710f82e949b1613ba1d70760d905ff9042c6fc60ae048e7ff292e4a8e0174
1730 6 8724 3b819f8eb11d96b4aeefa6e0a6e0789ebe909978104f9d38ace98899212ffa35
1731 2 8936 001c21963d0517bbc7766b3167fc1aea73012e610d43425fb9fe8376ba9ffbd9
1732 3 8724 23b63e785298e745953a6f15c4194379f093e881b41db21870de03aa2a094179
1733 4 8581 ee07ecac5a5738d307c2697f7ad286ccba8fb8ce6c386e4539935d0c1b7cf2dd
1734 3 8629 708121c41d3d65ecbae49bd2d4d32932431439899c0555f3edc4fdc5e2995856
1735 8 8754 e1b7ac9d75b1e4c6591068ec8dba58e0e7be4a9e8a9d71b725c37f03739d9486
1736 3 9233 07b0ec4e6d9c847a5d3c1d79745c6c785240ff840960550ae139ae1c0afb469d
1737 3 9684 c6e35f637dc46e03d9af0f1cb739eb81fc633d7f43dec893bef99cf0f2263342
1738 3 9684 4b0835009b07f9418d2b7f9f25f7778c0f33160410bd0422ca1fa277ccac86f1
1739 5 10637 1bc75474d38ea77669d4d769ef2ec02a580aacef761d64978372b688a798e2dd
1740 5 12791 a0c39682fe7dc06c6dbd58adf44c9424350033757c244a03e79bf430593ae6c9
1741 10 14765 9479a88ab3aec2ff6b9ad470f0a915ca95f83f4fdb9bbad5699b010a19fc98f5
1742 4 15244 895ba253d2000f24585bcbe49e52626938aaa090fdf6dcf83d4a810f5aebe3d2
1743 6 15699 748801624939642cbc4e8c4a2c3d7214c71966cf6b5787bb809931d35b39eeba
1744 5 15746 56fc1e1d074b68b1b50f674b7bc35bbb0d7eff57e233e8de1d5eb1604c1c05d9
1745 7 16699 33c91d2249d657a930c69691c3566e56a5c60630b67d6bdbfe7edeb34e2c4cc9
1746 6 16748 483fb69f9bae8ac6abb39a82fcce0d488bba8e72a988eb7ed59da57c3e5dfed9
1747 2 16961 6f23bf9eb1792f2ab7b85fad622cfcf7cec23976a83c54e9c9e7dd539c197492
1748 6 16909 2f5145015fa5ffe4f9e305666ca738f1138541d36a6f504dbce09595bd1eeaa6
1749 7 17689 42ccfed9af283e88035c5287405b8cdb190841c83ad14f57ae545823c40345f2
1750 2 16896 e0bdaeb1a068c8932b56f6cf83dad6d42b9b449bb3e964a800623d45b928c911
1751 2 16896 4ad1553d50eecc406b4bcc0bb2a4fb5f29d1e287c13d40a6cc6613e023ac7417
1752 5 17849 25c1bfdec1807f224c0af7abd143082c54a8dbacd916ac92dc2dac9ca1491b20
1753 10 19830 ec20472c64f2e219db5f1fe029acc54e259ec01d5ae0db622f999588c95a550d
1754 4 21081 d4a670f89ad201d08c833b68c2f85073d1606fe73b0dac9307044ca409fc6271
1755 7 20773 ff7d56e2e0297f6adfaec95245fd576676d8cdb9139e161596a8d92ece29044f
1756 4 21350 b152147be860cb619bbc0fc95434cb4b7d7b9face1d32c096c454bcce56388a1
1757 6 20761 96db8613b3fce2c21a2a698bae6c541a121942f2184791b0d0f74480adc44eec
1758 3 22011 f7b445f9913658fc73808935c7ceae02e2056c19dbc2aa529749b3aa117731a7
1759 5 22732 ab75bdda19b8341f0827f8f2f6dd0fe0fdd2b3d712300b279b79104428e7949b
1760 2 23960 5de17c77e26241588a2bd862e9dfa8e447f70aa033ef52706c773142af19a82e
1761 2 23960 97ab5bc3aabe81566917675b1ecca4db5efe4cc3f964589752af64270af2caea
1762 2 24703 7dcdef73417fab256f4519303080f886e8725ab9c4e8519abd5e390a776e2338
1763 8 24012 f6edd456de076f1af4b203f7c0d8c23b8cfb2c201ea6dff812475c7110e0cdae
1764 7 24059 250dbbdc7cbb3a5e6d215139d269b163c41db16f48fe54c0a1df2127a3a5b674
1765 6 24108 be004b8f26647cc8a13792a1cf06a931eca7920b19e9fd1ebdf629dfd7068734
1766 8 24788 38703c99da19ee507c75106f5b6f27068cf36cf789b53e1df93ddb334f2458e4
1767 3 25298 81c977a0a44b449277f3deb614c6edf5b0e589a0c05c21d463693a78c3407f63
1768 6 24775 f7a5595ac8339eb8f4c5dd6215de18c760567493e0e5246d56eb7dd6d6776f2a
1769 5 24822 7767ae4ffdb93733ee9d91868b7e13e1960c360621d9e429206ea56083595979
1770 4 24871 4cbaba5c03ec608da430ce398b9f109227c4ea9bc7a7bd74360c849cf0879a14
1771 3 25816 8fbf666248e59524d3adc54a080abb7086c68bc47bc73834380c78120b275424
1772 6 26295 b5b00c41f64c1acf35cca4bb43fe227e5f5296aab0488f5a4e9de8a9efac2aa2
1773 2 26395 0c1a99a9bfb9468f41806f6568519f89c05a3ce901adf287ed24f3aa5e11a212
1774 2 26747 bde43d19552be276a18a1edffbf17766c503bb4e6dcbc6675fc338358b3584b7
1775 2 27701 b75f3cd9027291fea9c8fccf0c5bd6c0f4f42c5bec64dbd3f1cfb563827905ac
1776 2 27987 08f28efdffc9e0cba79900bc61d615bb6974b55605567350f9c5f8801be3c29f
1777 2 27987 057d2204680f172eb8036f9d9a2306bf16d3ea1480fdaccf4c494537a4411202
1778 2 27787 b3530f0487296e59732d691a617a9c1f38994d09cb1e5a3e0cb77a9bb70517ff
1779 2 27785 475eec34ef5ba1577be6fa5b451a01e45097487d9910f6b8b18e199e1eab3048
1780 2 27702 5085e8c629f621645952363c697353e0068f24ab87ebbfa557fea1efa3053439
1781 8 28118 dbad5c085607eda93dded4e6fcfefbd06ef668145a533f21ecba93aad7b7fc0f
1782 2 27781 e86a537a5fc402bfaaf33a93cef6b65983e03f065373caa12161279ec6307d2c
1783 2 27785 1e5af6555342cfeb4a2c65660bc40f412890c56c07196d4448141fc67716ca97
1784 6 28000 036feba95771f03cff7557373b7192ae104adc5ac3c651fd5b6da1c8532f5b8c
1785 6 29513 8cd888a19dfe9a116114ea2208079e938933dc83abeb91ed1e757d153f70b180
1786 5 29995 40806343da894450d17548f30b53fc1aaf63644faa0df489da3493692e911590
1787 5 30455 7d340d522ff122c6a4435a3c324cc746174b5ddcbf4bafff27eee93044d2c98c
1788 6 31167 f27c7b272cf06572d7a09b5142936df6436bbd234e1c9b86c6e1ca4087a4ebe3
1789 2 31108 2c758612dc620bddd369e569bcc1f517c5dc5ec508e072901362db6a77d313d5
1790 3 30816 4737fb726cfab4135730159911a58076ea2b5c066f8ce138ef52236cc0a7f6e7
1791 3 30442 4c5301a5b882b6d22d21e2ea3063fabbb572b2b48db06276da445511fe77f99f
1792 5 30920 27d2d5bb1dc1f1f90bf996d8a23d2c4ed240376db29b187560d33f187ef9c9f8
1793 2 30973 af712d4e5c90f3d192ab5b3f526c92a5356da877207c5edb0cd1bcae255debfb
1794 6 30741 809bfc4717203db5807ba47db6900bcd4ac22e7288ad46eed071d1ac80c08a63
1795 5 30788 e06368187e3525535ad9a366ba202ccb786855a44e7ecf5e811e83c1ad08abe7
1796 4 30837 10eb29b41aacf07085edcea7b0fff397e9dbdbedb3c4dd4fd8bf877580f25ae8
1797 2 31196 9fc4baaa30b1771013d561f8604d2027c78b7b31403dbbdabbb408ccfdc02a9e
1798 2 31195 fd17ee36849bfa70a2f83bd03da6726db5d5ae2d9fe121409a50457cfd5d3876
1799 2 31196 9275780c6a754ea2f1cb7f796595c271ec0e2f7c0f6edc6dedf1e3f888bbb54a
1800 3 31068 3cbda3a000b70926bb8d4384dc00a6400a41c3d7e8473f5a920a42b5fba1a55a
1801 2 31115 bc1e0ca7d8430bc68e007c7c3d8086202d3ef8a7540f5950257d3cae4ea076ed
1802 3 30883 a5cd7f157cdd4d11c8227ea5651ddb41e0ffbaa81d83bf89f14db6cdec4c6dea
1803 2 31146 6e03cb177cfeeb8903c19ec0df4b99df031634413d290116c406d2f2dddb79d5
1804 5 32099 eeb834f48b7c16bcf7e2703bbc3b14b1d5e88b8b7254e5f06039c8952be29a95
1805 4 32147 b1735f4e6271ae8bf67b87317bb7bc4812597fc027214526e0360f9aeb21668d
1806 2 32138 5d46154b907853ef919e994c6d2376c7245aece5b58890ea3ce85bbed62cf912
1807 2 32414 68dc6d99e592a9798f01bc4b683a3988e9e4e2bdb7ac915a5bd91c917b151f56
1808 6 31961 c4a8fbc699f08782809921c60ea6ca338541d5ce6a2ade004c1a6b156d737354
1809 6 34336 1d1f71866ca76c6cd5514f50d2a247ba6d0a19716e8a59c525138b4f4545a297
1810 5 34335 82e319e0eb19bb7cb6069cba7dad1fda7be3fb587ec5ab2d1a8fde6945266c88
1811 2 36615 442c590f7cff9dc4098454f256a294819d8993474a5299168e9d3fd59003570c
1812 2 36537 6a8bcea2026857078f07d78c197904a721c14153260f9c6b5769b743acbc0b3a
1813 8 36119 1e9c0e877c832944c99cfed61c7954292d983cc09246c9a515d356e6fa3b328e
1814 2 2503 bf417af69d8cb867574b4cb5766d73e3d846f522c8d2c93d031f02045f5e4ae8
1815 8 3452 66adcc4ea69ea7a8ece496666fe99945c8f99bc8281a1135cab02d1a405037a1
1816 7 3499 beaddce8b65f8f267a690bae614f88a86a270db37fcc62b369b582fae264e3a5
1817 2 4643 4cdfce85442169acf9e180ee2dd2ef17a8d8fa05772e43a6b8bdfde545544954
1818 6 5595 564d3b5cac8b5a8a8e10ad0614fce4fdcf8c7596ebb4d27653c5d1c6518902ba
1819 3 5607 a12eb317b2f7deba50b16c2b79e54d448299cc9d89307f6e2c0b24d1c9c85940
1820 6 5595 3c9dac4f857b40460f3a72fd7e73f3f2cfb4b8562ba89d19d8534faa1e223c14
1821 8 7592 e0eda4febb565bfb83581f3369d95665fe36447426acb3a2c3cb0fe83cfa79a5
1822 2 9775 a6eb35f3cc6433c10e4ed9021285e775207d1cafd0c850b8789974e090327a99
1823 2 10175 da5dace11c2aa2fd938fbb0c462514f4608d060bc96c2472bbd7cbff843334f8
1824 7 9729 ba08adadd0bb787ac19717b01708acd23514da3418f888af3e62ced256c0b395
1825 2 11699 294449e5493d11976133bf2dfa4d22ae3f2802665715de425d4e5a63b7d500a2
1826 2 11913 c78675849c3b0cdf1acd3c72984cde8f4e9cdb24a90fb872d3a3d44f2c406b77
1827 2 11699 7d106625132cfa583d02559a9a98430891661480c02fb3d1c334520bfbb4e541
1828 8 11724 66a11d4b13d150fc6f11fb4b018dd9fa9b957cf5e369b5c2fe3f863eeb5f015e
1829 6 12203 d03106140232c9701bbe5d6bc4d3dc41570c0cdaa2ffad8f5adc27f794855c67
1830 2 12952 09a0fb09c1f026b80f5a2a7698e2f813cbb42f4486f57ff60f67ed472a48aeff
1831 2 12879 fce3e9db23f5889923c70cc7675f65024d10da9bdf924c246e3d7695047cc73a
1832 2 13346 8e791ce56783299d2429e96fe5939346fa2150983d5d67123db2f6e06b67469c
1833 2 13272 25f7132835259c14f524d6cccfa15998dcd8d77217cb9248f8e40708ef32dcad
1834 7 12823 47edef4321ca927bb7bd8f95c170e64ee79cb50e81e5a2bd9fc6b3bf28196739
1835 12 13776 b9154471bd03141c4ec5badc2143af0d7cb43339f29a51f5ccd10704bc3dd7ea
1836 2 15007 37e7fc0bc77f0ef04bb6e648218ed7720edeafc43756c916106f213d3619bbd8
1837 2 14933 7cb00c10c73ef4daf9b8f8f5dd7ff12e764db056d8ed00c4c2f559fa523337c3
1838 7 14821 ad0106c81abe691a061f1bc8bf034ad246aeacea3459d716a59d060163fc537b
1839 2 16025 37d99286b2d66941f57ed1a931637f614b6418b4311d816b2eceb3e0ea1e01e2
1840 2 15952 0d2ede04f935730dc6ba6f5beacefe9c78c8f9a437365a37402395143c79526d
1841 11 15811 a6d962befd4f50bf34bfe2c8ca36b9585f0086b273b806cc188585b34221da64
1842 6 15823 d04b4235649b2ec777db3f3161eda708734b825b1705da86ece84d56f363fa9f
1843 4 16302 7f3d7e70f3469febf3bfd0f883687164bf0fdd97c06e4e403ac5bf865f5c2023
1844 5 16753 4d0f13ffa0fd442e729c176fc08f9127f708ba002b97459c199d65cd94c5b66d
1845 5 17398 6d481b9fced4aa15548593bb4149ebc0df65197dfefbd44713b8516b23074741
1846 2 16739 69f2cd34b6cc2ca60d7d72de3ec967647724c96cd1d7fc0e2080b1c4f19af116
1847 3 16727 57b57a07632a9296c8dcc601875733ea5d7d385ab5be2fdf3787317d13d57e29
1848 3 16269 a736f22716ea17fab7f7706d3f171faadbbd54372d1bbfd0b1a740af177baa9f
1849 2 16384 d7752748c7104d5f3e84414331c56f31e93e0541c24558e74ca0083237333251
1850 2 16700 ca398842de1307e531f2c21ef41d311dde5ec74592f3dafe9739f59df0a109a1
1851 7 16795 4e7d3508d097ddcc0e9cded0716b7268e9eede8b7fe8bf9fce7533250c4d30ce
1852 2 17950 b249e1761619dc37d6a670f41746a1f0c95a2fc0014e65ecc04dcb966a7ec748
1853 7 17808 8df5ca4d7301f87e1c1b300ebc7713a08ff01c2099f3311e6ba64bdeeb47f21c
1854 6 17855 b569f8f9fcfdfe0e632a59f25cff511465a160b1d29ba42f014167281120170b
1855 8 18808 c3e23a2eb982a921edec0459f9620988daf931623526960614844524c08a2e71
1856 3 18821 549d88465906ff6e0856ec7828d452636f4ea57b415e0bafd844963fd5af6064
1857 5 19466 fc20a6da06b5f2587a4f2f3f4a341faa83359fdade9df6771dc9b909f853c461
1858 2 18796 e4112c99d1002b30fdc1e952718a60a3e930a1d7913d3bc289b3a1dea8643833
1859 7 18848 6686e0b53cc6063114303a5668bcbd9e96a7cff4f7fbe22355f8fc62663174bb
1860 6 19560 c270e402926e7853e33c0abc8aa34dad80fcabe90ef6898e2f5a0501f26ef2c6
1861 2 18824 8dfba460233dc2edaee165827f01e023feee42385568d94cd6cbabe4328a9de8
1862 2 19037 e082860df4e0b3371947ddbebca5393755c39790527088a7a72adb741a081241
1863 2 18823 cb2951a63f5111ac760dff0ebd88307d37bcbc869a9e7e1e6dde210ef9973f78
1864 5 19776 3e76bf656ac3992197666873b053876341d6109cf0b7dc85291854cba100e5e6
1865 9 20877 1f5541e14413c292efe00930fa217a11e9c9a6096635835b332b1faabb3594e5
1866 3 21821 71c2fd013e08c5efc33c43e8c7da47c491beeb0150517bd0039474a3f9fd1b14
1867 2 21482 0a3cdc496546e790fca8492dc82d11f3bf16e95ca576670b18d6a00796e5f131
1868 2 21814 64af48669f608a67f760b01f9cd0cfea6b8d43059e7f4c2f643ea6b320df7744
1869 2 21815 7b96718d01e228df3a7af885c86e97433502acb9ea68776ed20276323457add9
1870 4 22768 d7f3337d7e878576d083d3d819dae07294ea93f2ea0ca10baa38590891fbc1a9
1871 4 23247 055c2e3a2ca3feefd89f259e27e73d6dd7b47fce50defaef70dc5d63994d380f
1872 9 25099 4f55c9b1f52a9c1b3b57e6a69874239d064e99b0b6fa122841106b3730712f80
1873 3 26357 19edc814722c3f4718ef9e44d94ad6fbcf1443819b74b49af68366c08b610789
1874 3 26840 790920ca010a4911ec1a98fbe057c7e418e46c875c41dc34137eb3fa8388c9dd
1875 2 28166 b8927ad57fbfaf5cb2b64154586bb2672783fc4c1692ad94138264916f698f05
1876 3 28022 34b790cc7e664ee564b4ece9023b31618d2acedc8a6691fc993ce7fbb96b4780
1877 2 28069 d7b984e66ba3ac9aa1143b178423435c53d7f83c5ca8588bff1c27024fe029f8
1878 2 29226 c4da73877a96288c7f7f7529c5fcfa24a2728dfb6d34de349824d904ddc4858e
1879 9 28948 7bdbb71caa0378e72a381dc99378a6f8c9f8230635776c7818a30b7a106906d5
1880 8 28995 bea428a8add0031cda324e8e9e017d088930ad40f41d33cb3daf2cf3a4c47863
1881 3 29937 9d910dff333c364a0c7e7c15e7dc795b4f7980e29c838366da49c7f3e4d47ce7
1882 4 30890 7c5d16346a85ff8ff074ef62e327080d38c45f4c3dbee2c7b72054cc1960c8dc
1883 3 31834 e325d9239973f8368422403059cb438658a93b68f6dda946904dadb0c7f64961
1884 2 32047 00d4d5b2c264ba2982bbe58bc34a48efb79476def42145e19d7194c5a4563c9c
1885 2 31848 943e49190ee7f9e3b349f682af6bacfa9c0633bafe11a9e2f3dfb8d86d26abe3
1886 2 32842 2e76bab2f10b822ca80c050b444869bc871812b8211924dde6da0ed6217ba66e
1887 8 32984 8a2f2189a9fdf4622e03e30df05e911157a00392c12399521b4fce6639dd70c2
1888 5 36349 cc79499b75bff4aaeec4a9cfc757baf19f1a755b187235213187c0d19728a4c5
1889 5 36828 3f7e26ac9195cb3ceac466a49be31d8543186dcb1d2e15ae4bcc9274a5b8b140
1890 2 37279 492b1909097f22d4f3a73ccb4d68c8f4379cb05d817f3601cf430e29c9cd3b25
1891 3 37095 b0b3e2eba897d892fc4bb99c49033eaa25cfc29d8241cecd4a8730838c5bb07c
1892 4 36441 7b198c22506bf954195c777368aa8b71b88faded5dfc325981e1a0b95b187320
1893 2 37116 21a6a716299e3cd7af95c3c36e17d43b22ed0ef10474bab9156658e58327fa0a
1894 2 37446 0fe7ba9d4b5896985dd0fd2a9dd8ebc81d89033118f054f1878ba61d242fe94d
1895 8 36992 5959e06a034a5e9c2cfc86fc10d504bb1baf1fa1d60ad3116d6d7b1ce1ccc093
1896 6 36261 17723fa184b91b5167b6f6f94630f842563ab15000020fab0e558b72d6b7b2c6
1897 5 36308 73adfcada3953f0d5b227ef19bf4ae569a6f1f2701f9c887c389bfce738347ea
1898 4 36357 f8d8120e052a7d3eeb7c31997a3e26ec9e631c819e9fb81d20b1298fbe0c124a
1899 3 36406 13a94f94803d6fe02842fdcf229c8ed27afe3042a51543db52fcbe89e3a33056
1900 2 36798 e6e276b0ccf507cf487f3feeed43cdb69761eeb6319f89fb3737f5c66ed3112e
1901 2 36802 193b31d2d071be6221282d49413f8ba33814c56683523805e49500ea11623680
1902 2 36748 8f3b3b6d77e4e629e7338d872f3fe66c9c809a7e48c2b6947b76add649cee9aa
1903 3 38537 f83cc2f3d002d66fbb3f25292ff353f5b03ffe763b92708a796b0448419b3143
1904 5 38237 89bd9d86c90e043c41cd9d1dc42aa56c6484639b787551aaa0e266557fa6a690
1905 4 38716 a516aac9ad3ebdadefaef8a92a2305b05b5379809e555baacdd392508c82f362
1906 2 38493 99437f9bbdb87f46d4ec5900ab7ff9660204cb58ab2d41c6474a62f7f5b1d7e9
1907 2 39227 666d04d20da663cce8e2f89db508b3b6c041e12a8d9e16dc252d5bef05093344
1908 2 39440 9137cd07df98d2c032d180c40e8d1992592ccdf1b797adbc00aa496055d9d0ee
1909 2 39229 ca7ca3735cfb4b653bee9f6cf8862cc3f686655ef8567b294e50bc01e3069794
1910 2 2502 02ca7a1c631c1acb7fe364cb96b06ee3e9a6686fffdddefd7c97b90d5ba241d2
1911 5 3454 2bb9980798c1a15b67df6e63127de02efbfe4ed3f84ef6c5ca9311665595670d
1912 5 3464 e4944c2dd99f40896312189d10a8fe72e6d6680086c2d9369c054093c42ba5ce
1913 2 3943 13f20978c227774a3efe5d3220807a8d5400d30e039df25f7191329787151d2f
1914 5 4643 e00f3cd45af5f41cf60543077a0b467d21ba4ce488c1b27a09bf09c9f4220cb0
1915 4 5595 c6c8bfd317a065c3620b733919793b63b051d1e7528bea17d2da5204c2326e44
1916 3 5607 6d8a2c8cca696ff24b04cc44c5642ed6871b7b99e5235e26176e43f22ace66c4
1917 5 5515 6409daaba2f5e152eebb9789dc78378834532bca6ba9e14d5b1d9ba53e14812f
1918 4 5564 b5d90cdc990f3ab0f63c3446d7cffa707fc4687baff907ed0cb768ccb7ea471d
1919 2 6043 caf48959060e5fffb01efaf3a91037b4cb57625f6f335fe46a832837622b20aa
1920 3 6507 3eb7a6112764bdfddf6d2aa791a5621568363b4e831b3e014b3e2eb93fa4c82f
1921 2 6049 2b4961834c344600a6b456366064d1726f2acf2e9b0b7c70cf3b1d3a5884612e
1922 2 6442 810985271c32f75a39da3f58950f2defe4853cfe8c55758c42269ef1896ae4a2
1923 3 7394 0d1b0adf42a21caf9b6a5a86973311e853c7a41f1d22701776b97ec1fcfa9f49
1924 2 7873 d2334bcc2ea7c77ce1e3129a755245f50d24349376d34ef52d002e10faa42db3
1925 2 8336 694eec79d1c5483b214b88c9c13688bc6334d5c26fd684417de7f2aa608ee2d7
1926 2 8349 5b19861c15902acae23f4bce69e2effe398e7190cf8c80aad7b276bd79825aba
1927 2 7891 780c3c286c74c3319f90249bd93be303bef4b1726b7067dbb7e243469b9c754f
1928 8 8751 1d7934653c82ecef832222b3f1b99e25dab677bfcda0aafa5e7922592584145e
1929 8 9704 5db8c478af765e271ee4ceabf35e4ca981814076e6071727040dfb69ef767daa
1930 2 10183 b324c9e0971b104e0e829c5cd1631f71d6606b4e2b003adeb8e4e71a25e9ca51
1931 4 10645 14f5f3439e4f3e614ddcd01e94d27df733fb127a4bee317bb34b54f4c608bcd3
1932 3 10692 567361fdcf63d1b3ef7f18248f3d5078761b2caa582331691250d9f5d2f19edb
1933 2 11942 3d6b7196b7394a1598c8c4fe92d519763b7cafeb6e57a4edefa92dc39139bb26
1934 3 11489 fd2159ccf157491324fec5c67acf5df620372147b98bcb09711b0bb221478b14
1935 2 11597 3b03d71e5cbfe21664a961176063e6f78e836a2c1cbacf2f68432faef3b0c96a
1936 2 12521 90aa48432fd991cfc6fe913c2d437115734a875962edb3b1433b564bf40ef7d5
1937 2 13473 d61433c236a6a8726119d28f9f87048587f3a0481f978bb03052f43db75e1d3b
1938 6 13715 a017747977a68d7cdb5d74e47968aeb51cb7cf02cb97a254009e11079fbc66ec
1939 7 14668 07018f11a2c731f3105bf1a8b680ec50cffa0d935904a33a7cf5bb766e79d654
1940 4 15546 9247fa787a0dddb98d9c6e358b5226c9cebba78f52b5b7b9a05dd048f7300d69
1941 3 16658 545d6c6ddb9de25ce0c2a0267e88aa96349595e47dd2651c3f0a462c499e4eff
1942 2 16705 f06294291713a5fea1336838a0a5d2aafe93165fd61694d86545fccf50cc6ecf
1943 2 17184 cff040e07abc150ab71aec609d6f6e70636414ccb76a95978afd3641bffe23ca
1944 2 17648 d432a599f413e02de2f33d5b526ef2adc3c4082eff15438fb228d1208346328c
1945 2 17190 8f384847bd5612405a6170c2934333df6aaa498318cb9f018174cbb4aba2840e
1946 11 17814 c31db33e63a8a1554cfd4c0e47fe129fac07c864b2943334003a9d090526eb32
1947 11 18767 fb5032018b3e1c3187ec619bccfcb0d0d1281a570d3f7ebd7e26c09898e107b3
1948 3 19711 93b385ec563c871880992f127df9d4c5639f3e003d86863953e932ce492324b8
1949 2 19758 65889af3683ef22ea4e23169d5bf1bd9a4de096a488282df144fa51d9aa27ba7
1950 4 20335 535a28b727f612f175353613490e586f0e4de9144ce62b297d68c617f2f47e28
1951 2 19721 41e37c927e69b1762cb4d3f7ded3c0fbca871c5b08681bc0b958651c77e8e597
1952 2 19721 37552724e553b81b62586c09e5809fb57fb769bb9b9c5ac3006bb1e42f0a0cc3
1953 2 20673 fb2c17a56f7903f22c2347c62a269b7c06654fd57e1f64e6e0562a134037f963
1954 12 20812 56453d0f857f5df1f46263d50c892cf4a90c3b82a9e553a8bef305c1334c2e09
1955 11 20862 7fa42b544128a97cf235c158c00410463689f78ec982b63af1548082e23d86d9
1956 11 21815 ca9a946aac4e6984a75ad05ed3b0f9ca4f87fca36c2d61c9fd00f227d6a33227
1957 10 21864 0c0fdbc0ef14724e5f2a3957e9169b2a9849e825d9f1655b8b4d4342c883ef5a
1958 4 21877 25fcdfb5492429facfc5ea3edf8db69237c81be5d2a7ab08a87ac96fa4511652
1959 2 22356 1cfd79d11f8561be21c3f86a5c112935ffba73c92d721a4431e97a8995ceaa10
1960 3 22820 90432fe49edf548ef5ac97d63c64a5f58e05f100eee05ca3c46f62afb972cc17
1961 4 22808 dc38b6a456fba47bb2dea18c3f3c8e769a989b6b1e8c20249e90f185505ea25e
1962 3 22855 fa1b541bd7e6b4e43415f8dcffd01d55634cd7edafa3948c125549dbd5134dd0
1963 2 22397 9ba379190612d09121fdee1fd5a61ff30101711ea79ea1c0f9a95da54e3e19ee
1964 4 22441 11d56e82148a1da5f1a78cdab5d50c045a4b9589eac3878211ee7cad48e2c432
1965 2 22794 e90a598a23d42ebedb944226663e112b578430a0c43e2b1ca5c4412940f38a62
1966 2 22455 e61fce7913892f6a8c2780290a23012466b79acd8ee0f05e7056137f73f7bed8
1967 3 22804 14651cc8987135f63e367eb57879d6cd7b6905ab7da11027eb8fdb4eb07e0913
1968 2 22853 155601d7b2474efc9a21d92f44b83b5ae657aff8f11177f518788bea621b0909
1969 10 22774 79186c531f62c59d96f69e7a1df39b52b9787f86e2b3622f49d40bfac9b694e8
1970 10 23727 b5d4b8247e9e05bb4bbe9e3702b031c6fceeb45f2952ee8691813fa0e6c0f3e1
1971 2 24335 6c6767b90071dc34f413fb1df57b0946fb029a2f14ba1e5e0104157873550b6a
1972 2 24339 5786a1ca6e5b5ec23de939e156facc6ba8686034ad9e37155ca918b4814bbc96
1973 4 24203 1f2bcea0a603135e9203a76fc3dc68d51be77fe3ab6ed6d4558046930ca2b8d7
1974 7 24813 310ad38556784a4b2c2f57be97b752d4502c8aa0531f050559ddd0e8f19d02a2
1975 6 24860 f82a9c28e748719312d65c20eb3999f0464a592d8fb6f4ef7a1aa71bf35b0118
1976 5 25779 0168ed293304d11542d3be310e03de4d338a53aa9b67a6ce17fd27abc32eeb73
1977 4 25778 bfbb27a4f5cdf4bd75f0d16c33a8b04a63c7a631b43b292683f42a07f99eef71
1978 2 28140 e281a3453a4cb4cd3288edd8a99079e38b2d5cba344a660cbebdd470c1825f26
1979 2 28187 5762203c93026c081b6abe9d63b3358499360548879fbe22210ea62c72f506fc
1980 2 27895 d3558047bd7ab84af291c9918f28ebd7bc118ec5e40021996e04aa2c65952679
1981 2 28840 70397087199bfbe4a5caa2efa45617849dc5555a3b96bdb3efc85be7183db9ad
1982 2 29282 3e29729585d8188eb4552e0c6f62c568d853b0055c921cddc44125793489b200
1983 3 30082 397dcb1c3c59cf96a8ca3e70bd4447b532ece994b7405eb1a6e4fb14b7c6da5d
1984 2 30129 44c4c6347f77bd5451d475ac57209d9f609451aff42fdd89928d52e5c9213931
1985 2 31074 8a090244e08f56d56e484a286ea685a711fb898db487ce6c1bc788e65db616b5
1986 4 31651 388035941fe1fcd9e12e63cd0322613535a7cc2b4e150e234be1a6c43792abd4
1987 2 32750 063807b646a9508648c77f348ce1d64645b47e96e258cd1c93c527c1bfbef759
1988 8 31894 d49d022144b6d0fbe0664dd7e4a71b58d9bf57fc7c5cbcbbbc8c9673b030c25d
1989 3 33143 8af45b6659d354868e743b4fcf1549a644bc5d17885805603802d2db9eb2eb34
1990 2 33190 f63a8e23857df7f24e100d973ae86c10c8eff3072e620ee5cf930e531b7ec106
1991 4 33960 dbe4c126ee307487fa9924c9a28d9fab29c460d7565b6d6bc7d9a87cdeefe1df
1992 5 34913 f85ff04ce2c4b1b4298b0cca11ff7c8417d32a7b219647f35a0c3c25cfd1f50e
1993 3 34756 9e8e523ab531274e7a2ad34c696e86c2cdc68d62b44c1491756b2296e58b5590
1994 2 34755 0c550015436692eebe295439155cafd201f76c4c7cdffe3ce90a899f167f95db
1995 2 37232 3601473546dc38f4e66b7a672f089dcf77bddaace05681efb1f0fb817587174f
1996 3 36542 9cba2b98713bec4cdc6d86c96e7604e026c55073ead4cb0af996efc758555dee
1997 4 37277 1d6ad61c3e835b8fec4012f6a8b86a2c6be4fe1db7eede16ae8f175bc104d8b4
1998 3 37289 6633b249f7478f0ed2a1f06a99f911f0caf74a1130634cccae93fe06839f9b9d
1999 4 37277 b12b669eadf4291b15411f8dd14943aa3a5d98b96336dbb36696ed40b1c19660
2000 3 37324 b21527221d73f8ae1f3b96d56399563d0006e27b47a371d346539e13c39fa51d
2001 7 36934 8a618c663b70dd76a9da9905373412358b650d3aa6e7b965a8186fd0640fa505
2002 6 36984 ff1cbbdd2638f8fb4cf09871b551d924ea30d9de4919c088125b09292bf29643
2003 5 37033 c5cac889cf875707c5706352a7e947f31d5f32861b549cf61eeb635fa734d174
2004 3 37512 74577d6ede053487dd1e46a184961d07a70287c9edf7a7cc8f39c33d08e8f0c6
2005 5 37964 30407b749092b81dc814f9dd3facdedf7c7604ffd71c59cabda33cb80c8c27d7
2006 3 2502 94aa3dd01ac3164e356bbc79dba9438b8baa57857c2be9b9064f4085646c3273
2007 3 2500 862ff4a941d705a974258356c51344603ca017289fe65a29fb68a669b15a6838
2008 7 3452 d145adf1fd9b045b280826feb2d050fdd7fab4db92e68132145b89b50b32381d
2009 3 4644 60afe2fa05732020313b38e8c07f9f656f4541d45e54a53e3821993bfb28e851
2010 6 5596 d887c1c79c8b58143c470d2e17eb52ff7e125b62c9a0b93a00c76f9e017da66c
2011 8 7577 ada126f473b134943c0f991cba8a8139c84d5ac80ca202c52818a88b6fb97203
2012 7 8530 fba8d050a036b4a7ac0d963a3911094f351aaef8bc8aa1bdcf7cff6ca5e387f0
2013 3 9009 e656abbeaf72166afb75f737c7715fb6261f490e64f528ae5ad21e95c928e9f9
2014 5 9459 5d3523c420f11d25101b7c1f6bc584368cf296f5fa537b00fe5057b68f486d4e
2015 7 11756 61d0a5e9ec1243a45c5d5c3f5ee205fe21d7044ca6bf4de902406a3a13b1a913
2016 9 12709 dcb1361d8ef06d234d5f3afe66487810b001d88e56314d747dac12b9e9a7a3b9
2017 4 13958 9bc60d415ff17fc4e8b9421f8d0f6e7c247a45cdab6955cbbe479fb50480c413
2018 3 14441 db5292349a161e22a4c45b10307e2472520194c328b6725eba0eec8c547bcf96
2019 7 15648 9bbc780d5afc78eb8207a75dedef61cd0ef2a1661f35a4ce629c2084b3f834fa
2020 3 15660 2baebd86eaa3fec30ad3a639a01f5829cc3fbfafa4d3bcb17848d25705a0ee60
2021 7 15648 291ddfd81fc246c0263e397e5d84db3eaeb485802b127ae9118df8b42cc80244
2022 9 15723 4bb582a6aacfa2d97f478b9f097a99a963bf2c49bb942333e47c576cf451de70
2023 3 15961 318e277265ed55e5920f31ad3831c99a33566a52bf45b0d39f68208633035b54
2024 4 16972 5918243ddd60d3913d1e9f61146059392a38466420cd9734894f309b9e5d2ace
2025 4 17549 6643bbf8cd1047024d6b2a6137bc20fa6a6fe64eaa257477aca38274f9081be4
2026 3 17466 5ebb23216de42eaec8886bc9d5bfb9e19b729ff2372e08bd856405d2ef39fe7e
2027 3 16983 75dc614d8e7ac329a6624ffbde060c78526cd3f7f85101f3cdf14f953bb69fb7
2028 2 17031 88d1ebda527a016f35e3c016a8d57a128d117d0f1a847aa5f905faf2f7a42522
2029 2 17718 37893823fc012442230e53c05c2e217e3cb901fa53a5739e1326499a1f35ef0b
2030 2 17746 80eb1ef2cf4e32ed83711daa125dbf999a9d6c3d9084bbf1dc0bc89e1a04eb0a
2031 2 17770 a6c4ee3382784cacdf6fa25284bc9d5af96638b9382d82f8c21e9372d406eeb0
2032 2 17980 e66f45c9ba486303da374d330376e4179618e151aaaf262ad49143bb0e2009d6
2033 2 17767 3982a3c7b5f2435df8133323b38d4570cce6f8afa4a8b8c737208bfbc8282fc3
2034 8 17778 aff284585b181e1838f5109a7dba8d66caf5bd1850f4775ad27db875170976dd
2035 2 18256 c1cf8497e1c1c005bfb2b29e4dc7eb4d904d613be2d70828250aa19f6fbad6ce
2036 4 18722 b0e05cf8fed730e9774716d6e8c83efb0eaf84c17fef8287bab4a771ea495ed1
2037 6 19675 f831565fe7a6a5e47dce2f3a6b64dabf25bce30d736ace03512f60fbd2d8a6ff
2038 3 19687 32521a6be1cb8a57807c578016c2085849ac187250383e331c4432259525488b
2039 3 19723 bc21cbe1e9b72d466b24c46a15c161addf4ae73aa03f4b0288b2fabecd591942
2040 9 21891 24a8ab573ada80f717d5a6b5fec10edf613a1b51aa87edeb2977fb978528b3cf
2041 6 22370 32e6bae55fe770d16bd7d66673a3fda50248d35bdf65756d35586cb3349c9e3b
2042 4 22821 ef56ae8a134bf9cfa69f6a3765ad735fcddd193f976c672b016eea1d509d14ea
2043 4 23398 c9706b72fc0b8132a9eb2fa6513c90605d8d7d8efc83c41f527b0cb29173adab
2044 2 23023 433e39e35a1a3b10a97ac314079ed957fbd13c42c15d905e6a89d1e00510a116
2045 2 23256 f7ef816e4dd54f73fa5dc246295ed6e0ca03d30c7cfcdc9049f8c84bafc727cd
2046 2 23183 cff6b32c0a9bed16cadbe92fb4c01eefb493b18f288806fe40c8960272589808
2047 9 22726 d26b6ae723cf315d5c644cae286611d5d51558d789f4522005decc9b9f2daea0
2048 2 22939 827a696793f6b87698c6921098b1150dab58a15fb0a1693593d3d42bada71c6f
2049 5 22738 d743c9d9b02d87d4206ef53866920176212b0846d73845dd82066c894ac301db
2050 7 22774 b3c9f98d17a7669e6e05409431540f9fbd75fcc7e2882204330a7bd4a4e7039a
2051 8 22882 f590b2f7b267cbf81497846c78859486ba1235f44e1cba765763ad5aba34433f
2052 4 23033 ce768ccf5493533e9ec183c9bb0d5c19b84a846df05eb6e7b30b2fc43e13a903
2053 3 23082 72c00a5ff5693db02be1a59c9189754ce25a85bb969ea2c1a509995beaafd57e
2054 3 24126 7686dc4ba0ee0f8795c361ee1489ad7b2245afa3124f1d8f9f7a93be832b82ad
2055 3 24636 cf92f786dd97215e411908620aa0fa4c49d8fdac811c6298f63f5d38c6269b01
2056 2 24115 c9e1b8490864fd436c7b81cb8969e73096ccbfcb41e648608db11611a476c505
2057 5 23861 aa240bafbaab2efb9ab71009b3175336175937abfeb00bd8b1e6520a6be3e101
2058 2 24099 0cf21942161339f5175b987da3792e538a6d13b9c9cc475b14dd33fe23aec502
2059 2 27996 352ed1f2bf9cc5870b1451eca5d73f112a34ad06a07d48c34be1149fbe75eb11
2060 2 27995 a62ffd3af1aa942a591750e234387ddd34e7f4cc64c299fc7e3d66e645cf08f7
2061 2 27996 5bd67dc095ed98a332ce3cc93309a20895ec720b3afdf261bde7fa551249444b
2062 2 28459 f5e4e947334e5bbc589e3ae24b41c329540dfabf992d30e02260e54228d4590d
2063 9 26906 b4e00328602146189b7f6b67783661a1bd69285414732883e7f53ccf367f9517
2064 7 27859 8b840a8b1ed4548d7fc9115939fcf3a208822569800abed02e646581bd94db12
2065 5 27871 3c475aa5de56d4176cddc9298891dfd0d3de6c749d32a3d0e6957b2a23c3bfef
2066 7 27859 d42c40dd02dbe91f9ab9a839cd7513c6b1678443327f2cc5204bc7ed18ca256b
2067 6 27906 a77997c08c1750655afb63121ac77efb08eccba915c732a70a216cdd60c6f793
2068 5 27955 3fff99ad5ed25231bc35f8cbafbc461f76c3ef84d3881aa4406c4a826106d9f4
2069 7 27915 0112b6dfe8c93dfa4a621fbe356301ef1ed1ddce30953038c2fffed9f9d1b2de
2070 6 27965 6cfbd6b5c32ee812156a9832e3ef766dd8619e2cbcca0d968dcced462a7b8f81
2071 2 28443 355867fb2f3b1918fb1b26a74b5a8b4c47ec5b71399808fdb7e504c6445e57aa
2072 3 28224 585fdca0132a7a7cecc3ef497f8b105c0905ad109b254812189cc404b3cc7885
2073 2 28269 c3795b35a115f9ab96e4055ceef38304b75a7bc31ea679035f4bdbde1f66f7de
2074 2 28232 fda75a070f9982578a55b70584ade30f3a140d87dc3bf9a8f618ac687c105fe8
2075 4 28958 9bd8ac9311023ec7c1e151e3a764947d9a5c0fb3cd1d9521545c61ae6ad05aa2
2076 5 29908 2526ebd23e12097e4cf153325de5a23614692376a69d442df07619402379a4cd
2077 4 29957 d830e50e9bb3005d04a90c89ef1a7fe796c358628c458c8b765c717ed28ffa40
2078 2 30388 2d7b98391708b40f973a522fcb687e6e185469f4da47c6fb120610ec3d6b9b4a
2079 2 30900 632275356d299e66968caa9f46ed77677d2e0edd2345994293560aa06815263a
2080 2 31160 75eb7b07a39e71ea0ecbe8bdd310d8706c5a1bbb51e0084f9ba522279cb18c99
2081 2 31433 83502c69e0bde866c7f921f3dd67f14597c4c6afcd3a292a0909a5ec6bd17d18
2082 2 31432 19322d0b51e0927b528a5c9689b1d2906c1ce613bbcd4a7b6ea39b0bdccd72e5
2083 2 31357 285fdf8f2174f4b1c41b1ab889fed5bbf3419e087783b5486d85c7a7d91851ef
2084 2 31283 54093b6bef5837ce385066058d0f61969ec2fb8785cddd75f838b5160051e205
2085 10 31045 dca261bb789295f66793c19b7d716255ca21442395429bd073c810efd050aa87
2086 6 31057 d4a31234b0e644413de81198291696d418aefbd828938d2189736652dbea46f3
2087 10 31045 7cf8d13f1459565098248bc4a96805cf85758440c083bc1e496ae81f3357ecdc
2088 7 31524 5b6452d93b5373e43d790d9f4877cdd7590f42b4bae47e56be62a69378ce54c7
2089 8 31977 f965a302845ebe657d9e36b4dbfb143dec0bb63630174db52bdd53ddb8ca879a
2090 7 32024 5c3329eeeb8388c11670f5a8d2fb488cdfa5bf22992f110694d4722d4f46f2a0
2091 6 32073 5d98353b51c57b7d5638eb0b0289fae1de5b1e32aeaa5fe0922fb080ed3ca4f0
2092 5 33026 4a527da50dbfb3edcb7948db2601b740b45c6dfaaaf552d845a4c3e264dfed20
2093 3 34567 8ca6fbbabf95f8510620eb8e46369277595d8c973723a8e63bf8d8908b717a42
2094 6 33956 d320d5810da51a289cb917645ee082b021cfb372e50d21328a28c96220040d60
2095 7 34944 390d00318cdf014c60ee619d9ab8a5d3866707a9d7b818a7ce6fa0d9fd84dca0
2096 6 34993 7e32f004118ac9b54ffb4e3a6d89cd9829b755fc1148ee2eb1e4843efde9ed78
2097 5 35042 3609dbbe057589d4400659a646560d37feae83fef963831893c02a2b807ac7ce
2098 5 35992 4059037e234cdd4da57c7281c1e70bdd36c794d2a2a8c6965981a3a81e2f3b66
2099 4 36041 9a3fbf88669a036418d4c5a4c381e1f69fcfa8b2cb478776ef30c25783464f31
2100 3 36090 a09a4170f04b0c1c235326bfcf4ab37be37ecfa7992fedb2a96f146857e3fadb
2101 2 37630 0ff332eaa9cab73f475599394b7ba7f03e32667b9c602e44897a7a84f0e224fa
2102 4 2502 b352643d088056a21ae80b330b52e7c95e53a404c609bccd4173c5bcecd3c57c
2103 4 3454 5735aca9ce9008df3398f86d7e0e2ea1ac018481473cdae27bfd5c35cf232e3c
2104 6 5680 053bb2fc7dd3f15e99fab710de4820adc3cef776c1a4b22c96d1dadde6f1bffd
2105 6 5680 a569f23574a036e3658c178ae2bf40fdf49c0825719593488d46fcd675393dc4
2106 4 6632 a9bafa21e50f21e0bd241593526e31ac656cc78bb0e7880a994fc3d4f73886d5
2107 7 7586 4ff5891ea63699052117e8b6f2679bc4d8130f38bc3ba2fbf4f17f08049723ad
2108 8 8539 075be02bf6565aa83ff931c632374830730e798eb0406c840ca364eff9f98bb0
2109 7 8586 a10780c883f05b02637f0d872c884809276a1a72f8ce2f81a328bbef8d5db535
2110 2 9194 149768a7236be93440b90af0f4af82aa6b53fc11c62c45b32aec7ac0d398e620
2111 2 9198 865ebaa8da783da727fb182501d8d914d9f016c29101c90b35908e224052674c
2112 4 9277 504e058b284462c81919fbc05b9e1b803ce11a055f90aee1cf73b88fe4733034
2113 2 10627 3739f1a51426ba0390cb16fa8aa8979612c3b828eaec0f779ae1ed06be812705
2114 4 11104 f6955f320163d272902da874f87f960048a8072f6dc54a4d0b2f65ce5370c56c
2115 2 11157 35d787aafe79fe142dac7015694593247e5b7c880e1620a69385484540d5f472
2116 2 11717 b9b52b279fb1f50c1e7650ce7aa32e8029ff50fbc489638aa91551b4d33da63f
2117 2 12230 13370a1ab216ec2fd3fb78e84e26e62c7aeb4bae9bb38475819d8edc45cfafcf
2118 8 11781 3ac357c3265deb884b5c63a7ccf2134be2c6509cc24ee03850fe5779aa5a9151
2119 4 12260 a4777ab9734aba08f7cc14783117b4bf145003e52995c2f795523b0b231ca78c
2120 2 12055 59097df3f74012db7c3b535978da9738fb4bb51838b54f590bca09b4eff26ff3
2121 5 12722 fe2f190e388e51da817fa4d774e5e30af9eed2f51f00e10ba870acb6cd226649
2122 3 13675 32ea294aa76fd45f17d12bc5df9892d748a6fc6ab79f50b5c2281f49e10772fd
2123 2 13888 3f89539f181cbc5af9b56e43af84304806ddd4e7247c7e14929a490a898a0864
2124 2 13687 fa574299f215afc75b2923058d817dd8b35b07c4a62464998c5fb0297baea4fd
2125 2 13653 327b2f27b94bf8e697c5cda1bc0c9aecc7f2c058eb9d413cfefba086e3f70f66
2126 2 13867 25e830e76a234c3bd8516d60bb57d0c20c396499eddb1c8494a05447b5a4ddc3
2127 2 13653 4f4e11bfde2e67d199615f1b33c57007dcd1c7034791ff1abae45e58143835e5
2128 6 14606 6f50806e3e21f4dac69190574c680956278ba045a24ab4ddee8283d231e0ad29
2129 5 14654 4bc1f7d2fd2557fe194eb8782dc2c6ea79a1b85bf114aab6835c44c6d7c31242
2130 9 14794 f893b5753b15745690bfc717e6bbbf8bdc0f493467f139ee18daefc0e66d6f63
2131 6 15743 beb06e3d37a31726b45140b859ac2a75a2f4908d802df88eef433bd749f0afd9
2132 2 15956 378de5cfbcdfcb7c460a7e6e7951285f8b90280b691d7cc19302b459f229f5a2
2133 4 15829 d74e7bd1dbfe760c09a40e3200b096fecc679962f5fac703212fc0d8b607f31e
2134 2 16170 dbf64c9c8df4f567babfd5bb757c9bb8e37c61ccc56f9f16aad3378ca588d9fb
2135 4 15827 f299a6a21552609ec00307d6ee69c6c98f25a7d7510485bb60c65636eb9afde5
2136 5 15793 a53c98473fc67b66478b542a6c186e480dedd4475ec80ca374b902ce2fcde257
2137 4 15842 6ae8ce52f66879fc0ca9faa9aeedf1bd97bf2519ab503cbec9de2550eb9666b4
2138 7 15725 5c1121a183476f2e5a9f7d4b00521ff430939288f3b8f44ad8637dbd48df66d0
2139 7 16678 23c1475854717bc518fc8ddf8f88ffbf95021689068c40db051450f641a3edcb
2140 6 16728 c6b074eff8f4bc5aa63342962e8344d294d0c1c8b214a3928a7c4d4edde30fa5
2141 5 16777 cc07ae0b81befdee1bc0c99ce4d0403565a32dd5ab8ade150053c2e64a3f0157
2142 4 17354 2e95e2785912cc8a2c2412fa2b10a19c9fb6f6416acc9bcccbcb2ed48953e404
2143 2 17362 e9eccf4727c8818b9b65b2644fafa36629ce3ec16fd84667c099c74061e743fd
2144 2 17190 e42740bd15594951d93116b291339527251cf51947b7380d3e4784a36e2298bd
2145 3 16813 6d3bb0f8600f3d5dffe0ac35fb64bf4842251c5731be1f2e7f509f1445f0c984
2146 4 17292 1c0f7347606ccf3aee9dc1536123c78583e1656de3959bd44bad54e7af946b2f
2147 2 17756 c22e7b259ba9299900de6df46dbc63feb21b9a43603d0d16c2326dc95428bc35
2148 2 17970 2bcb350e7f6f6addb19ac85550b44507a160813f83b63728b066764a59917878
2149 2 17769 a66ccfcd90f9314b8b05f5724baa10c378f0f34f9a2128de7258d21af673ed81
2150 2 17757 4b5214e8dc1b79b95ea63dccf00fae06d7fd2cad6b47c3eabae0303867677571
2151 10 17886 dad9daccaf2dad1e2968f224c74717446c1a6f8957345d5f5590d03a60b0133d
2152 2 17919 e346d3800bf0a4ac112677485f1e8e0ffedcdfc2c96e26ff0c5d9f678b26f89e
2153 4 17466 e62559d5b417e7067e7e9f70631147056bbc0e81982b742e9da2607074f3ae8b
2154 2 17581 3acf88b73ebeb754041ec5720f79cfc130127976b9871d10dde8cd255b18d3e5
2155 3 17561 1276d88f9074c2149826fd06fce9182d64064ba52fed5d4b9fb919d076f42a39
2156 2 17609 08c35cf1c4a83b5e4f9d9106528ccdd59a3ef12961b44f0fe97978db6ae26780
2157 7 20091 0e74a4c34cd494e234ef095512f16ed49a443d7f90cd16e527da7b4935a9627b
2158 5 21044 98912b79aca54ca6cc3ce892d579338b42d7106bf67b76216ff1925c0d5c4067
2159 2 21257 bd6a0d606640b5526c77c1775162d248fbf2d191ea2449b0a747c6f1f97d095f
2160 2 21058 83230330c16cd00bcdcdd9646beaee7be22de3ba36e8deb178fbf7a55a4960d1
2161 3 21046 17b12f34181eeccee91a9006c09e4d49dad09d1692f783c4c3514ab0bc5740d1
2162 3 21812 83535aa053a9e779eb816be27f59747896e27987ab8c8df4a5c1c8473382df53
2163 2 22026 610570d5505feec73509422b5ab0d2d1d1d0eb5a5e25ecae58a82461b20259a8
2164 2 21897 e3163d6649585330e6b9ca9e4780d8f09def3baf191f35462d3d9b403a34e679
2165 2 22392 738ce1ac96f1ebc16ba8ffc8c81ab264f760eab8a320c9ed0118eb05641d6ae0
2166 2 22319 336938b42a504779ca8c71aa69fd6264acfecff9da02d1cb4f961128061ea41f
2167 10 21824 827afb7e9856ce2eaf61026bf2996ba67cd9ba61f50dd60fbd6756cfcf0d8910
2168 9 21872 9d7e787472c58046ebfe2dfecef66aff1eaa226e65390f971001034375a17782
2169 2 22157 e784fd870b04e56f4b057e40b2927e7cfc3ccf201e9fa02c0cc0f8aec31275e8
2170 2 22157 f01cab257a9f920532a56af9618396bbe137a0d6e78b0a70f1a40f1843f53abe
2171 4 22030 7d4534d0f99b43043e2ea22c4d100bcbb62b1c3678223b04356d9cdcbf0e4471
2172 3 22077 ce78b256e408d580a259bb61c3e0cdee0094102ba64c699f0b1a9538eae2d1b3
2173 5 21969 ee4f25bb7fb06cfd003cc026d0f168fa5f75cd8a5410ea9b502ac4bf6aa49327
2174 4 22922 c1c7ee4468d1835b99d9fecb7f8083859da21e980acb2b3231808e71b21b88d5
2175 3 22934 1162fb71761d9d50f74d9befc8ce63016dd33242f86734c553e315f910b9bb4b
2176 2 22983 9f8eaa40c59dc35fe8a673d7ea55d5c96d1929b6157290827b3b33e180b2a6cc
2177 3 23139 78e8b322c5ac048973732f06126247ac97bc492ab58b28a2225a85cbc17770cc
2178 2 23928 34c72f9ec96b3af21cdabb4dadf7b1ef868708875f3d1d1d99791b4fd5aa8b5d
2179 3 23860 6b57e567a3592be3c21eb3a83a1709c6eb197cad7ff976d5adf4f5ce85631c0e
2180 2 24215 6d350194d44e2777a5ad4b09288580396ade0a5ba1144f906775797f01417821
2181 2 24141 2f822c0ad980b71798a20077398baf318bb4930b926b432247fada40e2cdba3a
2182 2 24013 94c1af32c814a3c39a57cd89cfd23cd51577c44411cc9c96043b305ae626346e
2183 3 23952 3b81e9c26616efb86a0055c819615ef01971a04faef0038fbdeaecbe6e03eb9b
2184 2 24064 c645e782c5143d98183382dd09336ed90d6ea26c53d4688fd13ef71d0dbf8a3e
2185 4 24641 ceee134133b610db2e045433512dbd2d302074ebe31de0d735625e34f275c53b
2186 2 25422 29ee8117dda27c9d7236c2f61fb351183be5ec17b5b3ca13f96c5217f3e87051
2187 2 24942 24c9c8ba6755668dafaccda861c4b9d88b8d9797d8929f42ad7054554a3be863
2188 2 24991 de89bd81592ea30a498d064aec3e92d184877389587ab72602871070daec9a67
2189 2 24931 86edae312a93efdfef8f2f3f990daeb3d3da3fda4a5432bf358bbf5c5f51dea5
2190 2 25041 02b70bb61c9594cb47a3659191d1ac2df4b735190508ad98697d3cc902492bb0
2191 2 25995 4bf62f3ed84f3c0746c439d640fa452f1e143f5a13166dcfdfcd83efb0070513
2192 11 25949 8992ac426f8b25449aa3601b679501552974c21767da52731712c18968261fde
2193 10 25999 d09c952e5403564fdae296f8d5eed07613206ecafef5fe749559a28d5a450a4b
2194 2 26210 d14f66274d8075be30c4ff9e45b30190754552210e5c3ce4323039bd1d499ddb
2195 8 29649 c772fa2e4bc7823a0e9855e616ddd564ac75715005173e93dbed75520bd0488f
2196 7 29698 07d0023c50e34b031dcf4093350686f5b2f426652fed43c8394ea1e92783e119
2197 2 29722 deedbc77b086ba1acadee208d15ab1a8928d4c2c24b130883fca0dd664f1a5a5
2198 2 2502 f22580e7f3f48f4bf090765f789872f1060c877b56363e9ff982346e8c5a82dd
2199 2 2500 a3c7ee4e61f6c46cd5fec2ad7cc5358e7062733c48a454c2d5d3e87b6bfee3a0
2200 4 2578 e67deb629ed863d7d16bd8004538409867caef4dd65e7823e5f477309842241a
2201 4 2578 70d79f5ca3d3c7bcd920244b236fd3a2d960fc4f828f1281900e354f99953975
2202 4 3530 c3067b153e6f0392e44e2f2ca9e1b0e6d9d78ec1d91e7227d6eaedd4fde89a81
2203 2 4474 412f4315a5a24c5cbd710e5249a1456e24dc472ef4931d62178cf59b6814b75d
2204 6 5185 b18e556e6e70a5a73ed9078bad5302bd0d995dc8f594a999212af2daf50ef2f0
2205 2 5671 a33849143eec134cacc139555a70da1a9cfa4a0826208d12b5a23dc3882daca8
2206 7 6620 aad538565dd6a2be42666ad947c696fc205e8fc33252e3d21a040a8234cce0ca
2207 5 8671 75e9d24f48016a4fd5967b743a4b9c03bb76087710720b6631e1a93a2a4e387a
2208 5 9624 ddfe78d62e3376c0946a8d8a6aaf9f7b70c5210996ee82e3365c3264eaff1344
2209 3 10103 0995ad5ae945acb92c62367918213d8a0ac8ba9d2ddbffb0927f85bf64d41424
2210 2 10566 0494de825b686b34d267678350d67e0e47146b68cba25e4e25c7061f82de19df
2211 2 10578 c0320c8f78b15b1083ce8d7a05f0e936c6ae6bfebda2bb04e7399093170db91f
2212 2 10566 3aed15070a30e186242a8ee8f80de92c7dd6a8ec9a9335c5c8b8b8546da3cdde
2213 8 10749 04eb94745340e4d64b85d979a876db5a06b7fe1cd7689836e7169039937db84c
2214 3 11228 f72b4e57429fdeeaad3f56065929656ec3d96e7892cd5a6a04f58c9204ac9259
2215 5 11678 61e08ae03c637ecac962deeaf10fb6bfd75533dafff3e75221da2d437fb95738
2216 7 12631 02ac21eecba6281478c1bffd85f0845c56fd71edf62803c8fcf62bc515036e54
2217 2 13110 33e288e6062f91f40ce64240ea96a1b99612fd4a443b5b21744428bc9abbbc13
2218 8 13831 4f853839e561054c1073bd983a9efaa2ae08e7509a566fffb57b5a9159963185
2219 7 13878 b9c708f579d82dabda9202df6286f3840bffde37c9e6c7c5ba49eb2e74d03472
2220 7 14656 cb3015737c43704279187fdc00972086a7d716822a8665bdf26eef67772cbf07
2221 7 13643 5cc8e4de26124130fc2015bff4522e9f8030e263592dd2167544f202226beb0c
2222 5 13655 a80e9006cc60548b042d6289d9dd7ecea55cd07c5f267317bf3bfafdf076e3d4
2223 4 13691 bb6d7009f0619cf73d1158174780256b824d2aff8adfdd645abb7d3006d7abb2
2224 7 13898 5abba0702f0ed566e6fa5d96fa727e022e20e7111fff6c8eda21a8f1100ee1cb
2225 3 13950 a30f82cb7a9764098a9419f625b16b8ca382286cc8fa3c6c044088d92eec0414
2226 2 13999 807d723f7f1c6b2187cebfd18f8a435633460cdbcca36ec04677415fda01ba53
2227 2 15151 5e9ebab1e45e36c9adc28f7b3f40041e0d6a841b6a6edf797d1928a59314963b
2228 9 14750 379e9ecbe0eddf4e392387bb7edbf7d26998a085efc89b48861b0db0db865acb
2229 5 15697 dd4e308b58adcfd17c73700d0a181bc8cedb055d2c8d5a87e527b4b7f63d773f
2230 4 16791 c94d69b5cc0a9c7f1815981078d92c195b3806f06f9787173c4aeb68a706c6cb
2231 3 17266 1ca45395c5c6d0ce3bc075ca450bc4c1befed376166cf6386e920f2518ffda80
2232 3 17390 c33db919614c04f46718222a46a769c89a28a3c312ad9e6953aa1afe4a0a8b82
2233 2 17463 aea8d1907603c6e3e04e292715d23ef7f40512b3a327489ec55b1c73174845c5
2234 6 17975 d04c388ac3435e97d0ec52bcec9fbec9bbffcb78c706d225c178632c9145a561
2235 2 18454 5b36a23115d31e129afed1aa7d4309b23f4e786517db9cd9f93107c6e7ae7725
2236 2 18417 0600450f0f0ac23b1d77b1f179867171db503ca28f833b57cb92e8eb5a5e1b92
2237 3 18811 cd9ad0a3a4348af229ace213e4ac91e69517ad6c53e7653c22cf665fa4cbeecb
2238 2 18858 2f55ff6942bdabfac55043cbb59300aed55910bab18f490d69acdf62b9f388fb
2239 6 18995 807f0fbd2143faf5c51fd1905c35f2534844df3a89a6eabc87f8a63e4cbd80f1
2240 3 20941 40a79a7b010c194af06e3a65530cc81930c57c2baf92bbbabd285be047232627
2241 2 20953 ab5b1f95462e929e8fc44b653a4dc0e0df36ffa058040dd42f6ff2acfadd83b1
2242 6 21035 327d1e5b43faa722a3020ac06168052acda27990ebacf256990e44d1c098ecce
2243 4 21047 a185968c7a22101d1e08e4563830c6acdbc440fdc0e5e5e4e0a8b757330c7ddf
2244 2 21526 09846fdcb8f7ce77907aa9f9c85ac6df6be4359597a8ddc6f6621f12bb23c903
2245 2 21978 d1bf032ee3e12decf8d3c0686918040fb8a8ed25ee581f09d1a7318ba17065c9
2246 4 22053 fc37a58ff9c7261e98d984a52e4dba3b1bbc53ef416376ca9730c03a87d2d692
2247 3 22100 594b333ef0b4e69598e2b3ece39c8d91f57e4f8e23c4b28b8036ca25a524604d
2248 8 22772 07f465d44b755303eb0f756e62137a757909b6af61ef0552fdd4ec03e726e214
2249 6 23085 d3fcb2977a8b2f629f69a17aeec51bd04eb03777103cc17087e7ffb45038bc4f
2250 3 24028 b6e26f68018397740432dc8192594f812e5558570b3e999c7671c779102d8df7
2251 2 24241 b96f92a25d1747e2e9ca3cef325cb5a43ba7550e2b98269ab74d0f3e17fd7fc2
2252 3 24028 53a9088694e59626889f403e79f8266bccf56e115ccb513d126e0347cc6f08f9
2253 3 24981 221d311d621ee5235ef0d7911c7a9264534d2ee9fa7ba4f5dfdd1cc20aefb7e1
2254 2 25028 a4a3c614939fc6dde3268cdad34c78c2e2692d94359aeabb521b805b9a5c8fcb
2255 3 25507 45ee2fe1c9fd825ade3dbcdb7c69aa6003d3bd900f25558c21fd79f66d04de51
2256 4 26169 6316b5458a958117acd53fadb15817eb99999b1bef6ed019e7124a62dab3b814
2257 9 28083 a47270e358141b5118ece15812e22a8b5cee06e3362c515577e7ec96eb76769f
2258 8 28130 d00aa1f3592c9f5e9a1e9c1c8a617fc2dad8f41ef78065621cd6d83663bb4511
2259 2 28342 9aa20776ae82973322d4c1e5147aae7d683999738a4284096d437c2ce0a0aef8
2260 3 28143 c98e296cc7d772e680885253185abd0ecdef33dd0b608f2bfd7929bcee8ee9c5
2261 2 28180 092793f82bfd3d84b987588155e3468e8b3bd617a2fad80a9d38f09c9106a4e8
2262 3 29133 be7327efff27b2470a1ddc587475054811a0d4afd31f7ffd0c7fcea25de44400
2263 5 29274 a6825adcf45e22cf411be6dae30409c38adf9f0b28ca7fffb522841f8cc92915
2264 3 29345 0b3872d7505a85fac478477f7fe608712179e33e2b68c57c2bfb42c57a047255
2265 4 29829 504b6dd9dc2e5de6f63a748afe454f1d137c29c67afba4588dd49268d9ac7b2f
2266 2 32260 a0e1e5d18a7329dc1f60166cf08a8cc37530cf96303a42d09e03db392a5b7895
2267 2 32474 4d1bf30b3be888ac41fb934aacf8c2f866a449ddf1613e236f4a8355dc3c2c0a
2268 2 32260 7bc88717d90ad46e4ea3176eff2e50f6f5ee7ccc565b5180a821a347c6ca835b
2269 10 32122 961e646d59980920857c43905feacc6b9bb02b74b95f77d4b385465555401eb1
2270 2 33373 4d9926ba9270a2c246c9a19817fe0bc824fdd3eaa931b5563d786e0800fe372f
2271 7 33065 94866176d6d6488091cea4ac060a6edde9995bd0fd6f73653b70640907925333
2272 5 34007 b7e6d73acab1e4848d148ee884e0d31952618a455e419a2b493d9b5c39aea7bd
2273 3 37375 82f27d6a95ee4beb248b15a92806b7299370ab7733deb5bf7d495e92dd6773e7
2274 2 37588 37924d3d609e087b6cd00e1cb2f3f7afc796c004d61933ac0b289252928929f2
2275 2 38425 f82dee6c0cdb080b62b086d6a0e881a56654ac1f0405b727d3b03019ee07a656
2276 2 38425 a15882df8d2efe768cc2bb29a36cad91a90245f504182744bb7b950c622876f6
2277 3 38559 05084b48f56739146542584232927b919f6a5d6614a21c478c862ca08e5956b5
2278 3 38375 5111bb415448b90c5e2babda356dd659a6dae22b919176b5fd5d596188376f24
2279 5 38913 1187a904fe2e0bc79ed1f4624ee5baaba3b86bfda6c78490288eb802bc826b8a
2280 6 39866 503b04dee3b6d2c97b91056badbabd79b4871f460cd02ea75beeee7eab72d208
2281 4 40341 e47e2c324e6403d9042ea1cc4efad929cf51049d8df242a64f495cb0d509b9d2
2282 2 40465 0d3e9423eefe6a908dbb7084cf82cc31712ca60dca8b00f5fd2c13df503b92e2
2283 2 39976 9399bc77488c1db22f357c2c3c383276fccbdbe259d9b4004aa74d14e917f23f
2284 2 40421 5146d7cbda31f11d0039cb498696f036283b6dfe2fc333003f7fb2ad9daba282
2285 2 40995 65d3643a6d314eb56d61fb61c9d047f4940534dabf278362a8b127267157a7a1
2286 2 40432 e2f2b20cbe9faa40d1fce55ff33d05f6e7c5202d1a1c102b1fd481d4597a7376
2287 11 40500 bd9343babfb4d71479fd8c2ec7eef36e492ee96090b0bbc2f9f0758e7b4a274e
2288 2 42039 4e88515634b4aa684266fc057ff0f071e0c4f17e7c452f986398324b5ae52b4b
2289 6 42677 66a689fb881488ad97610b4e1d656007530cf712c9cce6f7f96135c823bbaf56
2290 5 42725 55f862246777e3033f9127b506f65ed5a7cbcfeb70f9502760e319877a86b04d
2291 6 42542 6eb6658efd71485f703bda9519dc7e4436fe1ae4fd1adfb0fa28ea2e205a9d51
2292 3 42359 d25263e1faf7fba59b430e1617f542a425645facde2162b2a93967026b9993c3
2293 2 42408 784f4aee46e7208139156d647d98e518d93d8d8b725bf90d585a20b87b759012
2294 4 2502 bb8691cd57f73262348e21db827c2fa41727615da799ea87f2d9fba74f075088
2295 3 3454 88d14bd56e7cc1a849876bb87accb3c1b4518807a0aad9e3c65f01d2df48a921
2296 2 3501 3c7bc6a0fbdc989cdc268edc19edc1abaef44bb7df3c168e1737a0f1cd5f6d5b
2297 4 3614 5f424bec7feeb0ad78f618eab4c25c84a14f0275d3ca601cc21aface23c0f308
2298 6 4566 128626f7ab76d899f711842496e3fd543632885a97c166edf8ab2979485436f6
2299 2 5045 e5c523589c3013435c9260241dfd114c2ecb275f3de1c2ced2b1ca968e3216d4
2300 6 5603 70d4cfd2570e3ce5b4ba2164359f3e619dadad8ba89116bd38c98d2557db5b48
2301 8 6556 f375937410f440dd317c3e8ae10cbd38266af2f90a6fd9c20f75fdf88d4d64d7
2302 7 6603 be36c48cb7619bc335634b48c0383fc2c8f7ec980199ac8c8d8c1ea7233d9e4a
2303 2 6616 012e75849cd99969b49005e7b7086945ba3d25a3cc3b630b44f7c78ed6ac8965
2304 4 6604 7a82e055613634ae1cb469e31db51fe18310f8bbcb848c97f7a588d9d1262dbf
2305 8 8699 dfebf633dc0d1f465882c8af7a779d481bbe99258b5118c4b2bd24aee772c2dc
2306 4 10669 3e623603dcb1373885e11e01c027ef112af81dd366a8aebea8ceb4b4ebe3e2d7
2307 5 11622 32705c784e9357fb93232a7a8eabec93520eb87284f2ee119a8f9a61cc7f9a7d
2308 4 11669 cbb78d64a716d046b540b753bbe73b0e1840f708eb408c6a1987ad94f6c06f3b
2309 10 11730 ea39db2a9d598de4918e4c05bc5ccedfa6c0c227c84f8d50cef8379141898c54
2310 10 12683 0bcd57b6b2e862da8fb26077151832bf5ff7441839c326bc5785fb9aa81cfd6b
2311 2 13291 61fab8f8a2fcb30998c2efd6647b1679aca021b3c0c6025f3217f0fc1d7a543a
2312 4 13623 10e63396d82871e8ac0b89b2726410e86f54b2d86bc686514737740da001decb
2313 2 13838 f67da326363eebef120acf8859093bc3fa91e2bf1b816bacba9e1d185d33c518
2314 3 13709 1bf7576108f1cf76b406c2a23c239a89f419ae9e6c9b30125a52fb8f943ed850
2315 2 14287 7b2cc8a71d692078b0842c47c4ff6a3d475b3e50df7a7d646f646bdea5791ef8
2316 8 13766 88bb09c50e47ee499faea1c8f9a35d507afaa867b883dd0f42e268879d10ac67
2317 7 13814 3948a13f9bf5a5dc8c1ba542cc7aac0041ff93bc3964ab01da639df09bc7c938
2318 8 14767 78f60ce25428d0a684467c6bb4b7cc968c98f59f288fbcb86691c26b0c338f00
2319 2 15246 0b7d72dfc80b40d4ea851233ef855e6e765fa9c4ec408cb3ecf56caa5848312f
2320 6 15710 9de432b767ec7629ba303fe31ed6d6d41fd7728e838fdc2dcd4e334aa808f141
2321 2 16189 94b5eb8462edc1dadc28a07a92fa68aad725aefab0b937e11db0e1c07cc45a4a
2322 4 16652 c331f2daa8897cd6b4636510b2d8fd4b99cb9baf35fefa8fc92f60a926f29d9d
2323 4 16666 b0dda4e25ee785078fd1a4fea31cd5273d313f942fc37fafc9bfa179e2f63e1c
2324 4 16654 855b357d6ff2d7eee7370066fb25e9c3ecc85ef7e41787fbf24f7bd14cd6727b
2325 2 16196 cdb689936d569b191efdf4ba21d445f1f933d8c95c2fbe2112a5b2b7455e032a
2326 3 16240 edec21f49ddbe02344d32dfd5b726b149f87306573f07577d03bad029757b7bb
2327 8 16772 4c1c59781f9108821b335d19045332b2063be505797b0681f0eeb87ac8b184d7
2328 7 17716 26b4cffe5cfa651e7d581a809afe33dc472f24859e995da6102e58e8a5720325
2329 4 18294 6bcadb19dd34f24e9ec869b3f01124df5e774027b50edcdbd9e54b965c21de62
2330 8 18721 cf92e85b6f69f283e2c41ea7ff5276025df2e20e2f9a6cf0f3a6d68578e26310
2331 7 18768 275cc29aae0530fcffdca645b79a4f46314fc581ddb303a3633a8ea0cc58a5f3
2332 3 19580 c4ffa9b241d8bb1c6ffd0559cf210e6dcb5d0b33937fa034e2bf56e9e639fb43
2333 6 20785 186e87bbdb3821da56a8a1ead61882d7327418696de525886aeff4ffd526411c
2334 8 21738 311dab648f31002cfcb95509deb6e3747220ca60b6b5d86ca1f8e1a8f0544a8b
2335 7 21785 8fb35c9ceb02a88b93ef471668c1a49f856f6af7952778cfd085da692ed39126
2336 3 22264 5d557901bd34c8be6f05275bbecb2b44694586964b9dd09a37727ad94eb7fec5
2337 5 22728 05b58825b3241ea1953da8e8d9499bb0a0c03af09dc51dd1887c8719c9b080c7
2338 4 22777 3821e3e4ca574fa0c53af3eb002b53193a978a06eed360ceb9a2def7e07347e7
2339 2 23220 bf2bfb933124c7cc84b3a4b0a515a8506eb761a256645519bd6206cb0ecf96d7
2340 2 23430 25eaf30d0bfc2cd6a7152a055ec0dfd8faf8ee139b60b177ece49333fca091ac
2341 3 23136 56246b6e2e12d95d5b2e5732ef8ecaa55549009e9265df437a7a1ee8f3b8d236
2342 4 22764 4363317d1d98ad5f61430ed3f303e473257bb2d2fa5feb862e64547fc1de7499
2343 3 23708 9ce2eb880d129c4dbc3725a581c07586781a501969ee6bb546870ddc0a853ef6
2344 4 23250 c57eec22ebbc77f8d231e5912b974769fd2bbb80392c25409a60b33261c6822d
2345 3 23290 07c05bc235e47e070a6470e04a6b9743b1aa4aee592276d72f2ceec80a6655b3
2346 2 23693 c76ffd7a6ce8dfd7f78072d49d43568d9a777e9af706b232b9d9f5922a1b6c9a
2347 2 25370 91f4a4f2d89d28977aff4b92ad02156f0747a3012d56d365a5f3821a3af8887d
2348 3 24680 94ea19cc1db17695837b3fb536e829e5689cd71a134720f68e111bfe4e1de3f5
2349 10 24948 e40dbe7ac3edd85be7f6af1f9f98f89898fa706e36cd462615f9ae4c17e2fb23
2350 9 24995 0763a57a4ca897184469439828613559671b9a7baf9439a363209d3386b5e708
2351 6 25983 8f7f473da149d36a8f8e95c4d41b4003780f80095921d5ea61df367bda4507ea
2352 5 25982 65f1d669ac915d3ae6c3fc5e6da8de6f67196c5c1bd08f02f034748d2b828bb5
2353 7 27972 9e4bc50e8e69b4c8ed84f5c1199bdd1009fd3fe7b88de5b7f0c2ed49afb63cb6
2354 6 28021 1b698d7cebf9ac1df048e7185db957ed4d23da02572293bb9bf21a58ecb2970b
2355 2 28630 f07b44b3ac22b0a9f3859fcea5a9da43e13f5fc6f113139b8ab7a9fd35176935
2356 2 28963 b1b9e612a2654ad13e7590b3ca0fce721e39db98c819d8cd63ab7810f24374ce
2357 3 29916 1a61b9654635200295be8f43aca0f5f3e54d78e1bb4d0aa62835300d665ec3f7
2358 2 30360 5a390f782e926ec10a4c93aaac120aa160f1d38dcc491f7f3b60a93a3a9ceab5
2359 2 30109 41490709741afab3b8e1ad3f33d294a7903f4a45b849cbb09706bc19d4f8daf9
2360 6 29823 181e82324f1cfe29eef51ac3a025d3b85e7e83ce7c69cc4e578b7a52a4a8dfc1
2361 3 29835 3f5ebc60b2b5909b55bd307d8da33d2c6fd7160af3e92db6eef76033797062ca
2362 3 29871 ca9f66f4c66085bdc331821597195b79e931457beb29726b651ed3c8818036a4
2363 3 30655 1c958cc54a217b752b6fa5f9fddd98e972747094c053fa373d36e7a7c8afcc4b
2364 2 30654 539d778b7a3a22d941eb6d73c6e77204cb658807628e18d5654732241cd7f83a
2365 9 32965 e6f555cc538ba4c66ea62058a64e5cd3e9134cb6bf669ed4e29840a3b28a476e
2366 8 33013 9e02b61ba762e4af1c8047375c6d06e6a511e6299d99d914ce3b35719b6ec965
2367 7 33062 748781558347f3cea661fe0a68cec30f2f7961b3c23b01b26c8665ae2a285fee
2368 3 34005 c78b9b8a151a00ddebd5253b9e1874e4697c203ef776846a6cbfa4e63bae3345
2369 2 36189 2d66882890d79620842eec139a21ebb2e40a2aea330714f02f626da0104c599d
2370 6 35980 67fd91b35689f302750105332900120be5a90bba1b310792bea444c50f7066e8
2371 2 38021 393d1cd99beebfa8b6ea5f19524322fe6be48a7cf9c9aca8a6fd7f8e1c2075b5
2372 3 38974 e60b5e394c0ffa2b9b7b4841eabfc077186c9d3e5811fce626fa8dae61a5e734
2373 2 38986 a59c4e7724e571224b68a252676306a8a9995b8833544755f02fa76305e987c8
2374 3 38974 799c4333852e5038e3ba8331419b4bd0c16b3427d8a6a3fb30d7ccaaffb11bb3
2375 9 41141 3ae3235d326c1e095248261ee2638dfaad4ca5e3cb92e15b6090d417388d2e43
2376 8 41188 188e779b91c4dc5728e00af80db86e905c8c28fdb779f1e79812140612c928c8
2377 7 41237 004dcdbee3aec8945825708d714764759bded33e90cfe689acd5124276022180
2378 7 42190 6c57857f9b362aba994a04e18d194cd97419fdf73a31911984d9669c422f7adf
2379 6 42239 e19822d889f1603404d20f126e4833fafef2499fd526d3cf29fac8c3c124ea76
2380 5 42288 83abb01aa691ce13a507f5bc8ad632bcf194ff7b72f2cddd70d2547c696424e5
2381 2 43233 9b5b9e5b968e34263f43b999ddfe004b7aa6ddc526a89e82d7f8de36fff69097
2382 2 43643 57450ceaffdf68c5907d5c7890809c0b40e0abf8818a0f19dc62002ba291fcc2
2383 2 43642 1cd999220fcd8660c0600eba882952e7d24038e000685451fc2fcd0dfc478f35
2384 2 43643 749ce6a28f22fdce902b5eb96cc041c5030907390c1a946917a980b7ac142675
2385 2 43892 7e9f0544f2e20c526654aaaebffdf59e2129ca4667a729b4b3c369673937189d
2386 7 43101 7ceac77d568c6a2514ac3d95571ecd571dad3c51548bb5ebb69fbea8f32ae11b
2387 3 42946 740444d194236bd829ce0263644919a0abc9453e6d8ae3320ba6b264e0ac75fa
2388 2 42945 eb79af652a178d9299dd0c100124628dd4d699e6da7abdd129dff3880b233b5c
2389 9 45159 25b0e0ed596960cfa83ee2aa74395a122e50dac94456f8747c419b376e77e35b
2390 3 2503 2aa225398af463fe62e9f08c6f95a28004ea551700bf32392eb20c09e078bb73
2391 7 3452 c7f6233d4f9832bf8f7bda2b71b3c069c425fe8984759681168f4a55ebf2b9dc
2392 4 3462 4bb63bb30e4cf13d9dc887934d7cb90bbb87cd3d67a70c6c9c090e63fb3673d8
2393 7 3450 fd4ca7279a60e7769cf57fbecda0fd354aad9914f67bfe2da347dcc21eb546c6
2394 2 3929 6499921699463764f9e4ae3e7a99e249805136fba869faffc19b9a5e4f3abd68
2395 2 4640 79c482ba7021262b3608f7dac4852123aec09780d26398a89e6a40808be3f48d
2396 7 5592 37811bcebac5a3f884f5343552d5f2dc71379077c2b77604e4e5aeac4f34318b
2397 2 6071 19ba437690db22e626d5bccf2b91e542f3818cb6a276f33371b0dc7c9a63a9dc
2398 7 6542 8eb1b13def68144e13661a1b8f6beaf260a788b60b23b468854ea1027c63cbb8
2399 2 7021 09728e40fb215cb40d1c97496ba9f5f6151741e66d36ef4d24cedb2a67655af1
2400 2 7484 710adaa21769979cabe1efde2d2ea7ce0792634253b7f6943ae8d338dadfd502
2401 5 8437 f943b4662f22b3262e6fa0d487a8ff9df4ca547a7881b209480be74920eacbce
2402 4 8484 45361c1d1c54dc0507d04dbf3f2ada32fb4091de06ad8df67ba83fff4bac2892
2403 2 9639 494603c185ca18246e9882ae7556fb2350a9eeb0e2352c80f341217c774f0213
2404 7 9715 4f49db8b8dba132cef141fb25d026e1d5200f8e2fd4351a80f254e0cfa0338dd
2405 9 10665 71c2bc87712ff4b7e3781a5ada1e85571229df753cf978f38043a0a0e931e85b
2406 3 11144 cb81d94f85f4212a59dcff36bac9baba3edd8a3ae182fac94e6a9f8bafdaceec
2407 5 11607 d8d6569f2106855760c45e7e613998896a9296464f131837b45ed983a20add86
2408 7 13600 d58f2fc25143c1d58bc99c6144b8ccf52928c5167b2d711886ef7245ce6e6c89
2409 2 14849 1b4404a6de7e62e5b26c0d84cf0d4640bd5b059e0bc84fc26321786648530c5a
2410 4 15617 ba915281926a5fe8879d287cc088dadde1d51e330a095f7f698b536c3b2ce657
2411 5 16570 8f71c6de37e4e9b919090d56946af8609bec22e1f375b1669528036872121b16
2412 3 17820 302064d0f09fd9ee61e28e22e4bb89e4c7581ba0e9cfa2eb6a6a3b607b089621
2413 2 18744 a58a16ca34efcc76a0b5b25a426cfcdeaf2aa3e923c14c846c19d124a023af4c
2414 8 18831 e163b4742aada401a90cc7abf1141dd5737d2a5846a5b0db6f7d066969f74f82
2415 4 19773 1cabd8e3af38fe21240b2665ea255018e80e7143009b63f9ef3df5381cfcb53a
2416 6 20252 c90a7f92382b982bb5ec3f1a1a07bfd354adda7a576686aca8a5937f29cedc74
2417 2 20920 d5dd7544f52b7b1750dbc11c388b50d65d65d33b9f3d5f0f0efe287c537b7fdd
2418 7 20631 6932cac7a5dc0356419a5fb8ceb9a363d0a71e079db72ceebee7e067e61a65aa
2419 6 20678 06f7766357a66a0cc998768f79c55f5dab2352060018642bbcb6c126c2a6c045
2420 5 20727 46fecc1b2597e2c51c4044e18b9ef61d62ccc88ca713cbebf318041d75e5e4c5
2421 4 20776 b53066b261673c39fdef13007d27c934beb9e8b0e3c611f4ad29032b8029f468
2422 4 21729 d7f517944cb2c8229f69c4ce9daff79a26a8c99f746a8f93d9ff0ec5f16d6039
2423 2 21709 264b2f36761436cc7ab4be1ff596a743a9712712093202878b2451d3047d6327
2424 2 22044 a8917af207b18a6dfc8f02f319a41df50d89c2550b9b38d12631a5e5d2fa1a69
2425 2 22044 627cb9e664a42ed20ac328d0b1a07fa0ed1539ceff5b88b8c97fbeda0bd7b061
2426 2 22466 b97791c232b654da8c6a055d19b3f4912957d454e7d52105d723df6521a3a97b
2427 7 23044 6b4434e7e2e3b9164f49c39cea026ef92af86115ded64445e28c4064b9e2e205
2428 2 23257 d6599e6d17889490183350dbb3e6baf6f7887449778ea7505f283e9750f87492
2429 3 23056 ccadace49698060c68f3208f0267792d3211b3b435285664e5ce610efb3cec9f
2430 4 23092 6929ff96fa5de17488f4bfdc15ddcb2242394710f66b4a79625dce3661c57790
2431 6 24042 76b05cbf4b1673815d926b2912f9e4ef3f7e88aea2cd7c179ea9912d7a97c7e1
2432 8 26981 76fcd6300cd5afbdb23ba3e6d848f02f039f9f6d56364efcef7d42d685df86a4
2433 6 26799 42f794db2456d684d58d40007bbb6e4300e6b5dc9adc088040c90212f54975ba
2434 5 26847 baf45a467854e7cde22766fe97a3bd525d3136f76ef531490894c61d85a76e40
2435 2 27060 ffc080cddb203ee9de0e74386f51534b064fa9f556d5d5fe469468889b8dd379
2436 5 26859 c79a1e962ac4aacec3c5dc22d23176c5d5148d97334dbe109101666bab8546fd
2437 4 26896 31e38f1abee09b22531bedd72824a4b9b0ef7b92dd7ce470154c2346a0a18d47
2438 3 26945 f5189c19767f9b7cd7664f4dce940cd344aae250bf0f7609555e07aba503fc06
2439 2 26994 787baec32cdd4f5be9702604dfdebc14e488fe90e8c64e4471a5df02e005a14f
2440 8 26877 57ddb55e0fecfe33770b656624789923bcfff436a2b832a8376879487b06d9cd
2441 7 26927 4ab965d6d60262b869e6c2717835ebf8e03bd68181f25ff8462eb751f80c68b7
2442 6 26976 96091dfef0ae6902e6a3852c9b810405920a9f3bbb1a8db89f86ad4626ff728c
2443 2 29155 32100358d0827195903851de2123893a17d748330d0c5595e9285a2727e64bbe
2444 3 29012 93521826dc28fdcea3f6930e39ae5afb1fb40b61c4598fb0acb950907cee77d6
2445 2 29374 c0f45d734a4eda0f160f3c952258afc914b5e46968730772abe53ccc025ad329
2446 2 29373 bd2cd31891fb90da4e65a2b73c1ff97a0dfedc71184aad7cd6f35c95b59acbae
2447 2 29299 1e4cb3551baa1a3216cb2667d04bf213fcbd7e9c77c31dd64927a02ee3bf4204
2448 2 29097 9dfa85c7b20be3d82c29277b8cf5a387ced367d32611131dc0b3c7656548fc56
2449 2 29477 9e9bf64b8406cd3dfeebbb8af5a56b31beb79894d0236ed4ca17fa172a52c717
2450 2 29095 5da4393c6c977665d31e7f72627c05b0e74f4835c5c471586cc805e89c99e47c
2451 9 28940 6036de7ac746f4d1e91530c2d292248c398cda0aa187e4c92d0fad1777c021cc
2452 8 28989 c2367711ea9fd128a3e42398eeee81a08b3721bfc07dd6ce7b0f3faccecab3a1
2453 7 29942 8e683f4031a15a27bcd44a9e20922df0623ef28b2990de532be0233ad05933d7
2454 6 29991 bb50a5b30c770c03305b9723bc93795a3e0ca972ff775f190b7e994486395805
2455 5 30040 b2b0bd143715c6e1017ae281c6f6f3dc4ea702f6ade3a505675f5d3910562de5
2456 2 30253 8279ac9f2cc1350133eaedbd6652e2ec2647d0bc40602002ad682a47ed0c6e15
2457 4 30052 b47360d18a357e071e0602cec78ea3d1fd44fb3c8e0ed1a18d6d20fa47283a4d
2458 4 30089 dd3d8351c1568d44977bc97de3c70359a325269357a55d2bde1d8023fa768c34
2459 3 30138 3355bd46c14264726a10f04e7540031a970ea87268178736762978a397ceb233
2460 9 30043 bf8d99789cd76e0a957dbd6ac9bc74ed1507e9e29f6d399424df82aa7bc169a0
2461 8 30093 89358316146aca80de8d5282625a645f929a1c489c55016a4cc73aa6c9e59171
2462 2 30258 c8d51a231b6ce6509f9beab2c3a8855e83f1bfd18f8ece7d65137686765e30bb
2463 4 30360 3c30c9a3014b29dca77c37fe73f192ce9a294ab8987faeab1e7bede4003208c3
2464 3 30406 a26470f5613980f881e409736835882a49c179f5363da347c84e248868b7ff1f
2465 2 30455 83f84e0545d405ed5cbf44d60d0b963af079f78b169cb3b2ba493858fc6d5f5d
2466 2 31489 44f0f8948e8c8288040fb6336fb9344351243391c8d1a3e4ec8c98553c4d5b26
2467 5 32260 252ae8ba9d407dbf4c51ec655eb20d64efd6dd1c7e192d96982c11239ccce355
2468 2 36059 9f343b59b73a71e904b6752ef501de984ac44b7c2bb208f4949b3083f9e92e63
2469 2 36646 80343882b8343bd73f113471b501b1f3dea146d026f29bdcb09657e5a6cb9fe8
2470 2 36572 38641c87f90d51fd21c1d04cfc797026a181036f209cb6621d538d2f87664342
2471 2 36571 f01d4dec0cea9064dd02d4fd4c57d9556c420c9e558dbdc6b1d4b53354830d61
2472 2 36571 387f8306afa882f15a93fbeaa9bffa5f12a05c894bcd9678e4a6957be03af4ab
2473 2 36496 5d38f521eec54e19d872e62c06b9c4f890d9309182a21b486515daa0bcc0684e
2474 2 36497 f751ef15a1eb0b3f14e00ee1443fb211b39086907a7246707cf8047fdb4cba67
2475 2 37157 9b5308999acf1969595aca45aa59421d54ad5578e4fd00e04c7de0b1cc8c7223
2476 10 34098 f4d4eaa73bafaa5ee579dbce83a07c24b4cd35e35c3e99c0b5b18f1ad4afcca2
2477 9 35051 f057eceda094aa49d0f00f50be27ac05a114c8a5a67a71a8adb001e98b563c61
2478 8 35098 bb72d722b4efd161add4bc601585493c00c0b9d026de81e7691465862d134188
2479 7 35111 bca0db49a4746b73048a34569718215848cd2b0b48eb7c09cd739376a72fdf44
2480 7 35148 9b51d29cd1f2ad1988f4d951beace56741c2cbcd34dca6a0f6e93fc2188d72d6
2481 6 35197 1e7c06d1620ee5911fcc0b9914280ad28cb0b9bf59ea6474f9cac559f44cca6e
2482 5 35246 387f22c82482e071d4dcadbb2195f815dbf4d03a176c3f1bf836fdfa641f2353
2483 4 35295 55f014de0fa2377731c9fc202dd11485aa0dbd032479c2178c8e92905e97f5a1
2484 3 35344 301b06c198e815583ad1a48c81a04bf0988007f3b8d326927c62a11d972d3c01
2485 9 35099 9a0c9326f67f3af2fc2cc160d7f2038157b0bdae69a51bb93f84dbffbb658f98
2486 3 2502 fe481ae7089c0eb9229c3b2b4221c8522395acd8c13c66a67b6733f424953733
2487 3 2500 f1a4f252731c0c48c34c7576f6f7c633b4689f1eeeed048c365c70aa12730515
2488 4 3452 cda5ac9906619c3ae68fdbe6a97b5ccd3b82f147126d5132180a1ff184dbd9b1
2489 4 5680 2666d56c883c688729dd7449589b39b3885fc1866e8a0a09e25de96ab0b0d982
2490 6 6629 48b318a82902dd97b69e6ac64b33ecfea016129447a98c8fa5d5f48c7e7b3289
2491 2 6641 fcbf29685e88580deb04f1a9e0e590a1a707c37357fe375c37d464177063d957
2492 6 6549 e63e7580936319acfc6e14f9c9049403c64a6c6223df89842b0db443d9201f35
2493 3 7028 cdfbf3509303b9d69f74c097eb1a849c67b5db4cc1abaca8bdd9395afaa59e07
2494 3 7479 77cd85a54c4c45130454f24aa1ba73b4b3362b3b597080fc74ef3a697ac84484
2495 2 7491 9b8204eb572d1b7a7d47ff516e01a35f7c19427bc0882ceae69f98bc37b88b0a
2496 3 7479 d956079f44fcea06ed45cfa0d79281d382e6403f5693d6a88a1fb5fdb4675f46
2497 9 7739 0dc6a84484ebddb731233909d558e8d1cbf36b4d319dba5800c6a5563005205f
2498 2 7788 c1fad8fd0cbf0087857e95b67f3be04e336d3768bff1114055e9658fca01fb9d
2499 2 7335 4e6b71e29a7eec2059a0fb516612d512718e374eab88765ece9b2888989ea262
2500 4 8664 4c3ef26d0216e27b98abb2f1d8eb9d407b553230c10e11dd0ca5c3279a816a1e
2501 5 9617 5ac691660e0ea56ee211eeae6104dfd0317d23754a4d08c650342f67afac6249
2502 2 9830 77c9cbb35b9e03ac24fb99a8272edbd873d86d3f78f7ce8b994bcb503f45539a
2503 2 9629 7a4e9640678f4b3ebb10b197b85601105e2de8923bfc31e5aaa5143a209412d9
2504 2 9613 6021f1602a4bb4e3932d641a8864887e980fe1614edcc77fd5144198bf020354
2505 4 10566 53049174d1201566e8bd9e13a381e8f5204feb753d51f2a26d39f911fcb6a66b
2506 5 11210 ee7408ce8e2147b3b2addc027deabf0d6d1143e90e1f15929f54dc2e98050dab
2507 10 10729 d5a4a88174e36ac9169a9fd9c5ef62fe80e347a9ce5d2efc2bdf341a9c80559e
2508 9 10776 74ab0aa5d27a79007103c40b94c66e1a6060f9938bbccf4886ef3556497d8694
2509 6 11719 5e988d46d80a196fca5e47bc94ae0c5ba8386b4e24061a681513b6827f7fb809
2510 4 12198 9cfffe5be22ba8144c7612156ab3b0f5de2b679c0ea6bfb6d0937f06078fd457
2511 2 12295 1719e6c1591e14f88a078540c44c59107683d7e27c7bb8bc3733680032ca7d2e
2512 3 12652 6fdb7155bf68498f6da64784a49cdd5118f5cc269d5fea111c00b214775da8d7
2513 2 12865 fe581fa01375168a9d7f0d79da91255e00e154da5faf5e9dc091e16b308e65a3
2514 3 12654 c0579a02f63caf3bde909c7699b8008b447691babf2dfefdb0cc6b01b28f7990
2515 3 13607 69f673f807a0d77606bbec7925a6aa6a0d102a5c93759e148c7287123ba77436
2516 3 14761 42d47fb13c657e7979cf209cead984a050d171c29393a3dd0b0e3f9d23e7d5b5
2517 6 15714 b25995220d07714e8c6685ee9b58269c6c718024b707b0f78b9b9cb4ba8f6f60
2518 4 15726 46185374ea4bd7603c7f2aa6ca887fb0640b64b077594fad83b350b01fe764f9
2519 6 15714 20c1710b2dd55f93525cc9da5327ced34fcbcc40087f606e505ec815db43adc7
2520 4 16592 80bef2d028fc8444747deb924b7d9fbd6f095831e9a67641f8d3e381de7867dc
2521 2 17232 a4d45e52bda27208264e4c0faed4e3d13eab6283f9626430c1eb5d96021e304b
2522 2 16939 5410649a78bce4e34ff67b9a654101caa73df3ecdc3bdcdb51069329dcf7da47
2523 2 17755 3f42bfef5d2bd340f2d2be9a6284bbcf76223db4dd3373286af4bb0cd7bfc91e
2524 8 17689 438d52dba7fec0c444146dbba8c7eceaadef47cc071f6d1ddaf9bce63b794222
2525 2 18066 b0bb7cfa9592f0f7691c4946a00c9305099a05ea1bfa5e9122ffb4e9da4e53dd
2526 4 21338 d70d682f9e621bb4cf322c6df8914b49138c707a1042d23e674b0f7e4788e1a8
2527 3 21385 8dff4ba82224a5ed26adac755287b786daa5320d4a29c9629b20d7bfcf3c3884
2528 4 22335 33d23f36d12109ad834c6cdc18b44e156039ab60b7b2d35f75717270104b0992
2529 2 22922 b513b34dea273e34415cbc64ace892c25885e91675f80c0d7fbeeb42f1b637d2
2530 6 23402 41fdea373bd71a39b62d5b6de5f9d5eaf16fca571412d5ae8a3fd4d97f9f8248
2531 2 23526 16d3bf6c99d2b95a1ccf63b1cf8113520d503f4b497c2020277f80aba84c70ad
2532 3 25483 f2d1164f396545c31d73ce788794ada68280745a1429b3aacda72eff7adb27a1
2533 2 26329 3a096387b1fe3f0708d068b7701fe04c522b83520ff940457887f39eab5fc9d1
2534 2 26691 234041aed639c037a68b4b89579a6a1af3453d28d6f53cd0c79a1b73f0c63ae2
2535 2 26690 2bffb5bfed6cb33ecb83026a911a2791a6bd7951a4f2d9ca623e981bb81ae5df
2536 2 26616 01dc49c9c3fcd8866e9193b0e22c5f79cc52dc75a86f4bf21c4edaff102b9c87
2537 2 25987 be3da99a94d6b9775a35cb8c622f1476c64fcf7696fd7a10dbe6357eb0a3b018
2538 2 25987 a4c20c55bba53ee29084ddb8e49db79c6bee19d6dff86096c35b883afebf4984
2539 8 25723 3cd1f1c56ceda2777d0f5b228899c0393ad52d37ae876afc28d7660d1c8695cb
2540 7 26202 5d2fdae3318f963ca069ef0a1b81b77b4dca0249d6d2b59a50c728849b705167
2541 6 25639 091be00a20e3c4202ff244ca4d5c0ef5769819fc95fad1332d4ae3983e1fa3c5
2542 5 25686 05a0e75e3f092e80a4d1d20c3846b6f9b032f37ca67e57235af51537f0e819bc
2543 2 26121 aa3d0a0d591328886b6aa5a7b56b8bde1303e59ba7c535fd5864abdea65c553f
2544 2 26120 9d67ae855db3ad3ec0eddbb0452a9347dc20f367a046cc55a4213016be9e5361
2545 2 26045 76f5964eaaf189680b5c145d9e2f88ed4c3a1447bade75f4ed6260ad3f06fb34
2546 2 26046 77dfd5d60944a6bce76467dd3d55dc80ba1c6c9dfffd02f70d2de98210080033
2547 4 25844 55f8cb5b3bfc4586ad7176aaf57caf3e95de748e639bd48cd9a6bc3282a2baf1
2548 3 25891 624f8b38c1bbb59bed7c2d0b15dca3f479c50c3a72961acd2abb3573f3fd1f11
2549 2 25783 ff5dd1e6b2152c56fb0e2e9aaa188a26460fc6ef1883f0f3bfa87b613cc41c9e
2550 2 26737 9fd5538740b07d2fa9095367bb96a98fb011d293b3c7e16ad0bbd09cb89d98e0
2551 2 27104 9685a3ede0f144764e76b31a97a34dc12c1c96e70669806586540c01b8623877
2552 3 28056 66e33173cbf84ed46aa4c460b2159709045e7dc1d4f883908f4e8d312f235c92
2553 8 29778 b2f062379a121c1b2618044d3f72485ab9360d7a732fd1e3db930c23f2afa304
2554 7 29825 21f288c1de7abf6affccf3f5da137c45cb55d4f4b44617c5d4a048e91a0a46ff
2555 2 30260 075f0223aa852489ff5e661b68b9a5ddfb79934c333b7ccce15d30c92d85670c
2556 2 30186 c480a8f8961fb4340f954aee5fc3643a8b98dc6ec0154839723a4ede2ab6d6e6
2557 2 30111 20f8413791fa323166aea3a7f700168c12807b3b121895d8cb5894008c51606f
2558 2 30038 f25d748b2d63e24bd49859110a0ed8c453e354aae7bd2f5921e74c04898a6824
2559 6 29911 13c7e7fbbab01c457d13d0a6e7b7e9b1029ac179d10885547b41ad27ce40934d
2560 2 30663 9da76e5d5f28573391cccefcadefc1cc8222fea4a9facd9725d4a8d2d73d715a
2561 5 30119 f34c1df9adfc3cff31dd5ec7af1ed1051225153db8d80beb012e8296c557a391
2562 5 29904 391ca5b10e249a78a7116f6fff94c5d972744b4ef7e04adbcc90efd630a259f4
2563 4 29953 e0739b3e28bc1d6b40df3dc7d87b21ea7c2c9beefc57c658eae7e19f27bcae18
2564 4 30097 2773e48a2d4939106ecd58bbcefac7dceaddda55020e9d3c9177ab323e3acdd0
2565 3 30147 50dde9f6812f3b353638c259cc16802dc4e1160522dad200789e34b9361887e2
2566 5 30791 fa8a9d156f166fe34610ea34d842def2d94a8fb168cb5576585d6ba92183e88e
2567 3 30286 6440d766ac7556d1172844c737b7e7763cbccc994bda60d43880c6989daf6c01
2568 2 30122 63913eea71a9c9b9e613d3028b9ae1a0952197279f00401eaa35b242d0542840
2569 3 31075 16be9c456b872c2585ccc129c9a06de324aba59de0969bbdb6aeb5b82c0516c4
2570 2 31124 d0e9c3282e1c4d9a035dc3165e4ca214b3ad0b67c60c8f00e28ef608a113cb63
2571 2 31136 d69c11eb47c52948a6f9dffca48a2f97603142185e11e15d74c2f81d371822bd
2572 5 31611 c15b53d0f2e9210d29170c6a84609ae08e86af1ffca801bda7e4544f2b0755b6
2573 2 31735 97bdf6320795f4161b99c68ac59fc4be41def7df33556680cbf676f01f37940c
2574 8 31858 8884d0781fe905ee1d5eaffb6558de5ac05bc4501107169a80b450eeed3f693b
2575 7 31905 9eac70bf32c96326eab33e1c42cd98bf1d66c200d7ea08eabb98a84a364b75ba
2576 7 32858 e2c5ede30f65d38c9002533cb73ff663ef96f6f3371ace84f2c8a2a1eefc062a
2577 6 32907 a9ed89761635e8b256598623fb1915f7bd089f1ba1ac12ee463c3ce88cc1656e
2578 5 32956 85058775e1b017eca85942c57436b869d8975b3531a896c1fdfe1f9e36c04e42
2579 2 33242 74c287ff21d146219f0c8efd1e1d9da4dbc07d42e954e676b01553dba533b589
2580 2 33242 d98f9e8a80dea6941007abec8cd27a94a80570338b3778d46b16a2b3cb133a42
2581 5 33115 392040578149087706c0a8e3ac4ef5b02cf47e681ca98f01e47a3abee6915635
2582 3 2501 0999763545a90c0c4c9843e526cbb6ecd096c25082c71721e3417f185e199263
2583 4 3453 b056eee928ce4460fc7dc4507a8b3b49f3ccebab012116ab0652580125273771
2584 2 3463 d1eee2b2796e0ae5f9d70b0107b7835d98f64249123289d77d9ff6371f51d30a
2585 4 3451 bd9a9370146643132277d556a285dafa775d6d46df0ed09fca164ed50b840e2a
2586 6 5677 5e112e4d076684057a9048093899dcf4879ceebef960932b6a59d90e42612a97
2587 6 5677 1042e4d6a8db5123b3c01c1315faaa53547e41ded42cbb71cb86722d5d377a00
2588 4 6629 a5b4e27c9ac4f4b075117e36965945810828b26f76e07a8472c3244a221e3438
2589 5 6547 b168394c6e3f46cebd79f994105bfed11c9cd1150340f92666a2f262d503a112
2590 4 6594 48e854a710805ed8b63af826641af68b9ed2c2145d74bc94c03bb6823f037748
2591 4 6695 ae1831c3bbc1e227583091780d23e097417074b6b1250e1470e8fe028cb22c2f
2592 2 7174 ef85a5cffba02388cd24f6cefd62e56f66a8bdd53aa272f826d3dd2c167da683
2593 2 6938 aa8a03c88623ee65bd1eefbf8b4b316d7832289735e9c1cc8174a9ab32428464
2594 4 7621 10a874657a2864ab7679cfaf820387b79f48d28950605bde900bbdfe9d3b99fe
2595 2 8563 73ff1ab4b02d8b2db99f24017b1d9c78ff325cb850c99adb6852312cab925f56
2596 2 8565 bbe11c3e0f592ad3f459b48958963fd71f6f3d37e77e1b49d7b8a63c51e93c34
2597 7 8689 55fb75ca00da6078dea5b5738e3f347bc54938b4c18f8638c759782d51fe0472
2598 5 9642 f97d1e1885625cf6cad421d535d341c805cbd08ed90420d9063f5c73b2d53a6b
2599 5 9654 1f5c37e07d8c9c0c447b9f0907c8f68113eeb8d4151cfbd912ca93bf39ea43d3
2600 2 10129 b5d51d579925c7e7cfb367b01c4bcca5ead533582547139bd3e841c4a8d38589
2601 2 10178 57c91910a505c6693e0b8c81ab9534da581987b3f883ff1778d5f74c3eda2387
2602 5 10646 4644a58858cb2f9185efbae4b5681c0b630c4f2e335639bfeaf533bcd99bd701
2603 3 10658 da23b7444ec7ebd060f493cd37b2c81e702d5a1cde51a5fbc6de781c6ed87f63
2604 5 10646 01d14b673769508d5725b7aa22ec172c5d712aeeec9f4f09025e8a95a6471108
2605 2 11125 7b805b938e17714bf4af4797cf8f51bfee8cc24eaaa15cd8fbf9894643063398
2606 2 11588 d664b51b74fc9dfafd66784aabdb25322e69dd904ab43c72b0f2335e18cf8f3a
2607 4 11673 6631817678eb1d2a4b952a31a370686221caafce5945bf701c3a7b2e77b2a16b
2608 4 12625 8c39ff271a35b36ad9dd0e183b73abac36fa26104a94116bb5f8427c3cfc01b8
2609 4 12637 ec897ea27096855c05d1908ba865112fe0f23a9dbce7d494f60abc1e8f60484b
2610 4 12625 2a19956b31468a16181edc79ef08500e204859131b40edcad15602f2953030db
2611 2 13104 d5b1c12e40c81e81cbd0a7294782962c3272160dfcb7c400d4e1bd5403509bab
2612 2 13567 89d21a5f0640f9cf2e3c8de5d2d05dada32443c02e9a1dfdbddfb609d10cc2e2
2613 2 13109 8d419b87d02594f1a35d5b34e4a3536471a1a1d0d982f8390e9056cb6f4cd79f
2614 5 13723 5890b14ac306eac008227cf57ed1cb617dc2f7213a0391ea44093d06198dcc3a
2615 8 14676 f4b7dbf71ad17cfc2bea0aaabceec1be09274fdcfcfba26bcbfa0995896d73d2
2616 2 15154 906412d5aa9840607523d10040e5ec5b2d20ca6f3fbddd44d1c01f1dfae3eebb
2617 3 15619 7783e5083007e929295f8c176adb90df4ed82c540595ceb3e273097b3196200a
2618 2 15666 fe98456b1d9674254f55bdbc8fa158cd06a7e423389e352cc1a2a35790af2136
2619 4 15702 c959e851ae775f4851078d08fb350909b932a02ece9297acc6e39013a412194e
2620 4 15702 58d5e3081d2478b6f9f3a0e384d369e310660599d21d3e1681cb036d32e10d64
2621 8 15705 730a832f1348b3a7ede9f57e5ab0db5c0bbc33623c0cf1355a687644a66c56df
2622 7 15753 52135f475ff8567257668337930597c345fee811c545cf9d7b5e6359ec34a584
2623 2 19403 366a7597f104937a737a2e39aa99c1386fd119ad0b420a9a3bf30dc71b5e5655
2624 3 20356 8299be5ab6e6c6368b14458e2f6c910fd59f495bcf781b6cedb755d6640b7975
2625 2 20718 bda68caaebc1e664d23abd1da9d11c6e25854b0fbd5ca2abb8e31cb9569a1b3f
2626 2 20717 147859c437b5a1a4682aac77021c0cbe645750ad870e55b5e8eb61aecd39bf35
2627 2 20643 cf1921b00f5e546b6e89a49c5b7f9255f9d75da3859ff461b2971bac0633d493
2628 2 20516 0fb8d504861a24d51343fc522371c596b6295b2942aa7ac82cc7a1022c1bed17
2629 4 19913 bc390e00c9d5de82caecda09a39fdaec70f2b49f4bca533b8c4e8f35df923652
2630 4 19913 23aaddf6cd2f4cd9ff89789ac454e375c1074f7520c43888e05ac9e4327d3dd4
2631 3 20865 565ca88eb56e4dff9d94d7b87c9bee93a59361137a07cac26a978455774526a8
2632 5 21344 7488314273e5094c47c20c53d33ec259941cc58cb79f7a1209d49188819e6d19
2633 9 21805 b0cc7a3e3faac5ec086cda9fe46fcf112dd955d2b56361c4985c078d1af87ecc
2634 3 23054 90f973154fdf34dd4a2056683f6efc6cd2b91d9854a11f584d5344395d3937ce
2635 7 23775 893d8dbe7e0f8c3713430480fb365f9b2ddadee62329bb55d3f519f41481a71c
2636 3 25024 0757f0f7fda378910e7af53762d3af79fef0daa4db68b41f9399ce97d4ef5954
2637 2 25467 64780cf8a568073f691ceb9e578bcdb9b698556dbbf8211bfe9853698620c0d6
2638 2 26097 0724e285eeb72060d39ead2ec2cf2f95aa5b9122d5612d11ca60b75cdf66b7b8
2639 2 26023 f44643ca1cce45e5ea1ae6aea410433a29237f9cd651bd59f392f3c4a9451383
2640 2 26023 013177419e95973c8e3d885dfda0c9b2fd0c94c55a8123ed75f7dddd560c3568
2641 4 26027 a25ec7bf75285c9007ae2f79ae06dafcf4190825b2cdfb399f9dfac72909f15a
2642 3 26980 3b5a2f5cabe270c5a64110bef505e93ebadd6a0c101a701a8a8ce7fcc2fbc10d
2643 2 27027 246a78966ddbc920fa5c7135cfbabcbca0c235f915b187907cbc0efe52b617ce
2644 2 27040 e50d46db5c11a5c146d6e5b6f505db5f2a93ba470c523425b499b935f0308cc9
2645 2 27028 29e8b61139d62c8a38392e4555f23d631577ea00f2a6fb48729672eaced4be2d
2646 9 26870 3cdbfaf91b25197839945b37c87ae80f01d52a1369f1caa1bb529c1da5e3a446
2647 2 27000 c5b9c7fa7569ac56a28e753384e06cd6716b2eb15f0227f5bf46224d51829cc8
2648 2 27382 08240e9b43962823f3730c469abc2879551427ce4e7943b74e20be9619f80b90
2649 2 27381 9df9dbd1a18dac53d02b7ec5d77b47cc88c4cb59bfe13a04f6a37ea4142eb2ea
2650 2 27306 0e159ac78c49bd0d875db2b27095c5c75a2917653488ab9d134d1915db3df7f1
2651 2 27306 65b6c686f1ebc34e9bb70714bbf41928b6f3d283a465e0e190962387c67792d2
2652 2 27307 1d23a772aa9806d95ede0fa89dad58552989d2081f2f30cfca35ea42e03a71b5
2653 5 27176 9dcf1068ac93766eba97368579cebdb5e15a2707b25ba7dc5d0d9f07934cb7b9
2654 2 27391 7bb51f8a64957b8f4f9e2111485ae0b6d4972c9cc93f9869d9879522329a9eb6
2655 4 27277 f8624bac083902e5631a9f790257bd0280221460a69899633a7158e7714a911c
2656 3 27321 cdfe8ee4ab5b45be2d2eb4edfa09a6d1380c5638703a1921468a5575cda7972a
2657 3 27831 14dacdeda1b21677288fe1a25872e58b2590785287b61d567aaec9c7e1b64351
2658 3 2577 594afbdad6d696f5eacdcc1dc39e912b1f19ef20eca1b60632a2965661d572d1
2659 3 2577 bd237a9475f7fe904fa1a42cf33aabf6858244629d19b5080220ff05590763cd
2660 5 3529 e79f34cac9d71b84d79a37b58eba12ce64e7f80ca326f0e2e479d4335037da69
2661 4 3576 406c6de71f0bb467f74e5a64a51dfa89afeadc77cb00e24307ee71deb161cdd1
2662 2 4055 41f2a51ff0a80c3cb1daff5b30b86f688aae76c05c499d2c138a3d17e9e0c752
2663 2 4518 79ac6222932a26346137fb99320734b02cc8372d68ca414e5739c63fc1cc5f6e
2664 2 4061 fe98f18bd7936647db348a595feec4febd859ad209f8eab4416617870696e104
2665 8 5300 d8d99ab25653d141edb5b0e7d4da31bea59cff067005ecaf5de2c98a1ad79905
2666 3 5565 3c2d09acad7363f732902472697d0280f18607511f7059b0715944bde0802a73
2667 4 6517 827d25b15d8e1255cd08db8709a77eab45b34a38c2f3ddabe55d19e36402edfa
2668 7 7568 2ce3f8400c72c872ac2396f98bd7369667f36785b50d2ea553e2c0afcbc88f64
2669 6 7567 cf94e96534ec0c200e4450bf4a4c0e112f2b071502bde7ddeb65d7f3c985a4f8
2670 2 9781 efa5864583fad09abf0f82da9630f47c3b6778845c1ca902cc23a1a3293d31ec
2671 4 10733 02b6c95c7feed700ab989c0c9349136d7b9230d7a919c6af5862d14e8b818ea4
2672 2 11212 9837a60851eb76b601c64382f2f84fe6e533261e6186d0f451576d40845aa7c4
2673 2 11675 1b1ea94b2f4af03b227a5783ab6be7f4688dbf7dd25366ba9c80f8f8d2274896
2674 2 11687 3f10578e6f1c73ae4ef50d54094bdd733dcd72603c0da8479a05cdc6849b2f6e
2675 2 11675 25cccd3a2810becd3d06172a460ac3e6a7c823cfd0f89eebebd35945e2b7f9da
2676 5 11653 f9632a258e64effa7b42f37d4bf203133975e2a03693c0763c040f30ec363bca
2677 7 12606 83fb698f85f3cf5e609cf2dcadff1438370317065b674557f8b061b92372985a
2678 2 12719 83e81b024f3c63134fcffc40e941c6baea7c32ab896a7068d9024ce0c53ad42c
2679 5 12618 bb193079af04fad3347db5eaef5df09bbce62631a7d8415340e020b7f00cc6d3
2680 2 13097 f8b637055df9dfa1464dca32e2e0a1ade16db971ddc98df9789a218373ffd2b2
2681 2 13076 dc1470976a97cbcc0028dbe12cdf168c83ab1dafe54f79a62ff946137c7679e5
2682 2 12622 23aff8a7c9cbaabc0c99c7c25467079ea7bd174f7442f1e651395e9582e87579
2683 3 12272 78b680fcda08d9675577da45b93d454a6badf1069ba215d817a0ecb2ee05ffaa
2684 3 12869 fc56880048e186b67be1091fadd13dd7cd25387eefc37bac7d9759242374b684
2685 3 13599 d504a736cecefb346b6a2a0cd0b18cb1cb0626d4981a871c0078e6238cf82bcf
2686 3 13587 4c67c5032bd73d34d0c0ae36f07108affa05ff959144ec0c94c3e7baa4aadb4a
2687 2 14062 87e3fdedac3b51d791aed28ca7b000786381309e744235459ea2f6006dade52e
2688 2 14115 863ea9a8c28ed87c4507203871bbc86a51d17079f27904fda53c8e5347d9c046
2689 8 15571 16bd8fa6201d6f3077335b5abe609f3887b58495212f1efb140cb2b22f5d496e
2690 8 16592 2ed3a3f6ff40c7c05a81b1238a6e4a91d49187d7c7e4eabbe7a1d7d50a601101
2691 2 17159 4b650e10446166222659d8489bc9b56815df0afc0a461bd544fb7d7afff987c5
2692 2 16469 b0c1bfa42cafa55f6dd47a228d22a3ef812c4a6ef616d784ba33919f6b5cf67c
2693 8 17613 b0236f87c98a39acba0be1ad7e0c62cffc9753c3c73f27b2e342b34029728152
2694 2 17965 f61414f5607dd202dab8ada2a8863bf754fe0541ed9acb33a074b9a4e5f0cd1b
2695 6 18917 87406ff031710cd94ead3c69c87bfb8b05eb251edb570a703d80c4001e45e118
2696 2 21044 4d80564357b0a1a805f2ddd419bf675a6f6f8ef45fefa2724cffab9211cecc52
2697 5 21996 7c3368b8641f2a01313e8d3d71fc486ba43b666af8a8de043a797679183123b2
2698 3 21538 6427d342930d538ab849b3001470ed386911d89e53fcf08095df19871e4b2117
2699 7 22005 f85419af6b58a20e125fda0083281da07d35251f92171e657e9c8484b612e21d
2700 6 22052 231a42520a9a7387c31a64aafde8c1ba9fd4af47dc5d398fab144aeca79a8122
2701 10 23005 e1e577f46925036f3c4da4760b3327fbe36a50829ea945aa58d1e83cc111cd67
2702 2 23218 36c0cebf76d952296dbcaa83ed9737e48fd830eba8efa74a98598c45761475d9
2703 6 23018 fc5318528fe022a4bb66c1dc49a37143d484925238c2fa08f63e78d4a716df5e
2704 8 23006 788964a019633c6c8547b5678513ed4dd44b5560dd972b1c158b7097fa0568e0
2705 6 22959 61a73b75c0d10d81a9961cdb95e38f733ea88b4c939a96095b7422af4f8b780e
2706 6 23671 e69cd8b10e801a9ed453e005997f59c75c5fd0f27886bcd7a2b3775dda1b2fd0
2707 3 22936 a5eebc44dfab25375ab4a992a075c6e52c8dce66663ed04f237011de4da8e8cd
2708 3 23411 27d9b30d95f3e123ed3725fe7f1bc399a4f618b2a6576a02ba946c190a57eb6c
2709 2 23464 9e8103ec390ad976ed2c0aa6b66fc9665f514807a4d73859c1b928840480e833
2710 8 24771 73f5e1c5052a84a77e86274a6dbb3314d5614e77fa743209aecf4b114b39dd01
2711 2 25338 0e22fa726fec41d6566a4925d5455f27b08903eb12907e9a8c6f458bd6d8e4e5
2712 2 25179 106792b3c1ebf6785f4576832297f75a459170cdf7234c750af8857aa78b18e8
2713 8 25794 3ac33fa73381c7264e30bbb79343db5d7e175320005d2a713d9ec4a5fc63f69c
2714 2 26279 c1787cb3b736232e216e5cdbe1550a45fa1d9f6ae6bbca2e03ddbba9ce337dad
2715 8 26810 cbfed713a41f1c67403ad231b4a9c0ae2962ab6c7a08f19d71f9bbb8ee105e87
2716 2 27377 c5af408b859e991a544ba3c2b1c5c58d6346096f2f871d28eda5af248889c107
2717 8 27829 e5cf72637e335872b486b3964ddc25e1100ef82601d918a8c0b13568205d9b72
2718 2 28178 35f22991391266df85af23c7f178cc5cc910f3ca1cab6c5eec46559279d19f1c
2719 5 29130 e1350c91b94dde560190b1ee11277addaf568825134aa5b49ab1f46591a690bf
2720 2 30074 0bd7431e4dba56dc8d20ec7d07f644ff0f53a8b70cef8e08e22d170e7a4241f2
2721 6 30787 3771edb6bc653cf13803553a51f2fc977eb69513e7d2509ff0cd446cbc315ca9
2722 2 31481 7416f694071c3e1c52224cfdf573262227ebdf7a37307c880ef1de28de5c9e9a
2723 8 31934 b0144bd086f7405615254ddb81843a7e863274706a761f8c645596abc470c1cb
2724 4 32190 252a07624056d3a150ade5e688108fea759ad9e0152b3e0e75169feb8ed9b204
2725 9 33143 04fd705d29cfcd1d2d2b8e34b490434720b5179b0ffe0645e96ee2682cfcbaf9
2726 2 34579 c79a5d8838cb72c8112092d3642d254c3b2f5b2f36ad0408330c9f0c3950967f
2727 8 35032 03b6b1d6984fb214876921d071ad1acde3d30565b597090fc956f7da8559003c
2728 9 35203 f8766eb29aa5ae63fae07ec287f51a8cafdc98865930c8f3a68d3c06ace66849
2729 3 35682 716983e274eb7d151f5665b08dad6aab5c33311e311a9a0e9f0815c57d66f9de
2730 5 36145 c672d72672af367d5d684952968bbf6c0afe902141ecd9838085a67f43b40f9d
2731 2 35806 4317abfcac322f877f956b19610ef229afdc4e7bc7858ebf6e1ab0fc186d05a6
2732 4 36138 7e84f6c7cc7678311042d459c542d2205396df47ad3cd8557dd71f08957a1627
2733 3 35682 8ff0c48ef2f8df2fe7db889ac929b24ed09890bbf651c9643d6ae3582913e709
2734 2 35726 6922a9e8c2eb40b15edbd0bfb55a33ce836c88d2c70fad3a498956f807a7b075
2735 3 36124 89d8782da96101ce4adfcd9facfa1f9cb60ec65444ad596a4f9ad83b5bebfb37
2736 2 36136 513813fd6298021c774b314439d35642496ad7c58bd954081111810708673f8e
2737 2 36172 c34c35b4516b996d69d9e93bd630c6ba0899c7fec36de0ef69cc9c029f5c3cb0
2738 2 37125 1c506d01e54950ab911fb2f60c500344b64e5f7e506443951364a17a2859534b
2739 2 37081 7361558813acaa07760ab111430acf2b4ede0f08e043234bc26faeeac18fa2a9
2740 2 37650 09a4d1c40bd60119ec65a5de53a5571ed943443d7b293d68e07d59078858de22
2741 2 37092 3e6d453f9b35ef338782d9b4bbecbf336037a9e07b0811f72f5ac56606064f2a
2742 8 38152 cef6494f6f1d1b5da8f86755fa7e78a583f627a3dddf0180d1079816e7d3d532
2743 6 38180 1d837b641e1c12989c861484523b33cda48dda4794bda4bc0cddf7e6f4784ac3
2744 2 38788 f5bc9ea27b0964f30316e71e48f592bc1a2e82c2ddfce69f56637d11f7467065
2745 2 39480 002bb4a503f6a0e0d076d691f6b025e2b918cabd95691872bbb9dc848840f567
2746 2 39694 85643b1ade2d5e98f823ef46aad9963a454306eaae0b767c171c62359fc0f9b7
2747 2 39480 de1ed6314d5618368f24ca53d152733e1c9b79f2ccf4d47edb2754d6d5d5134d
2748 8 40147 50c4561d92aea30be2368ca2b907430698e76f3a4fe7f5d1eab8693e83b61716
2749 5 40225 c11e5dcb5ce80c898c4d08c4f28eb2a2b1c5284fceb3896ddb5c48968fa84df0
2750 4 41105 044f4cf1af30d977ed383b2dabcfdc049598fd8a3c983c372f568afbb97ba411
2751 2 42267 c6b5935b07194c8dfa6b64f53f0d30f1e638c43f5e1013e8911e364297d98608
2752 2 42267 4b3dbb018c7dd4f171d6deeb7c1deea5b8809a5e4ebddb1fa7db3a70cb72adc6
2753 2 42555 b00723393a2366621c4fa120b6e07204b9ea4789434acc9a78b81ceb939d7871
2754 2 2502 9c41310a08fb107a1eb6d2c10afeb2c34afdafef760f3f986b98ed0d23f22ae6
2755 7 3454 de1f6a13838a1b385319d296662fb872013bd06d72e89388c7490ef1fcf0a26f
2756 4 4644 c9a8eddb4b3392f30ea5c9ae37c5620b66653a67fff421c4c6b8e6cbbe79823b
2757 6 5596 4f83a13fac1d805f037fafbad43027ce90bce77ff460e05f8ca0d42b32192927
2758 3 6075 7946a486454d204fba9f292c7a37563a3658409a9346fb9357c4b2121aa072e3
2759 7 6550 9200ef04aafb2c9a931fff798345852706a50508d686b9108607de23777a4b25
2760 8 7503 32c464239e8050eb272791c31747aadf6cb071dfad2809fa9278fc7c98c2de9f
2761 3 8752 3f6b62321d43c2af92196e79db968dd9187aa9371695de5964bcac1e496efa06
2762 6 9472 05f90d3661a00aea8b32c880be0bbbbb3c274748533e3a0220d284e95eb2fe06
2763 4 9951 dd0f133d774d2e181176e143322bce125cd718d4e647c673f942668c3d2fe836
2764 8 10747 6e26606d31095879ae66a70441c4b1610df9f3990032a2865e87a28d3ca1a629
2765 7 10794 829cc0b8b52daaceeebfe2428617431aa7c504e61385f3ff74dbfe95893ab135
2766 3 11738 315af445da17ecc1c3ebbfb5638e53171f65ba75867b2d42ebfb8fccce1c2934
2767 5 12688 2089503dab124cff7273e035b0a73c8010fb5bbb56ac56414cfe5e06e3a7a2e3
2768 4 12737 dfb4f8a0cb44cdb60717446761c42d59f07202a6c6a97cf39929eeef8eb5428c
2769 2 13893 8560aae0dd36012dcaf12a06e46d4fc31218bc3b5243c5ba88439106cb6c5142
2770 8 13597 a297422565f82085db71840cc40c324a38eec3c93a5d3a6aa9ad3bd475249b5f
2771 7 13644 11f99d6b5790a425f2e1e747a7fc161358b41176958f9368e2ef1a3ede9beb3c
2772 5 14586 44cb958a8dad4429bcdf6d5f91553d846f6d9c498bc8474302975012c61d9329
2773 4 14635 759903a7bb230ecd213629487dde7205b6d73cc8246bff2c0048622ce40ec8d0
2774 6 15114 e25be7ed4d992858f170968b8307d41dd7b032202e515c36d9b8e32184fc415e
2775 2 15854 b25261a30f1663b2c2bf481cae00f4de784e515e9f65bb4dba582762cbc82507
2776 2 15854 fbaef06cd1923d626bbfad241a23b4590e0d8242535581546b030af7123f0177
2777 2 16518 647aeefe2d79827eabfad7f55e3f19d3add3ab4e6dd245800a72f49afc18ec72
2778 2 16357 8153302c0b484df6d44bc576dd6329f528d0081de63c73e43f7c0bd5bce8f382
2779 8 15729 e828c0b6cd95fc5334580a5f19b4a8f1c28377a66d218dbb415fc2b8c8f364f2
2780 3 19088 271a5c695bda9636b6705cb10278c83a790fa002359068303d2379d794c9ffb9
2781 6 20041 6288d5cd7f2dbd56235aa728b37144c98d0f022319c4bd477d892f8aef8eff72
2782 2 21268 411248efabc3a66b342dc09c99b2f727fc6aac0cc8a681cebfc485519e3b7abc
2783 2 21195 ee92844e79355c9475d0d6c9107c66dbf9a5e7b3432e89eba1e156e60c563a37
2784 7 21114 bdef90ea3424a488250bbadbd2d2d5b6870722702ec12be941e800d273c036ab
2785 6 21161 d1918d031cd4ca514e0d8563d4e3425da0ef0d3019eb3e192d3cd706d0d26841
2786 3 24533 4f70a96d7adafee9ce9cda94ee24ec58277347005bd06ee6b86802e110608d34
2787 2 24820 ff2521c8c61458af75b24abbed8aa163a15a5ce9ea07995bd5b14ace638e8fa5
2788 2 24820 4e35d7bc84e768437dc04cc9a668996b519f38e5474f00b043925d7a86c790ee
2789 2 25145 a956ab28304d9495ceb143771a2db4d85bc9f7331daeab1dc4d34dedaa6a6170
2790 2 25145 eb5d485c8b3c872d2a37d66fa595de03f8c09fb4b967400bf7a41d9bc45a4139
2791 3 24511 4679ec6d04d2a2459786473f807f31f53af67e5adad77fa6c583176f5807a0ce
2792 9 24550 6a83484c1ba4cb5e093fc7f2b91b3e9ff5b4d43916216c7ee733f4b990d13b62
2793 6 28199 4fd424e14f0e4d0ee6fa1a28bcd10095ca23c1dfbb89d64e1a3055738e6f5d24
2794 2 29140 82a29b4ce4440b44af140fad8bdb5d71aa870a93f6bd66840d1cda8aeb2b292c
2795 2 29576 482e262ea293e0843614aa3dfe964c075c2444273c232d3832885b4f9e881bbc
2796 2 29575 799fb4dac51a2c29697c6aafc995df453544491084d84e4ebece71564c8ec44e
2797 2 29575 be90cdadd8fc3d6b9160a4dede5bb8920343aecd6a4aa69ab5ef216a63d090a3
2798 2 29576 b6cb701492fe3a2c695ed01edb3b3afae6781d6c7fc42538943a33dc547f6451
2799 2 30269 a4ddc137a54e06e5a91c085d62e871096e08f48dc12378c4bbfb4fc652dfb5d4
2800 2 30110 b22c0256df472e47576f77549caef7d0d95b70cc8b93b45dd16fade937cc21b2
2801 2 29265 8ad9ae9eb6dccdce0ad2de29c7be84772f334f92c9821c1adefdc9d8c6da303c
2802 10 28418 1bc788b3a7440cb5af9965cd7c5ea2ec96fd1065c702aa0d39ce6bde909c4e42
2803 3 28929 49cf9e7ad948b4f87525a14eb5c0eba4bd8a47f217093762073204cd0d5d6a86
2804 8 28396 9edc9d74c49051dcd1ae9e4927bb3403d31dd04627c300353130e9ed355df08c
2805 6 28213 0cf3c26ae0fb3a6242b0e99fbaf599bc51871dbf453fd5c4b827a701bc184f93
2806 3 28225 3cf6d20f95a1d80f6b60348ab0b15f62d85d22a04b59b0a7afda6b68a4fe98c0
2807 6 28213 a18be19aaa66f8c28cac28b2fc816c0d7eb06e4d55705a0009a25466cae451a1
2808 5 28260 e105c9c3689f942eba3bf3a5a588f87736a8dd029374a093c62772cd6f6060e9
2809 4 28309 155ecf0888d82d11e3af27f7120cea0cf2adc1436560283002c4d10b49fd2294
2810 2 28787 b9f8b17dadc437515b8d61cc46814caff9f9e7bd4022bc840897a664ab35ab5b
2811 6 28770 f2f882942ffd44e299d3e96e027f6a96aeab8da041c19cab9f67c7123e477ea0
2812 6 29249 3987ba580ef8a1181fb8c84bdc042acfa0b4500c1fed3efd4d22dfe7598eeed0
2813 4 30008 bf2c6410af56fd506b5060f6840a7661565bd1308bb515bf2da3cd52e0aee36d
2814 3 30057 c22db0471fe25342ac7d3b7a5956b174a182e4f5b7ebaddf18e97ba1dde7f0f3
2815 2 30106 0a80bba3aec6345e78042ef1d47fa470a8e709bf4a2158dbbe09f4c275bbe2f1
2816 5 30590 dc20bafe10149f9e8e95cadce7338650b22070310fb66b3515b3028cd68ba5b8
2817 2 32241 4f3d3269b8640cadc543eddcce0b92731ef4012640170e462ad1c53a28ac38f6
2818 2 32241 2274898bbf0b42f8d913f7f70f0db104f5da83e9b7195e24a95b5ee261122dd3
2819 2 32917 ce459ad22810eb5f189f1f6ef10f5c5b9d25420747e783b617dfccd3a6b9263e
2820 2 32756 ff0852063048e3255e46fd5bea08e92a75ccaef1e6e4eb5fc19aead25b5003fa
2821 7 33338 863a9bc9e142724b1129f1ae5296f20f021d7ae839e96a2344c31046c5e62c73
2822 3 34587 b5bea4d9dc01847f543cb0abe67cfebe5a4446ed1fb8c6938c34178a14702196
2823 2 34634 cabe78c19c15db3a6c0bf917ab79e70c47452312a9463864fb8103e2adac4602
2824 4 35403 42a4fa1a0ccb4a8e60eb7ed18ed5a727de833e005cf73af2d20ce865c6c63e6c
2825 7 38668 f540405ce770149359ab1e337a62a15981fee99d63f6269bf37839948f169a27
2826 6 38715 938105dfad1a4e5e17106cf4b84ece04ae0a60f793e33a87b54233308f960a75
2827 2 38928 df5939e47379ac0be65917e311256f927d7264d500d7b541bfff3f1496353fef
2828 3 38728 3f2a124d7acbdba75a890dd87831687436aa21a24577ab74c3bc7cdae3035b3b
2829 6 38716 494491ada5dead0b9d615cbca692044d677dbe0f08e12172418a8cbddda12df3
2830 2 38068 cecf237ff5935cf014280d57ca9566236bbb5c4b60d7b540f5cc7d0a92263d19
2831 3 38533 93d0081b7ec1498b8eca5edd851c8508a3d5e0d172338002284681b5c5cac8f3
2832 9 38346 d7ec66339b99e52fa3b68a73d253dfb283b0bf2684e18ae498ae3dcc2834c7da
2833 2 37383 737b508c82ce05eb9e97122bbd82bdc9a542fbee7b6beb74c16f7cdb7805bd55
2834 4 37484 e9814c0bd600e0c34e4b03bf8a232415109676449406383c5dd96f7bf04c6dbd
2835 2 37927 6e92877e59588b1a9c0f08cd0435237a9f04896df7cda6e38e5207917a475979
2836 2 37470 be48fd17652ff009376ef339a18c68254ea745b14a80f4a7ad41326c52c92a05
2837 4 38246 8cab6130b9f2bb1800e9b27c65fc86b2dd81e293b0bbdb2ca8a746fc61e04778
2838 2 39404 44d67ca0c4484c8392fcc376d0baae7903deae5e83185ef8ebd53d054fd6e49a
2839 6 38995 ac9175105d2493127153911bb6de39b7652d26f96a7d0f5e92907932635f93e6
2840 5 39042 cf60f5b2403fe5d58aa9892febc6ea152a924b0797294221949a93f9aa5ec4c4
2841 3 40301 f4be1aea6a308b294a1c5983ef728c22803cf90f62e9b9bf5accb4656c44396a
2842 2 40350 0ecccabb745d8532652b68a53c8f8a96948d026b4f0d4d774e98aa6699befe46
2843 4 41208 f877c5923649b590b0f2d256ce84d5503ceef2439eeb3a0a00b994fbe215fed8
2844 2 42152 5f461e6d80992180ee232f0b78482ce7f91424138fbea926e0f27cbfc96c3836
2845 2 42513 f42e006412135946d61f56401b006a0cf088a7240cacee8745e0b63c3ce30199
2846 2 42438 0333d795c3067ab51392857c8e685f338a2f29e4ce9a6a85978f2ab139cfce0f
2847 2 42438 5fc9a3671a2b076ec7ddf365ac062a17d69087909bd03960ce17e813d540385f
2848 2 42311 e3ce4c022a7e0d6f370643e223ca4e0d6c1c3e7c672ab2d874fef3667b1e4550
2849 2 43314 a4e58050367dba527c0e461452b38cfe1c2b5f1ae9565358029b8d8d34f31b86
2850 2 2504 3b6f505620620685055ddec5fc1cdd0d90a69e0f161f634ac2d69433509596bc
2851 4 3456 acda1b3006e46f08bccfe61c63935cdafe24fb832c2a7e3c550abe22020e84e3
2852 3 5681 8347c91a308bd5eccbd47c9bc55c19d221efb343d8c5402f6150fdbd4f0b2e43
2853 6 6633 da8eda38d6ed2fda2475e044d698749e5043f407fa03ca05d72aa4547837a0ba
2854 5 7588 b3bf123ba44472e8caa0b96653fffbe0a74fcf4de1bbc40f16d58a87f299a434
2855 6 8541 c433546836695247b79065eeb3c7a241690ebecd137d98ea632cd8939c8fdb21
2856 5 9187 47f05cd836718bba0c654c79da30343f66244f3bc23984252510df02e5df27cf
2857 3 8526 f41a84f03e85f019d689d344bf1a6d076882219c430e7590d79720f91340dbfc
2858 2 10710 3281a3732231c3b742e6624658a51591691a1a1864898abf3b5a6b8ce4733596
2859 2 11213 f96476b009052a3cfd1146edf7c6c984c2664f94e2e020e0a1d9d004b62f4f98
2860 7 10764 c5df979248f6fbbda65c353f5971e15f3f365153b00621acab8c6ae944711f6d
2861 5 11243 c32815215694880a7272b580f64416b26cdb80a1ec533330866a03405d7db205
2862 2 11705 448b4a350de37bb6c5e34b45f10559a5842deede3d14ec19f8cfb221b49607e1
2863 5 12655 18f05caf65e5699d681723f24382ae729b6eba526290602e263f6b1584e11836
2864 2 14838 d78283c90063b7f5aaf6a632faf32186a4b18104e66169cb6561acdd76283f92
2865 2 15153 ef8debf0e3c1a1143e491719f1ec7363519d21f3941faf3710931299013ff1b6
2866 6 14704 23c83419cfbcff7ead1164fdb604e77b0ac056eaffc5d6a8cd4a7b65778c8f38
2867 4 15183 c6a23f0209121ffca42928eea544df2819f7da2dffaca127109d0116bc53ff6f
2868 4 15646 79d175db5bbecbb68801487c77718a7a76b755ae40174891abe89c00dbd57fd1
2869 3 15693 03428d1a206b0cda6fedb8fa8ecb049c60e620a58fc4e0bba81a20d4ecbe77e0
2870 4 16271 12f8c101e076af6da74e4288d62293dbdbe41aaaa4e82754b71fb123799b9db5
2871 2 15682 086399c4ede523320478679c28a582bae3e873fb81c1b49a5433421c6b368185
2872 2 16635 0cc10d1dad2a14497bcd7fecf14cac00e2b6aa0a418a319b133e1b4095013b52
2873 2 16897 2dae8f751cfec625c07a50987a4e507fb88859585acc52f17ef483fcee623086
2874 9 16761 b9502e8276d926b6a49b64629034e5839d929df072d15ab1bd712bbcfa264803
2875 2 20129 3e7a11e23f4eff3effa97c263a60b67d541b52bf687c204ea6e003a17a31922a
2876 2 20343 315a43b172e7e7d562969983ad1021dad0106b318c8d1a9321fcd5df292eb631
2877 2 20129 f2efb3ec23824dd96cb98b1c7c268237f4aef07808a4d1d0ae26e0facaae46fa
2878 7 19945 09ec7b2fc0528e26c284114e647edcb8717b32055899ae5b2695a11bd0eec758
2879 6 19992 77bc7d8cf9ff9ebd0853117a713cbd5209df68c8a56ef35593e96bd2796a9f66
2880 4 20569 38c6dd944160f0d91d57fee9344d7ef9d9b9af3ca0a25e9652b8fe2bf35042f0
2881 7 19953 9950522009b78e555e9fa4dd0569d6621496835a0380118ca45fab2ee511b95b
2882 2 20167 f816083e36a1ec658a407a8bb85bfd7f2ae63a826640ee2067db0eeb01f4ed04
2883 6 19967 cf582923cf9cdfcee6d430a1507524a318c3fdedea2de73fa40e01524dce77c8
2884 3 20003 f57b78ed223cd527110d2cf4d17e78232dc6dc4827e65e6ff5c1bb26a7bed1b1
2885 2 20052 358b2d35ed80e68f9669462e93fcb196081f8670fd5aca84bc8bf3248cf1dd57
2886 10 20011 f4d8a266657144be4bd758ff38310119d3bd24fb39ae0ff6c4da72ab8f30f40a
2887 2 20262 db142fa7c80bb343d38a0b26d373e6d8caf14667933f74dc38bd95c29f17b7c8
2888 3 20278 26d63044070bbab3baf6513a1e4105cc77e9b5033c3c57066ed5fe2a46cb2193
2889 2 20324 6a290b6a48e08a4e0cab0a5a6cde5cf60cbf22c19479fcfb667f79b9c5a73ec9
2890 7 21051 a837a3099179505c12864cb084815b36d431cd48fcfc5f76a04c6bbbdf395ed3
2891 2 24701 9438ff1cb99404805d5880b30370d4b7851a7c1e7b52f48095ff417e50c7bf58
2892 5 25654 f4dd2bb6127145365929a54620444d894f6a2fbdc4fdf49962fec0c7d67d59f5
2893 2 27021 01dbe2b149903bda9825d4231704f5a9b750b66096853864b9f16baa5b9cea05
2894 2 27020 4c6942081a3565db963f489b5f724117a58d1953814872e2effdb6f4f319c7aa
2895 2 26946 0b2df586c713ba2f9420d0d2976b2be63e0f3f718fed19afd53711432c70874f
2896 2 26872 1a8a4e2855b28baccf0c8a6bacca9489d45bdb6c652832f8636905c6248dfebc
2897 8 26010 dd6fa2e2f879b4958d79c01896e949121abd1106ccc2c88092eb1b6e4a994e46
2898 6 26022 b341b71bfd2ba78facdbd41b9df9766014e9130e3eeef73e72b8c61192cfe510
2899 8 26010 6c39bf982b0bef9b5b9fb7eff5c844b53906f45644cb8369f7a64523faa55590
2900 8 26963 7e2ef8c204a5156bcffd64b1822cb2834f9735f1046bf846d5e2461e8fb26320
2901 7 27010 2757edcc0f001d2713fc5d12df13d9cf6f1565f187878b2c72df99f626f7ade8
2902 6 27489 688cf690e8a0ee28d64761a6c6aaa97e55a13a0d3370d59588176d2c2c9e3aba
2903 2 27950 5562561ea4f095568b874f9b2badd410c3f906449a8b2100d0c5934ce176f570
2904 7 27788 626ddd289c89745bdfc2fde384d10c407d90c40ecd30cacdb451c83d59c3b210
2905 6 27838 52be7b394c971c078a7b85c851fbcc48efeb4977979536ac894c4023947f49ce
2906 5 27887 a16f863a34fad491c689710ae29e4c1cd577c557dfffc6675eaa62952400e55b
2907 6 28366 26b4a73c04a11a5deabac3394f19796b33fcac42d075bfdd5b3d1a49142f4c65
2908 4 28830 0194776614d8d7063c27676e671b578e779bf94993fc85efff274c7887fa176b
2909 2 29267 e96887f43d52161de49d293b8569080dadf1941942b6811e622f2aac873c5ae1
2910 2 29192 b52dfdf826d5e4cb9bf1b0c44b37419b4bf37a50799076430693e7410b744e38
2911 2 29118 ee7bbadb476fbd13dea5e72813b0eb98ed2cbf1d4a604fe62b02648dc40566c2
2912 2 29118 ca6178fb5e62a4cee5725f2676e04dfc648ee59c2462e31667a1bae89318df4a
2913 3 28917 9b6611802eb92e6db667e602c1dfa833f25faae7c22c10405e26c9dd2409d761
2914 3 28915 7000e4f64b258e8f01ed20cf72f3894fcbf3eda609d55978c1fb0af5d91cd034
2915 4 28831 7f845f42b60aa3a718f5e9fb1c165d349467519e53ab16dddf7abb812db3c5b6
2916 3 28878 0ea9053b95cbd1227317ae2b23bb14bcb13fadadb6ef398a64c758eafb7f457a
2917 8 29018 e855699216591d8105155a45dc2c91fdd8615afc1a4d65a7363f4effe4894f19
2918 7 29068 27d9201daf359fe6363c1abba108d4b7dd14fed85242aaeec30807f8b936b839
2919 6 29117 96f15561b0a5f2af67e014dbb4b56e54b5f9f8fcbdce04ef0ed16b6b19b16e27
2920 2 28841 97eccf7d079bad6b8a2910c2fa3045886161f7b331acd714473137dd87dadb7a
2921 3 29130 9a940e71b8758d40f5ac8381fe1332c906c5400c039d5119087b0936326bc362
2922 2 28903 a727010aa0d80455a51f1299d69cafbdd1e21be69b779c14eec724eb45b8a115
2923 3 29167 36ac91d48209094e60d1666c2cee08577e680855679560e90a181a111a5be4a6
2924 2 29216 20b1103fdcbe177b90631a225231ace758df9153d6523d21c3848eb1cc3977f0
2925 2 28940 e08a4d2d8ff76ff9ad763b9ee6a5a0fa664c9b02decbfcbbaab774b364027218
2926 2 29268 da205e64de72d56dffcbd0767d7d93eee44e2f3a8bfb4b5df7a094666f93be42
2927 7 28814 38c4218fbd3d12bb3a82a5a4a9f5dc3dec7d9dec285f21bcea8f07b588375d05
2928 6 28864 d4457a5252a25c06c290e58a702a92d97786045d13281d255c506f9e8a5d405e
2929 5 29806 048eb26db5ce7ab6c25b4d2a81d986c7dcbb7688128c0874c9ebfe638fe424fd
2930 7 30286 d6e70c24b60208a1f9ed4ddcd9993ef4906c6c542f0ecb845158fac4ca1c7080
2931 2 30249 c10b15f15efbf3031af6f96767e16dbecabc0efe048513c417471f88ce2a8fc5
2932 2 30647 15fe40acacb4d1e225fb5789a6db817c0d8d2c20ff9f398214d9d3db469051ba
2933 7 30645 c64efa6fe95df58877ae9d7fcb2f63cf314fcddb643314f44ae20a1d8f5f6911
2934 2 31405 1a4547754203b47867f6ebe34139f004309024ada258bf8b530a1062e0b1b08d
2935 2 30157 3c4779f9fa6ce21282dc99c965cddc7e5e55e8d74cfc082b7ceee7c7e2759b5b
2936 2 30082 a7aef1b3424fe020443d460240e68ef1d47fd4765fde26d47daed5a452491277
2937 2 30081 f7451ec2feb1c2aafce7634533b31aca98df038474909bb0561f5e97bd3ded35
2938 2 30007 83d1f0df3d9d90a5e57f60abb8a563ed1d2b64fcf45d392a24e1368e9e9e2280
2939 9 30124 91c796f82e008b4fe42843d11e3ca8ba3b9afcc002f0f5bcda36778560a07d67
2940 8 30171 bc801ad7834a4df0b0a4a2b142775f3df32f0bd6ba5cc665ee64c8b98cc5e4b5
2941 4 31113 f3e7133a0030de92d4723d0465c7906fd30625f61c3d5e28f01a870b3e290354
2942 4 32066 f276a8d0cbb215dbfede0c583c5ae38d7f4fc42da3374c8d3a4afb9ee513539b
2943 3 32080 bf5c76ca36a8de67754cdddbedbaa4797a8901c2be2361e99b5f2b4e7a3b62c3
2944 3 32116 0d4ec057c30520b42eaf459b0fd9481e0ef929e16ea4a8ec6120517aa771f475
2945 2 32165 0fe9ff00656235f29168d4907fc79fcf610cba44bf8d824dea8718c475b36565
2946 3 2502 ffda1beee9d26d05f0d2db35ffd7b83bc28138a0a08deb922e12b7ea324079ac
2947 3 2500 988f2ab297b0813c37bff0b5f6b7ac73dad35e09f01067b1b5f59e951afee29b
2948 6 3452 603c90da4a6b10eedc9e16ea0a40b62559a3a10094a92262e1f0fd9436eb6ade
2949 3 4645 63bbc4d1366066208bde0e9f2de6e9262d560997915d71250292767fbf4dcce3
2950 3 4645 e822a3fb7484490d91fcb3dfb1bcf9377469775120908454594dc37c89d6cd23
2951 8 5313 12c94cde75f4fbfd0e15e9f26d31525ce8eaf438a0790be6f9d24f109d065791
2952 7 5501 622705fbfdaa7cc495570a6ed32d65126f26db371e8346b2c1ff31dee01315fb
2953 3 7470 5bcb13dfcedc631be421901c7c8b8f4c430365f59f30eb987ef7eaf8c4dd48e1
2954 5 8423 cbb3051331e12e384948fc2c667e2059375ceaed76b7c1816578ccef068dee7e
2955 4 8470 4cd3ab1004ce2c155ec41f2ba29cda021d0d7651df3e3e74d607df36de4fdd6f
2956 2 8682 070557dec2ef8ce1e6beb3c6d2634beb61082878733413a6501642dc5b2567c0
2957 4 8765 252d58c75d4b22241654eedbeaffa57f24b645c9d1eb191312cf1ac20c86b83b
2958 3 9717 1c03c6cca41e2bba6e5901717d0956e522654e288a475c6e4708e6d58fe41f7a
2959 2 9729 6afaafcbd8e330a729cc4713c5a88589b055945de74e93fa658641a203270164
2960 9 9553 33e014899818a8e8c0f53d18a346039e741619dce32297fd86a89db0398ec93a
2961 3 13202 837396620c3959c4f3a9bc09b6f857eb0893098dd7696daddd5230c0cd7bd0c2
2962 5 14152 227c77e41f76dc65833223a94138f2ad19a4766fd0c0593a48e9fe85eda206aa
2963 6 14631 4768563e044782e532c1bc445fea6a359e5ef133348f95b45c33ea2ee050734f
2964 2 15444 9cf120f26ee43ae4823e7a18c5b2e95e89aeeb3a2de4e6841bc101a7ce1d54bc
2965 2 15370 4bbd3f151ccc5f6d7b39016cae74d1cff04c505496b25397a7627343ad1cdbff
2966 2 15370 2dbff7c32496ec22cd99eb0c36083341ed835ce03bc6b9f6657ab1de65244e71
2967 5 14950 6b2805c277fc62e0a76f8f22d586982835b8a5e2e335921e5304bf24dafaf7e1
2968 4 14997 285c8af5630d6736ee4141ee51541ce757ecc8df9df297c8ccbfbf309e565965
2969 4 15942 dc84223e40948693d7362ac1bf3c0012803ae049998ea4e524326fb247283274
2970 7 16719 53fa656fc05f0ea981255a265b57ef319697ffd39ccd122668d9dd89c3bec469
2971 4 16948 d3ccb9de44627856c4de7176c6bec858a0893f8c3a302298b20516d74f040591
2972 2 17901 ca506a216da73ce5dea8e9cfb0e4f4245d2d73adee234db45314741ebfbd8187
2973 8 17597 7413d9a82cda8dfe67fc0ef025b980da35548ed0de118d7529230d360303b1a2
2974 2 17959 a436bee3fb41f7ca17f77fd439ec9550aaefe7d46ce2b3f3d7d3c29d9355021b
2975 2 17958 6a90c5a3477eb53e683eb720f54004d46b53fa9c35f45a906f706d597c651c4e
2976 2 17884 feb7de21100a03ca37008ef8fcf0a873752d3034d7a33da0b7e5bb318efed322
2977 6 17681 0e8848f23dc3d70c2d1c52ce8566dfdb5e44c250b1479d83a65b625b6f1a1033
2978 5 17728 cd1cb8cc52f9a0c42e5b9ca0a3cf70787521d9fb0ebb329d419a6d03bce72f79
2979 7 17645 e314dc425418f09b1789549ac544b009a53f490724039b3a7403821b2ef2cb14
2980 3 18155 76804650a07fc876e2c8ea3f235eff32c669bb251babe62619947c99168c015d
2981 5 17635 e3b53357f72bb0c722368141c97c09c68d60bafd6f32b72924acb640b7f041c1
2982 2 19605 be780c357e55b3ec89694dbdf76c21012ab47f08a1c028835b2471d9a61731cb
2983 9 20004 0e07a7ace00cb0532cba08aecd1f9d1ddef0655b4973418b589280aea646f847
2984 4 20016 fb5bfe6cda22fb9c2e41b3e1fa50edcbb16f011b580a8a4fc9f7fa1cd391adab
2985 5 20052 a7292b4c2903749ced3bb080c7d4603944d423d3d11844451ae5eab43ee2a777
2986 6 20527 98d9f4a48f89ce62839598fe9b81502a1ca12b28d97c772b00987203aaafb409
2987 2 20652 af111145e00c27471573c142da9dcf023fe87fa21351814f76c50e7b3613caf8
2988 3 19890 41a410a11a7932bdb3d7805082480227fdbfdf999fbf1a5191ffa03582601a5b
2989 8 19628 17fd8eb17721b73c320b69dd01d02f9c38e48a038a6e8615d82141ab6255639b
2990 5 20107 d852992722e8e61b9622e7f5bc42fc13e866ce3fcaa57dd8977366b7eb43f31e
2991 2 20070 eb4f1c79fba78a4ac94c742feef618c5443c956beae95d5b583e8c0e677ae8f5
2992 6 20570 a396672213d11b28c09b04d9d7386c5d432db2cda7a7eeeabc6d0655c08a7fb0
2993 6 21523 3850eac5e7e518a569f6d531025fd02dfc46b304a175d220b500993d882075bb
2994 5 21571 64f5097ab231c305dafaf6a9e105dec61e34cf0dcb4b3f76f58ac8e2ad9f9a41
2995 4 21558 e4a88861bc73ac0c7b717762149affa65e85a733f5da17688f3f3538b46f6f94
2996 2 25278 d9f1d92b42d8250022773553c3926b76c4829d1cf5b119d59f7bc3bb7379ee0e
2997 2 25204 df04466c3dfb00660b4fac82fa55d1cf492ffd0dd3e1b8d7768fa6211194903c
2998 2 25130 6849e06719aa5d7e6a4e674fd8f84432c14471b1d1c54f3b81bc9a04bec80363
2999 3 25515 605c2b22cd895a089e7acd36dc543980c77ec9f6bc2e32fddfdedd415f2973be
3000 3 25515 c0e0374a2b4f7dfbaa82d7296c3e0e8337a4da7beed2f6f199a9e98fd1549371
3001 2 26467 b2b55a566bd69d6a543534ef5cd13b8e5cd8ac3e85d3aa144767ed66620ca664
3002 8 25987 96333fc569776e7b9945f0db28e74a112194462b4a0fb6d7892416648bafff09
3003 7 26037 faa57dc7e7c7ff1d88cab3c2bf72146a3f569b4bb573456d7a7556c4d9b8cf10
3004 4 27297 56ca806e949d2b76b3160cbed2317d088de47c179571af292e9157adbc1aa5ae
3005 3 27346 75576d9b68ad188fb3132498b34cd719eba614bacdf3f53cd080f06344760137
3006 2 27395 3c7897feda220ffe5cc76b7eddd2ef715b47fb1013a4be8c64c4bce5b822c9d9
3007 6 28260 fca7c9010ab4c1cb8a13d0a3942c5322b4b9670f149e9734d60a59d01e7130e4
3008 2 27612 d9de0c24cee7a671a80bbb801b25674dabc1b1fc5baa1e44a4421e2b20db6424
3009 2 28384 6d9e58923ec87000ac4c230ca010883f398def24065f8c0f27998f980136510f
3010 4 28888 7a7a79121b03200222305c54521303c1456dfbf8271612774294f0200e5c3028
3011 3 28937 e68d4b5ee31608ecce27055cc2bd5ce86af8f2367658b6c9e984e435c2b292cf
3012 3 29968 f4d8fc913cc406bf8852d3ae975b9eb609317d0387774a5b2510609c1c811ea0
3013 2 29824 a78fee3703ce98e8cae52d3fc3e8163443a74a05340077ab7cf65c084a23404b
3014 2 30308 b420478ba24190f7fed82d6a9d1a0ea33326850c62f4cdd78f70a3e0aeb1ec27
3015 2 30234 88cb7bd3836cb90fdee8fdc37542fb8853f8d9d6e4a9ac8fd44c18e93e6bc08e
3016 2 30159 7f82ed0af08595ce0eb27ebcf38036451266d2cee8a64a562cd52eb693ddc11d
3017 2 30085 0c39c1ea71a5b61ccc8a9a02378a605b2ae9ebe4eac0639d45e15b47e0b49da1
3018 4 29261 39106d8168de82d527a477aa7198d83baf47458840cb5c86277b716f7026d400
3019 7 30214 054fc4a27f57157c6481c050fd2ef7d91ebc46d2f6e83234be87c5e52c423c8a
3020 9 30794 ce5a1daef1c31385e6c6565d3564ed6575734eb46b643e37ef9c6bc7c3cac11f
3021 8 30842 db2b6ab40a0f3a695c09e9a44a40ab83d5450c3b60c647c70e31cad76c5b679e
3022 3 32373 b2268d56604f277e97933b3590693a6001cd9cd17e45ec8d0179effe5767ae62
3023 2 32422 332071f2a20f99bfc0c3e4b117eef655b243a24ccd9f71a1680d412d6b6da98d
3024 3 33109 98b905af117c7bc0f6b08244c6a50a4a9920dd3ac559da385c30c29e4de9642b
3025 2 32501 d11143711218644b7c57eb8d62993a94041055b738e45de48548b887d7f050bc
3026 2 32966 2c91cba386006487ffe09f639ab14ece665176d2e0358e99fdebe8d5a7de7814
3027 2 33402 a4111d04f2527cd58b40d1d0d9ea2efe348bf181c216bbcc927f3046714a1f72
3028 2 33328 1a2760382ba59d25bfba3da510b16396d45bd29c9a99ff621ccda65588845d28
3029 2 33253 2a04f41566cc3edc7d1df4d4cd35330a3d0aa6a8b31831a458b666184b33750e
3030 2 33253 1048446bb0dd7dfd962000cc715e9eec6450c91b8959cee4c258fb77d8ca82ec
3031 7 33304 db0900e7208cf5f30daa258a50b32cb32ec7cf4fb88de4d13f3a43921d6ab4de
3032 2 32965 278d170b61a347ae0e9d1054c1ca48694278d4f6bccb00aa6a9ead8c3b61ffb5
3033 6 33297 bfd6f9a29297d87cc4d4eeb9866bd9ce31d7c5331943ab2a0e7e8afd0c756d59
3034 5 33344 b4fc8c02de3026850fbd99945366e3f071529a9869b8d538a3cc7bbba3ae29b6
3035 5 34291 8743d1beb106d39668e70e379e738828813a367736ec16d015c767d72609486b
3036 2 34865 9391eb81ec7ca874829a29207ab4cf85c75eae54997f40b5c882055e5139a77d
3037 8 34175 ffbbbfb13d2296b8ba1eec049b8ba6bd75f29dff2529cbebcdc828fb46a6ae8c
3038 2 35386 b2cc63f14f25ab014c8293e2307c02cfac9c875dcb8fa1f8f748513de6fd50c1
3039 4 36339 0d4e76567c11c4e16aee80f112ec3481eb1962fca639d63b01c371c1a1270926
3040 8 36818 c692de594ee1c542d212d32a70f610abbc79f466e0d4ff2ff492d38ed906d3e9
3041 9 37031 e09f1d8101d59d1ab6fe64369eed013ab915b1d36042149eea61c97c75746dae
3042 3 2503 253e54a3a44473044108a4486e06cfb2dc93297048de8f44aebc16d372094083
3043 3 2501 bfce55f971a38673974b81de88946b2af522cca24d0b684b1b12fcf6e787f22b
3044 3 3453 592adf2c22d81c7aed5eb7309b720ebb51d803a37ed02c14d4ac8c464827b82b
3045 2 3500 3b05d121cb640d54477ca3130bce4e5ae0364d97f115b7d3a511e8f01ad5daa0
3046 3 5678 07dfaecdf183f6e25a702a0dc00035fe5f927d494b57e4049971aba62d8dbe9f
3047 4 6630 c50715b506d307fa8304508541c3d3f44abb6969c18794abe01c0056c9e7b6da
3048 8 7748 bdc04067a466793637e0c2c2abac137283a4c1ba2b525f72e077ead46c7a60b3
3049 7 7747 6162f92e54a7d54a219764180a3df2325d7745b983053a220b738772486d9256
3050 5 9635 247e3ff3090803223ea6bca97a7c6cdb0824a099665b2d8c4d76ab57410651a4
3051 4 9682 4565a458a0b039d3bc5a6d1066d9ac5b465f3656bd5cec161c989956c96dabc8
3052 6 10394 ae5ed448a607303f6563b13a6f95237cf44313099951fa1c907d4c38aaaab4d7
3053 2 9670 6e58c111b30654c1eb4dfc07991032b5665ef91616d082d25047e3aa727bb4de
3054 2 9884 44dda4838d69976ecbaeef5721a96930541745eef518010b513d1f1b36140c25
3055 2 9672 a1947168f356e3082884a71bf74924909816ebd6ba32320aef5faff3351e8650
3056 2 10625 f7cd4dc8db925283109ecbb3b48e35fcb8d7185a225364372dd947a815db8a15
3057 5 10732 0800a6c9a0865ce66f9fafc93711348de8c4f9ae45be67273608374a5e8ce85c
3058 2 10884 262b17e7d87ddd13938a23893e76d8af8d456ea6b3d57e3a1e64bb542f1f899c
3059 3 11723 ec8864f8b7ed1c47d319f02eafebef7081811563f1401ec3db14b21a70b80f35
3060 2 11936 afad006382f44cf35f442672d767eef9b7ca8897b14b20d713d64ffa79e2ace6
3061 2 11737 5191c062e65ba75c8260e96ab3b8937f387596b3c7212fb4d5dbae23db80ad82
3062 3 11725 cd50263e8438c9b82ec75fcf9b903915f08a7f79a61c29f7ca83225f8eca91a0
3063 5 12678 8413467763da9c7372419598b5f1617317b19ca2068a0e3476ef2a741ad74355
3064 4 13153 e5362d95c6e0f87e68ca2bb532264bf240033bbef1f2e8d112e3685281cf6930
3065 2 13202 ca80c1d6cb796341552bbb56129f4a5f0559482113f43d94bd7e0c445e4c8288
3066 2 13602 4172d2dfcd241abfe4cc4953cbab9d4034029fc65e1f150bc8dc86c8748a7ec7
3067 9 13742 1cb4e831ad7174a1d7a2b27dcddd1ff58eb0dd9739cc48a1f80be3a26adb87e7
3068 2 14593 af4e07999e8f56f4d520cdc85bf2d61d5355991990a8a61822f7bc2e0375b619
3069 4 15169 a9627b1b2fcac029cf907e0751ec32f5552d2be9db368759ba6d7352fbd4822a
3070 2 15918 03a984d9f893b789e600597fac139f5da322f1c489277b1a3a52e05929794ec8
3071 9 15787 3354748e754fe7a33ede24aa92e4911efcd04cf157406f6b0cae1a39a3093694
3072 5 16731 84657d4b38932f265f27f48cee6d78910e4f930d361f6db2c181ed304984bb3a
3073 4 17210 f1cc77f8286f20457bd0979d076866d2ee96c26a08c2f1c85937d0ec8b33e701
3074 4 17673 515b3725dc5b456e1d9535d6f66687d465449337c2dbd97f8734835d71a18047
3075 4 18250 040e7890205e3d2c85b2c163b1502a77ba145bb22d6cb9d34e4b713879923e9a
3076 3 18678 25272376592e95347a62a296bb18dc9969a96e561c9d5fc3ab79a6012e25a21a
3077 2 18340 a22c97fe3d4e6cc5ee218e3e1e94a2bf3abf50865ffbb053ac0e1f6e0fe8b963
3078 2 18344 94e65789ee7503030cd4830ff6bd5eda26c81cab872ac9df3230a864e97eab55
3079 2 18208 228604cccf668d9765a8f365eff34296a03b0e95653f09b512b638ec43ee3809
3080 2 19126 f61c8610b8aa12b16946f6877bf6902625cdffa6b9296c55e9c656630d2bf8bc
3081 3 18825 95a4ac352eca955d8990333cf8e168f36981b1f23ca9c35dd5756547dcd456f9
3082 4 18367 89f4ceb33bb9019399d11fd49f53edcc548ff2f9077a44daf4fc7676ba7c9823
3083 2 18802 fa03e0a8068012336c6039d5caeffbe5286722bb780690b84273ef2c30d7283e
3084 4 19755 d34bca49fd4764785a2c8b5b4561b96683ffbc3f618689f110a60cc35d321a54
3085 3 19802 36f441b936b94f1099463784d026e18d0cb7b986243072e3c8c6727d97c3f7a0
3086 6 20787 5b9cc83a21e08df10091a070aeabe3ff56014c362d7b7e92bc8239f81e909836
3087 5 20786 51c54ee5b315b83609229cc56038d268b84f87e7de72e9ed86ee6bff4eb73c89
3088 2 22994 e7a339d13c7b408e47f9c307541ec17c206a138c97b4c8a84616c9155d614cef
3089 2 22919 52ed68aa8a6eff77ef386806dd649495b2257d9083086fba6c25341f0f25bd50
3090 4 23871 c812d50441b71a7ad0a2c15a14b812681d0e2b7e195b64a07f101d63b5b15f3e
3091 2 24815 c79948134caf4619057c12cc5dc4cc3665dbca45dacc7ee7ae01451d40aff47e
3092 2 25028 10da6333d4db27b43151f453e9ac20f11ba93e667be55670125835a9c0fd3238
3093 2 24899 996078477073c2df860ae3861f0392768e0a0a32cb1ff5e3d609ac5c11800329
3094 4 25475 89e957bd5c7d137b8e340ca4e64f7a64cdcb78bc289bd8b017348219dfae4a44
3095 2 25840 2e6c8cddf1d5b489e6edd1d970b0cb3a68c4371feb3baddaf83f28b75cce8bb1
3096 3 25382 b7b19b6d509e581088a0f377bb001a8adba3fb5cf62c075c38d1332b92ef7d05
3097 3 25894 2832f7620ac226bed921cdd8abb6794b828806d92596ffa562dc03c91b2f5309
3098 2 26838 9046b5ef1ff175ae668be70d16a0ff94c42bc35e0fb8c1fc88bbbc1a53dbd41e
3099 4 27414 080914183598f6153223fd3b94c5d32f02ab9786fb6d69a6b622b4a79d597c69
3100 2 28065 893b1d8f1c7f091410e2a231c8a72bde05d4d8ae7a63a4b8a4aaf9c8b1733150
3101 2 27953 e57d740c53cb02f8da7e1632eefd77765f0aa7aba9b61fae801254b38f7d3973
3102 3 28905 23e33a153e6886758f5523c5c75978c453898e9d85ee410d3b130f0dc1009202
3103 3 29384 d8aeb35cff27950fcb105ec8f8e614f9c1b9383d35bf37f39b901d1ead0a05ab
3104 2 29847 bccd52640d34cdb027808a6d377053ef251837f03b281d1db94d76731e513bfc
3105 3 29389 0b686f381e05055e50920b434264f36af5825c6dad3eaef030cf99379156294d
3106 3 29987 2660bf1b3aa9943d29b6f7bf6d90a91f41db56813e6be21cdec9a485080401eb
3107 2 30201 72e8c7a4c020dce743a36d6f053af034e77313649303dab3d73b53dc9bd23b99
3108 3 29999 1756aa10f2cb5cb997fb4719ae6d91e76688a307cb8ab3c51972954e96af1619
3109 3 30064 562bff148a9ce5b7dd8dd4514e9d9c2d41cef793092373725282a4c2a4be375b
3110 2 30278 83f16ce6aca239230cf84013b47046cd0e330038303f6e9b88fbb4a2d9f132bc
3111 3 30149 8f4f3eed0ac536d5381528efd485dc6852291c05d1374a6fabb328408c9c80ca
3112 4 30141 e833729dd49aee2b1e3eb2ef7cd6d710e67a7926c25c4fdac42977aadb0906f6
3113 2 30355 d8dad8fd2f5345efea093921bb61a9223ca2cd4e50a1ba448b2eafe2992e4053
3114 3 30153 24d35373b93c8f9fc79230daebbfd45d16ce4de05b8571a4e83a417c26def763
3115 3 30632 d5159228e15c4d4227ecb014a7ba3a8e754438bc20ce639e95c3121e6b02bdc9
3116 2 31096 46008be2461b70df4e34d5a8715ed77d31ecbedb4c23794deadc6bf6abaab321
3117 3 31084 fb57383ab7453a7227c6b67163c654b0e58161a1480f8177a2e399b6689f0d5e
3118 2 31100 311f5942352d578747401a37793665b0989de34c83df46d53376d3c7037d1588
3119 2 31087 17cafc25e2a6ba11fd32449b6a4e2ee5ba3a6eff57d7f60dbff0e8f1b219da0d
3120 2 31098 5c0dbb2c8714a83d4a6d951657d8185705d49547b907fc4c62defaba3c08fb96
3121 3 30640 49a0da28eb1d2c5ed836e24dc1505cafc67fed194b8e63fa7e21a37edb32e539
3122 2 31085 e6d28302f346315fcfe9706fefa57ac4c57c804cab05742deb4463df4ca7ea83
3123 3 32037 0b27eda32896a4e558435ec247fd203e1301e4ed01ac84568d865375f8268a1e
3124 3 32516 869bb0eab459022b4a8ab85ccba9917a23e632a26cd290251944f31e1d5734ec
3125 3 33216 0f07db0a14b719721915d9b91bfeaf07faa51902ae48a6a9e5241d2a19b66dc5
3126 2 33430 d45d2ce3f6e6dfdc85403b026b3ba37a0412fae0c6dc10ae5f608dd0ac72a213
3127 3 33215 8021bf48ff2ae8b864f60d10b0b8c68ca888dbe34e2cd8370fde2d1ebc38efdc
3128 2 34168 1611510394f2147e767e37be2c01a6fedf1c5ad1f4c2c0bd3867a1a46df8987c
3129 3 34100 13cf26847af7229c4b9b03eb1ae85ce946bb1855809b839a7c55d93d516ae467
3130 2 34173 3de7e1b05e14755a328381de8887ddccf05916e2cd895cb6555528434b6dfd8d
3131 3 34150 06369e1bcb216eef2739780841333e16b1c658ed5db8d234b7fb25beab8cb2db
3132 2 34160 4709fbdfa8cde85164a6701fbd58dac6f67253264b626c647f014fc9c0cbd720
3133 2 34197 eaedc793180121825a524e1289c7ac4b04c4871edf6141ed8f44ee73b14cea1d
3134 4 34251 3c8db806c7e99508ef77ce998250b2ffc5f38d3b663d7bf479def143266270fc
3135 2 34465 ea03d13730486ae323afc2027e76a3e90f6e130f4659c7553237c1543091ff78
3136 2 34263 8f3ec510ecd69e85bce308b5a03d2ef88cd9eab04c44968febc5dbf8c29eb169
3137 4 34251 135d0fe44af8ecaa01170709935a7b75e8faabc7512d3e0a9447f1335ea6f345
3138 3 2502 58c2a89ac7d69f9ba81126d4a9cda2ee3a85c1d5efff73b2a9f2bd720872d9f3
3139 6 3454 12a4b98f11b9bf9d7d1106200c488ba988bde4d5817926ca67853bb86192a14a
3140 4 5680 a3cf8060943332aba881f9138122e7d9a1b69b3fe47ff2694ed6debdb71c48fc
3141 4 5680 45a50f718a3adc1ea4af6344504db20aeb237b4e22beb7287bd358f8715b085a
3142 5 6629 9717643f450a3af9ce58ee71c6099cd506c1707c006d0d28e7e6a6f3cabd4f45
3143 8 7582 503899ecf8bf0553856aaadbc703754ed48fadfd66c806772fbe4c8126b8795e
3144 2 8523 856dc0bc4672f3c79ce643c0a0afbac6beab34ff753665a1c3f12722a0e55eee
3145 6 9476 d104fecc458c0553b0408f806b0359df621615862219144acb15684b38111fc2
3146 2 9763 d321cc3c7168c8a7ba166d0b696e3dfb15552fe57f578e3adcfe4a40688c29c1
3147 2 9689 7a2523f12155c78e9929b06dc97a65ed31278c907e1bfad9d7f0a2d896777d1a
3148 4 9488 4168b5a26dcb9faa70eeed899e67aad9a6bd3f9a7dff59bb5080fc50f7a7282d
3149 6 9476 5d3bd62663c1172bf8698edb63ee147c63e2198acba44d3a7773fb3c7ef7eac5
3150 5 9955 ba10f644c2499df58e9de9623dc78d62a8586e923fa6ab9695ece2d34ef6ec2c
3151 7 10764 1f7ad86e5c1455b3e342662afb465718079dd5d39e5863acf60f2a23899cfbc2
3152 2 10977 887bbe073d44ac2b02d1460b27ce4c60f923d57fe2ecca0df27971d5d5887e84
3153 2 10848 b7746689e3ddd552ecaf224754022035600747c161d2bc9aec48226c0d7825d4
3154 2 11068 96ca53d87f89fe3b267f9f6627d195afed8b2727aef555b91e927f50e9d09bc7
3155 2 11068 7bea4f84ec675fa6ce96225745886f9c5e157d21cf9badd99bb5a78682e9ce4d
3156 4 10799 079a5171e2b3da7e2fec76350eb738f1a3707b74daa5f62ac6b08d49e8b79806
3157 4 11752 9a6ab168544914f440bd49d29a1c6e0d59ec1a7cba341010de815315b9cb2a77
3158 8 11535 d5fc9783e91ddfa2748fa9787bed3fe5148def8c95f16775748aadbed38fea41
3159 7 11583 ef3dcc4cae3e5e1bb6fa8da3009d3f1a9115def6ed265fd38e793edcc10498b8
3160 6 11632 95825cb21dca439ed176cc0f81b9d8b05f50695ba36f603ceb33d23b56055344
3161 2 12125 6d30a82c2f957fa10d2cf8b319d3bdd63da6ea15f9612ccd28d77d46bee3822d
3162 2 13166 674177fd6d4249661cc75dd0c98c446c0d1b6372a46c2f806bf3b9ebf81e14bc
3163 5 12626 46ad988e3764cf4d1c852314453a5fa8230b427527e35d8c71d7ea026bbf6c32
3164 2 13568 609a8fa92c0b640bf2341dc8b752880458d0319181eca18247dc1da888ae0bb2
3165 2 13854 2c3d5a5003ca1468d10780c7665a76c8ec837c110435f9e446fc4fd23a3d7ff7
3166 2 13854 6f09e7fb6bba69db6e8d13a3ad82b90af22e254ec800ac7c1b82a735cc54d7d1
3167 10 13853 3928a4d9df95549908b1d240d45f9b96150bb2f51dfc1c620e59f4963386b7d6
3168 9 13900 b5703cf4f8647e7fb9318b7ce344928f496426eacb51bac68bc8972c9c215408
3169 8 14853 1391c7c08ca3fbfa3f250e9b097c26447dbcdaf278f5967c4a9315fa53f3f130
3170 2 15331 6b8769ec94b6b79af2fb917b151e4685a90df43d2744996cdc69608885dfb815
3171 2 16103 28d16a875ff62e32276e3a5ba390f1cb3b6423dd759d66a4224c35b756a82155
3172 3 16459 3fedde9beaacf34752d6fa81607169df89518e75c4d93efe8e5d8f9eef549de3
3173 7 16938 3c67972305eec9f02e8de047fd474a1e73ed9bf31e1eea024e9106235f67067e
3174 2 17035 a76b53f9ac69c9506bdafae0279f4c5db77900c2efa8a7ac1f4e0930d9604190
3175 2 17603 35499e641d8782f96741b5bbfac650c181acc6fffe9c473f23ba6c0f88a19242
3176 2 17835 342e837a46ab7e4e68b5d955b27b6cad19c9ada9451b56c5effda3fd918a4b28
3177 2 17835 bc51e0d91fb9544a92c0080b0dc2916a715b8614b1e69ed7c3b8288483ef0d6e
3178 7 16577 b073ca640669decfc7c6e18f1a687dcaaa68a518291e5c7d0dadb951c21b32ee
3179 6 16624 1dd2a9b1cce4e97499479fa9803c2ac3db3be52c5fb48bf32a06f8e97a7f6434
3180 5 16673 fad0f393421d7c37a1d35aad84a459ce6823320a9bc3f55ef200ac0c41e00f4f
3181 2 16958 a96b66a9393d38b849b384121bd29f4c71d456bc6ccef4112207d0aec30e537b
3182 2 16885 42686819a0676cea384013242db4dbfc64ada7f99b8c9ce73a1266f4e93f8fd4
3183 9 16749 8d2c1cf28a90bd3f9c45028c18d2495eedd34a31a1c2dbc17018166a554bb58a
3184 4 20399 4ecfe259796ad2e7e9c20816ab5e0bb2ac05bcc0361d43ccb3de971cbc19d9ae
3185 3 20446 f6851c932f1c1502ba16f1ff1fb5cf4c4b339c7b59e09a2e4d340249f5de85c8
3186 5 21396 dda3b06fc141cab73c5353fbe539f706c035918a5f846c55b958afaadf188cd9
3187 2 21683 fbd5fb50ca13e46b9ec0e1772832b4e076c2b563e4423456d0d88a50772175b7
3188 2 21683 1a526cefb73a702542ae5b19d324ca1051e3018125a75d37219e3b5f8d046405
3189 2 21482 9c258462440468814dcd247e9387f859aeb7ea68cef589c6bec511fdf9140d94
3190 2 21958 b038a190c60769efe35cfaeb1d7f65f257067c923d156a1ed63b0e4521944de1
3191 2 21480 9eba96475102e9ffc8daa7a2e240ee1921dc54fcec77ad3fb2e93a47fb48991a
3192 3 21396 0db56efc72650f5ed2cc6aca45cb2f1820cb34b7db5b2e07d159e13e9db0e278
3193 2 21444 4fb351d9dfe421b144b04ebdad4337a32dc3b86df0bc0c8f8b0fa9ec7d1e3841
3194 8 21818 549e3eba11e489e2f6d90598472540273c09db015bbc4a0af400e52ad2d26257
3195 7 22297 fcb0d8e2bf6863665e19b4c4e462a70d891911fa92d4c6ea4ceda1254f7b2e5d
3196 2 22394 a4299c6e8c8d8edda24b10e2fc8590192672dca16fc29419f912bf3336060d27
3197 3 23056 a46f7aeb764096d7c30e7a017c5802da327377c97d55b255c6751f0c7f1f2531
3198 3 23566 92958a3fa0b21b82a2731a5ad8b3efc3170e31b28c3d0cbab280437468c99975
3199 2 23937 28ad6421ec632f9a8051e3d63b2f1152f2bc62ad10328ab02bc54f05391b66e5
3200 2 24150 417345623b28785e77592f4dcdf170fee8ed536ef29f574d929c2ac1ca00cf2b
3201 2 23939 addcaaa805e4e74a1cb8b04b3971c55a45b36e11c36d1d09620ad3e91713ec7a
3202 8 23952 5f6fe361f13a24a130c1449c0de8c2f5051ef70a1a333207da93d38e9f53e83a
3203 4 25203 c7721c8f8b6e94bccd0952a0ad6b6565d478298b409bb6b97038fd72ed24ef8c
3204 3 25250 b58313ea8e02e8838ee8c94c339e7d1f24c6829476408948d188c09a57f4645a
3205 2 25299 eca356c0c4a9c964515b391e90bae0639d92647025bcec2f2eb53b4a3683a61d
3206 7 25782 f67565a2b4ebd98254bd16dddbc9532b6cc21f98b062116e34ab1758f28849c1
3207 2 25922 b81f07192c59d5a49060e8352982ce166508a643af1f216f133df119a154faf0
3208 2 26210 d1904041edf7feae58ecc3b2c4a97f21e3d5126b0de398f1a9f182cd866c344d
3209 2 26136 fa02c38673c7156c1076caed87373b327051a8e6cea23bfd2cf5f4b85fd33d02
3210 8 26074 da18225cd71451ce5cfa73e819c013e85a3018505d19649552136be66b8b8636
3211 5 24948 a2aa81992178ef7e54907dcbd4e1cb8fc71615e8c6db0f998e2eca4fdf7fed43
3212 5 25901 b07a6e0f5a8620bb958d81b670d635f054bf04b614e573dec6cfd0650b5d6eae
3213 2 29912 e11786d578c14417ed7f0a0a251d492c31588f73977c65e41e19f43dc4fd5b3d
3214 2 29838 0b2f1eef35958661110aab10c53db4394882d7ec30931287e3acccedb247f2fb
3215 2 29764 85bfb35853cf4f131dc82c46d71173e831b85339a9dfa965eaebf495ea96d7d4
3216 7 28807 08cfe27d5da0315a71841c09a349db23c30ab3c3b562ad9e31f239dbe21741cf
3217 2 29020 7413e6f7d6abfa022ddef1b7e8ca616222894d0de640810f9acb9f37c835a1d6
3218 5 28891 bda653e4e9ef7a1ec63bc8a868f0974c2e2c1604017a874cd5176d146af8aef5
3219 2 29420 29e3973a61fc57d9706511e9665438b11e72ac8e437995ef900b904c1543ff76
3220 2 29419 2096c0a67b2edf9ac067fd4b01637a409d8857738e0e4fa11fdaffbe6c9b5a31
3221 2 29345 769cab8448326e25f2764ef454268e497d1c56002efa2ab6d54f2355527026e9
3222 4 29179 d94f1f4d59d2b81aa93e2487180149d3817f5d309ededcaf28d42b2ee0d1d047
3223 5 29084 34f655a00b3752d2892d2f1d7d5a80b937e016e5b9c584814c4ae7eb574f62f3
3224 7 28950 d99642a715bbbd0872d2d57a9cf6fc85b1e3947987698f49279b60f1c4c2d199
3225 6 28998 9e108413fbf187843817648f2c6c93f34cdc44163023c457d6b5fe83beb2f987
3226 5 29047 fd4cf19ac3f31c911060d6c94f42123bd98b51d955096138e87cccffb96cf69c
3227 3 29098 64891cfa60518090861a5a769ac8f7f4b6bd07580e5c208da073dd00c38ba350
3228 2 29144 83350081bf32b6c67bef3a3028356f15f57ac739b51cc4dfcc6fb988a86299f9
3229 5 29148 cf50fe678fbc1754e0eb87a52cbe1ac5706ee9ee2d425b33b75ceaf3b820ee7d
3230 5 30102 1f13f6a7c89be5f8fd732f497acb6db4e913631748527603044c01c8d0cb8ce3
3231 3 29449 1c4ddb47c159a95daa5601d76d5c9e9f8b1a626769028e666dceff825c3fec2a
3232 4 29908 854b30bf1f174f446478094e7986f1ec6dfcdbc2f58503917df605fe938dce36
3233 2 30122 b9b2d32d29a62aa96861d94da314a81ae6c925ade442bae7e7d1c2d4e77e64d4
3234 4 2501 50ae7eb4aa78127c6e56d528e074c572e1490c36ae7a29528308c377ecb3b1c0
3235 4 2499 5d5c12e807eb28a9e061349c9a95dc3e73fc6410be1a1a6a7d86a92b950a2035
3236 3 2577 e1b5f04ba0af4c26d1b30478cb92dcd8bfaba3a22bb09be93fe6df306b67ef0c
3237 7 3529 738cc32b4abd2d3286e564865a6dc51d187eac606cc3b09de69395a375506d50
3238 4 5681 1d1873739827d9fbb9f8820873358e36b735390116950ce776f9eb5a02bdaeef
3239 3 6633 24ac7ccf3e4faab8394977dab8f4f4a27b2b13e1474bdc47210f4d3f0884569d
3240 2 7112 b3ed0185663e0a9ffb8ca16aeb4a7c1fde5a8f77c479b297aa9d604d98904933
3241 8 7647 8018af0073d4e6ecd3fd3a3e9c1d417f837dfb54cd91f408c69924a8cd0f63bd
3242 2 8588 0e3092d7d8442ed641e31f319a93e3994eab8a08ad7c47667521423a36e2450e
3243 6 9541 409b14a3d20f4674d68748e217a3cc68d05785c0a84e3f278149f59e6a45dee0
3244 3 10020 1e63d67fa10d208dc70f2606a68fa4be2c6a7304d2ea5fac4671d13e272f9b41
3245 2 10695 56c88147194193b70d16b1af6373d8fc3c68980803270d9fc06869042178d9c4
3246 4 10758 9286ddd02b799430c20a29e7a13fad5c049ea23c7e84f776373e0a191017050d
3247 2 10770 7b7269e65b099c21959ca03df0192e1be1e6ba6cdab8e481d329fbf63833cd3b
3248 4 10758 45e438df804bb4f7c25a5a6c800b873d980d39876e003e8371a01cbe70d9b357
3249 9 11711 2b67db2ae217ad63eda2332bd7f9c3fdb0cbf3f34875e79d6e5a467c9ef98313
3250 5 12656 3da04060c55bd2662351c9f66446044165c527f449232d471753a4cc97e67833
3251 2 13752 eadde6f0b36874540461ee8391af1471b613d2d01dd71e3d6ec3f54f1b45012f
3252 8 13670 f324ed7f45949491ce4b1474e42579a1ffd09807fe4de64034f3e2c0cee07eae
3253 7 13717 5aa4a00044edf1fe00887d57f3dfc05deeb657035b1a0de80386982b04209cdb
3254 2 13811 b47c857c17bd19ba5c71d32d3cc73a2052904a0a13d93299128ce716b560fe13
3255 2 13929 f7ce01f4e98d1966e91f50a0b9d20443f9fcc12e0ee4185a5aa0f7d4d29b8336
3256 2 13730 b34671cd4f07c63da11f2b84bda13c851fd6654725594920df8502f078f44976
3257 2 13819 092075e6dfbef49c416e3c1bcd7c6bb5984c45f38d460e29e807eaeba38028b3
3258 6 13718 19712781b7c7fc3623b036e8cda616c1fcf690f5fb7d91aacdde473ac6ec6570
3259 2 14113 abe9ad11a9bd615df15005562b0fd4fad65071bde744f3a53fd1e4d7b91214b3
3260 3 14593 f0e251eefc00d6bdea80ce321a0093c142346f501836d8aace36c5cf7b47cb3a
3261 2 14646 308be62545843f2224467d77fdbbb83b97d0fb54e7edabcc4f46ac1328475e39
3262 2 15673 4d01f6526a1753411d5a0270a97e6b6c29ae5e2eb8ddfdd5bcfd24403c4fd68d
3263 4 16626 1e55f3750ec00190a1f923f463f94b5b4feb62ef526cf4eb2e0c5cb467c868bd
3264 2 18897 91b38a462e50dc52be1a462585930f1dcd854868820cd1b81f3580b73510cb81
3265 4 19849 d7a05db4493d262724327ba02814c8a26141d07d3a4b3c3e0109c6171c685eee
3266 9 21737 9f257a689bba7f458af2c47d0d00c016f8453af650919a09936624e4512f89c7
3267 2 21950 0e94603dfc3dea4a1fa076c1d3bcf1780dcc4a7f9bb38c9d97b46b25a5bd41ed
3268 4 21821 b83e2ca8cbf3a6a971cac84e80ecc92ceb719454cf95da826d11a09b7979b0c9
3269 2 22351 5f07abd57e6bb706df1945743cfc7e641b5193bb346e76127ae2caf18ad7f9b5
3270 4 21819 60dc9843f6fc6fb3d1f2a4686c019ac71c8205ec95215f4be20d89e7e337e177
3271 9 21736 e76faf3e7e5c3009115202ec52ea42fe3fb9dd20ca771737b6a96c20794000cf
3272 8 21783 e2dc5c65778180179f9c19d8754ce89f1feaeaed8cf90489710ec55ae08f5c4d
3273 4 25433 734464868f80d8e2d2df6fb1c9d0789c5428c557c96d560aab215b426f773038
3274 4 26035 9b8c0ec40e2743209bc31927d24af339d24c93acc4fdfecc0842d8bbf6faf642
3275 5 26680 64b8f4a94a30369d0892510e12d58c76f34d96557260d25963523ab4a2e813cc
3276 2 26228 dc1fe08f001e4c8f42125d7f7e276b7120712db2d030f68d9d9e9bcf868af6c3
3277 8 25748 f61fcfe251dc9f5945e8b9b33eacf7aaed0a756dc8b75e2426e77911d152984b
3278 2 28359 630d2fa4d6b2838158aca7af62b447a593e8c7a3346cfb583552d59a47dba177
3279 2 28285 e60d748bdc7a51a9cf294d74c2fab886dc8155afe944adef3e2874a2af9dc522
3280 2 28284 fac701a09ef39fd70fbaf34f1827d93c1f52086e802e00ae9faf16c0767af392
3281 2 28285 d0883ef013d00ab8bbeff25ce76a5393d91aa49c1e6beada7ff0356ab35e94cd
3282 2 28999 ed18aed19d3bc754c0d1df703567cfc135acfd94fd44199ea834e6920a29387e
3283 2 28838 7e44402951f2a82beb16ce4f12fe82ec168e30bafa7e27a0ab6c1addaf2b1d68
3284 3 28139 95890eb9871b93d3c6301247438837e65a7e93a1b69c53728db69b2a97613df1
3285 8 28618 3a13fd4f422866ac77505fe1ad4f34b4b0d93af53b2c3790d41329b0da59b994
3286 2 30507 865ced3aaf3560c91431659e9dd1d81017da5d9a2c9f414dcea3cdbc17f7aa93
3287 2 30593 00b03b9cbd5e91fce2bab10379d063728b4d38b2d0986a135585a98d2cc4822c
3288 2 30593 0cac116f70880c6d5d437ea2ef5b4a2c4318811b3976384a0bec6876804431d4
3289 10 31261 dc6fdac0615bd6625e4eb1de50b93f78eccabfd414f54d1a27e66af6ffe3846e
3290 9 31308 236108948a2193b0c262789996e337fa4430af60fb6da0d065abf15bf593827e
3291 9 32258 c5f559eb50981050bec0052a78e562591f28526e50e69b84e75d3f6a943b4293
3292 2 32620 1b8ab5bf5cece0dc3554bfb63ebcb8448baae8516d8be22e2bd52b378446c1f6
3293 2 32619 361cc6c3117c3657ee5628b5a612fdae77f687d9da8135627fc2fc05af79da71
3294 2 32545 4338673042f460c3f964ddcc2457ed046beccce4c3831e83d58baee0c2b347e7
3295 5 32344 a29c6b39555e54e518e629c7cf5e517c941d08c37a8dd1fbf8e54576d5adc883
3296 5 31690 ae02007afa87a92e707190ef80aa962a2c63aaa5f516a7a429b12e814e6f1768
3297 3 31131 50e1cb41d2ad4141ce3ad5ddd5e282671a8d08142326678c84e9c79f924a36a5
3298 2 31177 2577106122d54a5ec35761ad56c4be74bd9250665d79ffdf990e0ff5398b6029
3299 4 31092 9bf1c73b4803c4343dc46ca2270ecb5d7f366a2f051f138bd3dcabd667264b99
3300 4 31571 55abea45587641c1e004bd0e241e3da1b9bb399af6e29148a450cc843f2c6ba5
3301 2 31535 7a0284e652fbbd40d23400bdef3526233f6a344fee8cf0d2ed176f09b851abe4
3302 3 32209 9b9d4bed9999321112017f9299c7ec35f94efce6f34c3d94ed6a414d521f66a5
3303 2 32256 07b3890b2ed147d71ea381a06242cdf3ea79bcaae9bcde34cc31eaa0834f4611
3304 8 31827 24a729ceea67903107da19475bde08a8e8989cd2511404dade6e80a282b55def
3305 7 31875 09c6d34542a4070edb0f5ef1c7fc3fd8acd4477a0225c782951017d8b8f11086
3306 3 33127 62c6c755663a87c69f88240178301b81fb828db8182c734bd7de1be7ccd49c0b
3307 5 32819 5382f757b3e3a5db1ed8c4ca731fbc82b05ee840274a76b852c4888c060ab758
3308 3 34358 f3647c349c17684310a37a45b8465b052ae0c1a6abe143400c589224bf0f2247
3309 5 33747 7b4115b44b92ee59372730c7813c5c2fe934626547eac2f2938566a171796b38
3310 2 34032 a71f35dad6158c81366e46603c1f2c4a6afe3fc03e7dffde3c1302a49a518eba
3311 3 34335 b9fda98eec376b6bad05bc58fc77840201c965ee3478b2b9b918c53211eda90d
3312 7 35925 e20448f0c671de900a94166104e3463b395c346756238fe1f8ebdf4466306b74
3313 6 35972 784f305541e3aba8db4775c4ff2003da26c1cf37408f4896e7692b0170ad4399
3314 5 36021 6f8d512106eb1120fffacb171d22d13e7be35521d9c1edb31b0be8da5325f8d3
3315 3 37274 df73394863b1baaf33755415423d5df9506cf7dae85cd4c52d1a328519632fcb
3316 2 37323 7a20b9892daa998702f87351fba0c2c3a39109b6da083ac992e7c0cf9b93846d
3317 3 37015 f62c62de244f94fb3c726ce8de62b655fae6d8122c453d25eb4f9431e545c539
3318 2 37958 ddaac4e4f68dec56a320fd7609d5ab793fecdb615ac8d0629011be2942749155
3319 2 38442 527cbafe1fe1c9d97978ccc2acc908d1e11d764676dc25b96a583b6c20ebd087
3320 2 38441 57155c32e54bb02cf2b9f82d751f4c6368b154ebf8921d9bd222808603dc6383
3321 2 38367 182c6c749daf753d025a7ca573e9023ea2c4d7ed2c969445b72e85f9cbc8a23a
3322 2 38368 66c27884f31fb82391e6115ffb3a43632c6e00841a0a371dec2e447b1ca5e124
3323 2 39580 394273681707064d447e4bc54e8eb5e9d5371d2dde67f665ddd66c0ec31efb2f
3324 2 39418 23f4998735c021c22ef2833039853aa00570379ab433fb1f37d0914fe33a0116
3325 4 37410 0fb6fd57f0d993d641746d91b9d3a5aaa24bad8184fb9d16eb8b9e90d46e8633
3326 3 37458 89eed6cf8e71e47f06273bf0e5c01ea9df82de7d18b391b8168343927efce478
3327 2 37459 fa6ed9156d7076087212b13c4012bdcae07e076bf2a64bec58b4d19fdeb3696f
3328 6 36867 5bec584399116b62791efc7de074abc013146239082e7b89b95a6f2f7cccf8d4
3329 5 36915 2e4f01801e18fb84d80eda5016e344a7cdc2e4bb1d598b8262a13fdae491ba7a
3330 3 2502 0958b351ab52b9a46cc1dd3012847b4512351cd1278c4685e7b55c3225c5442d
3331 3 2500 548905a86aed1256b84fae43ac6d569636ee8980e4bab6a0494a1c0c14b12d21
3332 7 3449 5101738eba64bbb8e0d7e0cdcc696dd526d044a0387bea18493f6f761d21589e
3333 2 3928 bc3a46eff1974959b833f1d631588c870bb53825696126a7c86c1b9c8a0ae049
3334 2 4082 6442911743b976121ea22a9dc5e804cd479025e76e62b85e0424373687578766
3335 2 4640 16ce1c71db0be76e6298a3baf88110e745443102d6e8e7e1ff246478217de80e
3336 6 5592 4e46587d57c1ef4a74972100ba733fe14fdbaab68add8044f8d9b1bec75b0693
3337 2 6071 83b9f3b3a268843aaff76830301ec245aa5d51955341a1f50e0f0fa9fd4136bc
3338 8 6541 c0563ba9aa20055edd6e3e1e6c4c0192ccda7eb8b8ab148d575dbb80f7b59721
3339 2 7482 80b0e9cf20c0621e657e6f75c8a0e9db916564020b390081388dbd50f4f4f5f8
3340 6 8432 cde5c28cd9b43f943741ecf886b5380df438549ec5babb09b5a97f284e5ed38d
3341 2 9660 a0a15e5bdb9ad0024e2fc18014bf94e72db01c0593a8801ef86df16cd79a7f22
3342 2 9587 17eb9ddf784c0368b2812c2a62fd996cb2c681bb014efbb2f080630096c8c15c
3343 5 9713 39bfbd2420803c759478ab7e6f19696a17539c8bc0638f3db9806b310eecd3d1
3344 8 10833 6fc95dcc2eeecedb2776e5a898215b2a26ca97cd2f7665e985556ff5d9ee29c3
3345 7 10832 3271c40abe44bde7334120eca803c18522dfda37d75ae44d7ee85742429d3d8a
3346 3 12686 f0c80e7d9bad650f33d60648c850ac54ca19c89ef5cd7cc98460874f5c7e5ff3
3347 4 12230 e633d1a1314945a900e13b9d4492bb99f67d4ce8dc69b910e9bb13433b3fa369
3348 2 12672 e50ceb9d8b3e25e2492bd93b6d95cf37366d54276d8872d900c0a87946e2fc81
3349 2 13624 cbfa8ce1e33146d4bd5ca11615018df146f3dd62e54beea0de5042daf57f90d5
3350 7 13569 6d13159f35322c21ec5a403fc21b53e9817f0b0801f25151a9ab0e0bef19b40b
3351 4 14048 12292fa0c212ad6b19ca88e2ee27823effc8b99dece51da96a2ca25bd8c2bab4
3352 5 14512 edac06dd4f28a567e0c44b55039b7e9d50e2e457d03009a42f731dbb35e0fbea
3353 5 15465 d772854305d4c015839c704e18a9bcd506752aea59d669c02335233100e8f42f
3354 2 15751 05a7b84ef4620d35bcd41dafb54d4f7b4ec8eba6b4829d9afe958bd78c249f90
3355 2 15678 f3f89c9a9e232bbfa0dbed112f46c0c16c19bdc8a112fffacb590fba3b376d33
3356 3 15477 7f35a56246a00ff0db4c87384c275b944b9098cf2712748e9474302d79d25ade
3357 5 15465 ebcf0f4547792bf9d2e089d82a2fef6693bf116dd407f877c43b7b6f83e77d72
3358 4 15512 42e75b7f9c1967525bcb8a3bb2123fbfb433f1ad7aeca4ad2c41b1eb914d9612
3359 2 16762 5ac99911412688eecd71dbbbb0fed7f27dd0f4da1d3c84ec2636ab11ca0fcbf5
3360 4 17483 5b27b695e5b2163ee5af9824be3e396c4bc6e4ba669f4a2ce058d19d53ea74ba
3361 3 17532 db68aa478d0418302b49f4785324aeaa289e03d9fcaf960674c9e5b9c01cd33e
3362 2 17840 4992e37909ee452299b295254b1a8668612ec61506721785c4d087dedbc9de8f
3363 6 17514 73590f4f014dbceea1a3bd7040f174b42bc07c99a73acca3ce1f48d783b6799c
3364 2 17992 ba958636d9f06ae0124d8b2185e0b14b40d342f2b6d4a538307f710074cca47b
3365 4 18458 75688538f83125a022cbac9271170ce7e26747735af91fa3b187b5540d22238b
3366 3 18505 45a2349771d9b6bc05d3192e857ff822406378c9d197306b096a5e1f38b17d74
3367 2 18554 d0e9d1bb96fd60fba9bad41d11a837f5d63103da3d46a342a3a05e5aebd93275
3368 2 18914 26db5cf469ed2167d025b2318e28564b16c7ac33b94280308b956bd4bdb383de
3369 2 18913 a846dd4797acff96ad4a4a3429df2a3d4bdf8bf3187303d4c4189c2ad0a45529
3370 2 18914 0f14da34c792aa8af73aee925385b756a5f3ea95746693d70f4f949a70591bd1
3371 2 18953 81e71fd2c293c0fbb3772ac77854a649be11341421321d49cb5d8136b4f6cdaf
3372 2 18965 7a6eca053c1c2dfb2488ea15754f7dbc9dd81a740058c751d84cc834ddaea3cf
3373 2 18953 44689326c71748414602f50c257aa856a8a2b420108b43292dff309e72f70da3
3374 6 18540 6a1d83d61f14a7cbaf06dd8c54785ef2b0a9399cd990e4e6c84e197e8d7c9cac
3375 5 18588 d495de2189d19ce6f380eae89fe23e4d7a5757d2fbdfe506dbc336c631831fca
3376 4 18637 a0535f6540c3d652e00856fdde8ccfd8a1a02b1835d77fd950a8a3a6cf165181
3377 3 18686 0116102f0db9fdc46b5203a4d0f9dabca957bcdc7d1bc488bc6cd213063c4405
3378 2 19422 f00a6c9cec5cb2c6ac2640db079a400ad092357c06656d2b169985c9163db000
3379 2 22971 5ae5098b207da9a723dd4832237b394ceabe14f064762db4aa289ef1ce37caa0
3380 2 22897 937937ab769f0fbe8cb39b03fc60aecd2caaf6bc98ece60f62517af4a1a96166
3381 2 22896 f50dcf859bee54d50f2a608fb62e58e505e773ed8f0b9e2c2625b09e3c45fd57
3382 2 22821 df23a8eb35de5676f856a4deb171ae6b331c22f21c12f136192cab9d950e0d0e
3383 2 22747 9ba24f1c138822f744bfb7d2128abd6949237c5cec3d5aaa0c034e9857e69cbd
3384 2 22673 ffe6ad2aa462b44e7e1ce61836a6471e3497cd216b94444f6e88a8ec71f20ffb
3385 3 22126 cac6d3ff65599aceed5af56c7f9f8d27058fac284620c8eae17aa6d85bd3d499
3386 2 22138 116bcdf93a6973a2069b23b33c74c613eedb145cdfa88975bdfa2365b2eee46e
3387 3 22126 6566aee010e387db5bd617b5ca181521da744c6c6a78225fb82bb173e3f23b9c
3388 10 23079 499863033ba23bdece497298dfbceccd97bdc0a87203106d6188f591ecd11288
3389 9 23126 1d60dc2c035919930d606525847e43c876878f4bc851bb0a614df8472a82c01d
3390 6 22652 502f9092f8b752e47a48ea24e5f2578ab728c74dc88616b516a7278e26d22ff5
3391 6 23605 9f2c5aa49765039d2fa7acd36c292a84e2347035652dd1d71ed1f3179f512f46
3392 2 24133 1bb4700aef897aaa4a0d97a8d28a1aa7180d000a127606c6b5c158d819a71815
3393 6 23658 dbd5e2e51abb1e3ded3b0e41fe8853b7cd4f3b645b2802a186cd9d3069b0086f
3394 2 24239 65f6bd46cd1d28ed4e91cd7149c3f5483a65d95bb691e791771d39adaeb2141c
3395 2 24238 8d6427cee357d47acb5772f951dcc26fc355c6fc0e8713b46948a73f372fc071
3396 2 24164 a17cb414898f2f79a659d3afde8f38da7cf2e74e4e2e28dc6c01ddf9194c9d27
3397 2 24164 f10cf933527acdc40fc4b03332c8679c39dc4448ef6f2ad886e3316915249a18
3398 2 24164 5b008943f8660ed95ca5128556c0d1727acc122d10dd993f9f8838f11cb781ce
3399 2 24090 850f8a90ba206df06a223c9a9f64b2f467010066736074613ccc05bc6a0f8951
3400 5 23961 5223f64ef02f2d55a839290a59d24ae676281db50a2b731dd353c66d846d729c
3401 4 24008 c98f6a888ffbe754f2893e030a9c02cdc18db9d4245a0812ef2b6e73b7fc69b5
3402 5 23701 c38026c1fad12228a27f672642f0cefb27441770e72798e248269f64d92d0074
3403 4 23749 1bcbcb309139cf52111d77c9c595badfaede3d94fe31fa82ad7b5adeadb7ad00
3404 3 23798 b53338b6fe13b583afd478aea1beda6769d41db40ce0df911992580a37ce364f
3405 2 27598 c907b5ea3b1bfa251ebef3bb69a6be3b8d705fbc5b8fd53f0b707213c242d0e6
3406 11 27293 0fb7799460f68bb43677f0abd2c7bb5227e1795f8f8e3f52c446a80806b9ebd1
3407 2 26895 318fe00a8f0911e4aa938a43744b7aa8c93f870277e30b2e7945fc52bd62d7a0
3408 2 27948 6e4999d2aac69842271a84a13a50f47dc3a6d8bb008eb0dad762f19c49cf1633
3409 6 27714 ebdafc986f073e0b411efaa626537a3956efa8bccb181eb10d4f6c39acca8d0d
3410 5 27761 a384d3c08e985763bec5ebbc4ff7e3a49729c6b4fdd766065e65143cfc331b48
3411 2 28495 091a799bd0bdc796d2b2753a0eee7e11b635878ff2d40006b5129020e76956b4
3412 2 28494 131c7e226826803ab8b54fe4a67d14290403692e9097c4729523996363232b96
3413 2 28494 d761ed20382aa2a595794e8b8c270778e404451ee95ac8f1e50dcbee91379619
3414 2 28494 57b450f1ffb1a7e756cc96e95606410f18f82d9cc74eef162f84989053b8bfca
3415 2 28494 d1efe7816a5f2259659b2222108f7be8c5b2314a31392b736466ea039c778989
3416 2 28419 733474441866aa24819920321cfd911f6dac18c6b50ce90cac66ef48f0e28d4c
3417 2 28344 2edec284d178616c0dfca21664f17d883b508130e65a26e3cc861d2f5383498f
3418 2 28345 2bc660446e3b97d4dd372b2e1a13109ae1965a8e40e3d66378cef3416efb3943
3419 4 28214 86ab33022b7684827540bc1730aaaab1de4a1b1aa149c0b29075c3f11db51f57
3420 3 28261 777ae96a7e24a48ee84820a3798e328748724439464346a1e2929372dde236b0
3421 2 2503 a03fa75e847b129da7f72fdc660252687a7ce9493ce18e9bfe8cb77d9d5b0bd8
3422 4 3455 2e0d1355a95d77a1cbfdf0cb49c509666be788e185e55f5e0bc39a18baee67b6
3423 2 5681 22d5c2a945127b333e11064054abbf3bc4f640294144ff3d17adb288a0e4031e
3424 3 6633 ac1cfed0b2fa40605ad72d2d50754a3fc1d190d0c7b54a6095c603e0f97513bf
3425 2 6680 8650a7f970ba43c3eac2595ca48a8e29fcf3a20d23b66f6aca10ccad057fa74f
3426 4 6553 ed610a6d00f117340d8e9606a12232d4dd2061396ccaefc19ddc980a500c1e89
3427 6 7265 3b11ea481647697c59697b06ddec7dac843587eeb914c18cb3a04517c997d49f
3428 2 6753 7e84a5f193c7f9d14fd8d8e5c366a4aa837076fc601d9b43ff704a8c80b86e34
3429 4 6713 8d83c0439ecad3530da0944a6a28fdf7379ad962f58b57c3292ef99ef45d9a1a
3430 6 7666 36be4f9d679d376288b9be96d83705f5bb9dc010620c49c08d1aa2952a810eb6
3431 5 7678 acc2a6d7ae42402c8e1912200346ab4e1650682e68a1e4e4c4abe7932e5865a1
3432 3 8157 f00666a320239793ccdce99bc27f366faa316f659ed9ba40185e117605e2b480
3433 4 8619 e5187bcc8267deedcb6f87368075e27d6b0ae520ba17b21158a5aa4f26e050a7
3434 4 8607 2c858a690a0be645f12051b12d4e9495266b1fc68051c6bbe05ef0a3c398d529
3435 3 8150 682c44a47a6bceb9b89f85636edf4165a62d080459c3730bd5d60c57132c9a64
3436 2 8266 9611f9843d92fc8b7eba01a7069effdf1736e60cd0596a060db3fbd849b4cbf0
3437 2 8579 5087c4dd3ea4de3de7fa705e753064c606e316a13d1714617b17d04af000fbd6
3438 5 8657 1d1e9ee2077fe543dc1f8e44cf7dc32281a6a708c596827db563b9a510954820
3439 3 8671 0f4f2f7c482eb1c2b4e62091a32ae9bdb4924106368de995d12725c6d84cb741
3440 5 8659 d9ba6d1cc65a250cb90e974f7c9eb4a878e551893bfb919a2810d582c9104cf8
3441 10 9612 571d5e23de0d86db040d7656f5f2bdb475b6348e41c7e9d7c8b7ab76a7accf1b
3442 2 10556 122372c5e79050d94f1b4ca60515bb25cb8853c3828d003add9e0677c995029d
3443 2 11031 fb3e9f77b028e315255bbf6a67ed90548b1d0f332280cc9ef0b899f6230b358f
3444 2 11080 c21f0bb1f62e80e5f0b22eaad508be5f68bfff0aca53c0e8a80293134feb992f
3445 3 11743 c751da6c6e850127ce8751ae67ab1c3aaed8f0fc38e6b5cc5f192b98d0b47599
3446 2 11790 edcd7ac0b2236dc25262ea6681ad3a14b9499192e6252e7ab5d101dcb50ebaf4
3447 2 11791 26f6e1be0338b031445e658ed02931f014939a9ccb1add2280e85db9e11e86a3
3448 2 11564 d8e07ee3818c36cbf1e18e5ff6225acb91a2ca7bc839576c2b712b6ef7a6c7e0
3449 2 11228 a1997cb64f88a87981e37a8cb9b5d984c8a1a7f84db0f978bad05b004b85f462
3450 3 11819 41494a7e815ed05a5bc2f6d2fc1fcb35a7b0b0daf9ac7297c67859ec4219205c
3451 2 11866 25493c0ded00c7236d273b319f80160172d8140235da0d85c8df1114f2defbe8
3452 4 12819 487709be33bf268bd425f1e138b3fac00a49f2777af71f9fdb22425c2bf88fb4
3453 6 13833 f4f50048f1323f0acdba844b28be5f20d9c62ccd9ddf89757e096d8c8193a27c
3454 2 14339 ca0a634e1a4b3eb2947286b55ed2451144c4dcc10dfa2cb770844450fa9156bc
3455 2 14045 580b88b2e39b3b216f4171118a8ed0923b817a3ebe42d4c21a6edd00613223a3
3456 2 14860 26b198665aacddf0884678045b33c1a2473bf1b650d3ff37856e5d694dc471f5
3457 2 15335 981f0d68cebdd2f5e88eb331deef4883f3a7c3ab2ee6dd19d6efd81ab6b3829e
3458 2 15384 825b642e72d87eda8d41ca2c155b258ce61b53598ab0eca27cd41e19885752c2
3459 3 15816 0d422c9ac80eedaecc8f4c0def34279ac3bc31a7047eb3ae3c663b579307429b
3460 3 16768 b8276d58cc9b75b991035889992b229b54d3cd6c0c7caced34209807bfd19045
3461 2 17247 d7b437103431416a9a2eb92dda57e77c74418d76822365fcc0f0a818c2bcd29f
3462 2 17893 2830a464ca1c47e1cb7d57bb64a13ab5eaa7f91dc3654a148abbb86a4a09a9f0
3463 6 18845 e6e2fe61f17cc1a2f9df19a84344bf1850ff6ffd479ca848da50155ad14b3899
3464 4 20896 5c18530d06dc47851f4cf220dfc08f48456f9da8b09864e86843e53e9977d070
3465 2 20908 14d42a4fed3d1b25945871df311a4d54ec22db8ccd8899b71f62fa40bb876013
3466 4 20896 8298ddc93612c476b41f30bd34132bf0906b794f6dfb17f7aff77a2f3632c07a
3467 4 21849 7f442cdb3b58e95ec57aee351967b5db2b2bfd82f81cc2dfbb9ab3fad37e91c4
3468 3 21896 b5ff42a3b097dcb95b151425200b04885bb46f584e3476d6b89a931b0b0c1d15
3469 2 21945 909c8ce8a9f42de8e03570e00729d2dcba81ed3a2f9e09f17f30192a59f75539
3470 6 21945 f24dbca698ef9c1c27490dd256a136dce7c7ebedde3d3192685bc7274251067f
3471 2 22159 0d5cdf50d5979c3d9f4b07de6a469ba22380af9082e005c086f16a9310fe8eb4
3472 4 21959 e7a0bd53187399b0ba0a0e08049ca57df5cf2072550ce19726fd9b38a72e164c
3473 6 22671 207b2148377acf3a6f01d5ac19e51b027c802d4441cb51d5e4ea4ece8218a954
3474 2 21934 d4796125ab53ae26764a4d4f266feb5d43d40299efd2963e818c317c3d18783d
3475 4 22887 9b91ca33ccd7239e4d6a0f1c32f8a03723d8045b38fcffaa1561b681ae3d0c4b
3476 5 22969 72c127c0355a360ff2b53ed80d098fbe0f679bcec4994034e9c916987f4aa0dc
3477 2 22893 fa479bbcd2b4c4522e033fde803e42721afd9c3c883f2107e4416f0d5813f6ab
3478 5 23019 51b7ba8bcc526fe63c86e1454e47c6c14eb17ca95a070496d4624e192b1c5b3f
3479 4 23065 62402da82cd2f656e3316cfb9ebe3ddba84dbe03a8456d72cd08cc474a7e4028
3480 3 23078 b9755197e85bb64de11058a4c0cf6e70bebaa2450cc1b97a477267449f032eef
3481 4 23066 28064867c36dabb20d041f459308aae2c7ed4d2057f027c35625069817b39b55
3482 3 23545 78463c1c3e1fc142937cc3c2b36644d901610ba215b1fa5aff8ca7d61059f077
3483 2 24008 42947431349c07b8a13c368375b456fedf3832816045f58bd55e78169cbf7e67
3484 8 23999 c3e310a656bb357208b544bd7c5d9375a9b54a9515516b6141c1787513afc45b
3485 2 24221 b867a00c10172205a5085854f88cb7186cb469878534eb6bf05e3e0f5f983d3e
3486 3 23768 66d2a246859e270571d307d74b24bc25d5f6b23ccf41848a12be4bc5dfe17833
3487 2 23808 d9b2357a0e0d99a8e0a77d6a345035fcb352ca68e9342f8b1fe9d963fd7a5674
3488 3 23607 caf2317adc011eec7d3c2c70b5ee99f05f0332a4c0254061c22b959376b26497
3489 3 24200 98417634880fbebe39892a436637fcf3dfdbd18823a85459c2c9d7041f1bc9aa
3490 2 24247 5a45516bdb1c7132c3729c27ca349ec5b47115fda1dfdc293faaeb5712454c1c
3491 3 24729 857e62803b0978f606484910ac309e34846934a7a68ef24b67f59810af99a5fb
3492 2 25190 7dc66aa904450a1eb937984ae0697221787f0836090268090ab05da5c575dc89
3493 3 24735 b47273658949f62a20d8226de8ebfd2b5b54f9a5de50d68f188241cdd4da3c7c
3494 2 24843 634998d54d46f3e43e63b58d5c7e16b5f771a77b3e749b67cda54431f6a16783
3495 2 25841 dcf9c2a8ee2b75bd80ec08fd8903e55973d61267869b00319ea51e471b0fbe97
3496 2 26054 e399e5338bc8439fe4300a9833007f6c02bfe87bac33e9220dbbd7112134a025
3497 2 25927 1743f6fff4dae9948dce1b00d31378797a39e22b057fd0c583119a17c8c13153
3498 4 26504 b0902869c0f53fc2285acd28ef67f501fc665c9cec61ed1e5f2489d7cb430ca4
3499 2 27532 0ce4c8380721eb9643ac19ea7a1895f091c9e16cedfce0d84321ef0fc279e54a
3500 2 26856 8b895a028c79f989bcb73529c7bb13c321ee4243dd0785023d7098855bd9575d
3501 3 27809 555ddc79c1a8d0694fa7afdb94558d2de382b8774832865401eb2de47ae6cae2
3502 4 28069 11ec93cdf520a3acda1251612885f9a619cf5a19bea19e0a07a424b2a15d8ae2
3503 3 28116 c2390a63f355864dc9e638c45dd51a45534c65a6f1b41735c397f68bdae57a03
3504 2 27864 aa5492765337d37a58132c5d968353cea3d5e273c584ae5b91ca0802424d8dc1
3505 3 28168 800ebea16238badb3ddacb2fbc37c8037d11a55ffc156e88c21a0caa64b7f190
3506 6 27891 d15ca716c4684529871a836b4dbd7e2936a2ee445025b7986f9b76fba2de6fd7
3507 3 27903 19f388c6978e6cbf40a6571f222c237c1f945c51b171c915d3090930b37e33a9
3508 3 27940 b02509232c44f7dc1071263f46f81cd2dabd7c473ec1653fdaf7ab2656cb36a2
3509 5 28861 44a4bb53c67f3c926688443d123fc67849e98f89976c29cd1843c52147f89930
3510 4 28860 fa4faafc916f897fc754a203d79147ab7fe7a18735ca6430ce4073e48a163b31
3511 5 31222 19ab2434e13f9ae72849b6cf00a5c97f636cbca9480ac4077bb8890b07e674c6
3512 2 32166 145b52388ddd8f42dc7cb492c080b5edd91f5fda47e0ae76c3452ecf79893bf1
3513 2 32379 45cd24ffca756285a9291f3cdd35600322f5fc86783b158d49875855257d723f
3514 2 32178 5cdd41a9dbaa7021e3cc5c2e3f52e4911b6b35fa8ff2f5ea1a750a6e6c07c21b
3515 6 32891 b9d0943668ab53bfc74771c3d14996600b099f2a2bf0dceac1dfdcb36415554f
3516 7 32984 d7417dbd96b7da71c50a0e7d9c8fd99717dd0e8d3e565cf9b9f827f3acb6af53
3517 4 2502 d5baaf09979f91d629f23a5fd2154304ebca2ebfcce88cfc1b7b44564b8dfb71
3518 4 2500 1faf73adaccb91b124f359449b8ab9213b2c3d4d575754d7ee95bd545a49359f
3519 3 2577 16f9250d0bcb1a93a02c90c985491d34a69cd1d52e09cbbbb582b06ad08a5b1b
3520 3 2577 b995dc07281db8f59866625a2fe649f7f51b8be3c39908d6bbc17f1206e438a8
3521 6 3529 e652199ca675871ee808cb15f271a31ef8555d74a101da0d6a5ce40640ffa984
3522 4 4651 f6b1f221f6d4586b4eb8ecf7cb8a44ad1b1aada86a14a783da11d5adc32f681c
3523 4 4651 ed006ae9624013a66b868eed0868ff8d163eaf5a49ff80672cf3993400a29f70
3524 4 5600 883675cf72bb8019fac7d9d731120cc50c28e0bb322fb77bbdec79e12e9d6988
3525 7 6623 fb0d87b8406e6de5bfe7c0ffee1072f1f13a0a5ed7ee0131e9cc53fa3e04976c
3526 8 7576 2abe24cb093e1e7d3a192fc84bb5a063db34dae0b62ff2e74ce20d05b45003cc
3527 7 7623 53010755b054387c076b2f1be6566c3e572e7e79447addb50ee8dc8ac5d7b263
3528 4 8567 1e8318ce18403afd664578bc7ed5d6f87032976b68f7e49b0f61de70d122ed55
3529 3 8616 d628783ac55071f622929deb3b1d2df2bc0eff2f1dab1685a4aa50f56d7a09b8
3530 5 9095 32232f9321587deff50d4057e0dbbe109015a2a88cc49ca04cd7b7501f6065ad
3531 2 9762 3d55f2a89cce04418cf58060d9b766b9195f5ef3bfaeb48eb56cef0e7ecda826
3532 6 9721 b52b6ccfb3d3bd1b1035d261be5453fadfa63e960542af20be07c13c554859f6
3533 8 10674 dbf081777b2819c8b8e11f89069877cc8a02df0a7ac041c828eff97175c961fb
3534 5 11617 7f3ec2b6b6cab4ca510aa40d8cb098c583f9d7479657801f0d2069a98956a5c5
3535 8 11612 a3361f12bd24e36f2a02f661999db427fbb8a394041b33680cba35ec8c7c71de
3536 8 12565 1fe0b1342f692d3e7a4cace27432135cf2cd97bf8ab4efb19e179757369cbb7e
3537 2 13816 99f5949aa03648ba95dc46469245029b6d8e0b8ceba8998ce14b1b93c289e72e
3538 4 13555 e6bfcffdca8099b5642065a01773a0023d3ead380e02d5e732ab66639b1b6632
3539 2 13841 396f17f6f011b4641452a9a9ed54a11da70eef31be9e32f3c4c8dad871fca181
3540 2 13768 49227734642dcc19397179390402d1b4ad20b163299665c95c73c6bd254579ad
3541 9 13782 41dcbff103eedde37f283826ba0efcfd131e7f23d95b787c8912b6ce870c3a7a
3542 2 17140 b9ae6802cf41ffd85db7555e96bd400ad86a8d6e9f7f889f4245723d8d6d6c56
3543 2 17353 210d52ad701680e4c51df412718fdf566cd1947193ef1905275aa9aaa351b89f
3544 2 17680 338a5dfa9839ea1e83fbbb147bf0d62f7c6a8aa577802e0689497f035d3b0a21
3545 2 17606 43a8017df1d36e824b72c9f470f9998b8581da8db8657eef1a2725890eae137f
3546 2 17606 f6305a091ce3ef4954602f36679ee73582f3ebe54bba7b4f22d6a5aee7968c27
3547 2 17116 083f42f6356518243c711cb6a1780e9da5d3066e460b940d5e0ae25c123152f2
3548 7 18069 f294d14eb6792bbf8d706d0168c2fbe0879870222e3c135fa14e6759d6c790e6
3549 4 17414 e8ffd1843c9ccf96b018a5997ba4c78af1d88d096e5bdf881791bf20a6687515
3550 8 17900 588b511600659def014b8490e5073f69cf36b96b5fc32044c680814690712cd7
3551 2 18378 fef9ff70a7cf6bb740466ffe0511c4155de83e85635c8ded7ea6753e033e1d93
3552 2 19149 4b36799020b5f548e89600f36a4021a518bea93f6c8b1c8c6ff25126292aa51e
3553 3 19577 8a99aa55da68d2e2f6cb17aaf217504c65bceba30c4aba258a88875794565fa5
3554 2 20951 f6f49fae15316dbf1ac1d4aececf4ddea6f16505b498a55edd94c87823c1f820
3555 2 20877 4223141906b2588da54abb57489b9862f21f087a44046ecb9ffb63093452de34
3556 2 20803 f63c261796350ec03187554d7a3adb71506cc06945682d8c99a2684bc48be39c
3557 2 20803 eeb5755f109b7de9442caf6f58973221b5b4281e5a31b4a4b49a1c8c6d3698d9
3558 10 20022 149fa65e689934fdeef80bf01797a760696036673121bd4b6937e5ac9f5b3810
3559 9 20069 d90fd486101418bb7709ee8a570f900800b6f40a994616c6281fcdd6746d3129
3560 8 21011 e9c6e2e47e4cc6391c132cadba7ebb3010a1b0841590c15f0802a8177e013837
3561 2 21224 71edda098740ae9fe69c507d24def7db7735c3963a5ac3756a93df519a28100d
3562 4 21025 ad623cfd1e14f12715f4abd6273f0c4325235bfd471f36d78dc238b382568aaf
3563 8 21013 e92d42ee367f8b2a53bd7fbc1126df6ca82dbf577431f5f62c1357a82bc78d73
3564 3 22262 4fd48109ad1bd4df035f34407491d06cf92f35cf9d961cdcadaf4ddda1c6e955
3565 8 22745 9a46dc12c1a9a89923760819f64170782ff4a281355ff7bc4b7edef197ccb0cc
3566 7 23790 ca31fc6a96987faff2901da40c99af9f54bd52e4a0917ae3f44ac975163116b7
3567 2 24224 b8b5c85154aefe26713dba6946ef6f3f0fa2203685aba10347e94a608cb7d9ea
3568 2 24223 c924b451c9feddebe4365b3bb42054ddd9a3ab041dc5066bd0fef8cb104aee05
3569 2 24149 95cf37432490346eb9e8dc9b9254ada33d981d6f5929037feb990ab49b3d7811
3570 2 24150 b1a1966a8fb79267f58d32b48d470acf897e0e0eff4a9b12eaf85662928b6f8e
3571 5 24020 0aaf80e99f70b05e3269b8aaad957374e9e5c7e98bdefeea630da0dfdf8500d0
3572 2 24919 f18ddec08125be2a398da0a90bc230648883bbde160709c3d0424b93e9e6f920
3573 2 24846 5e9a61fc51356004971484d78a8288e43f79d85cf6249157df046beb7a9e7137
3574 2 24684 2348e168f518e7fce894a1bae1afb01fa9a3bd89e2f8841f1becd30c5a4e9113
3575 2 24684 39c301b707809e56cb475aa45f7d92ba447c8a78d7565c12b9f072503ad91206
3576 5 24260 9127056c6b53d4320213561802139d9e1de857a749eb60af75934cc85c77a00a
3577 6 25048 745ea9a46585d6149d2ea4772ff5656e894e69c84b5794b539102dd2e606a1c3
3578 5 25096 4c01aa08779c720bb03cc55857eedd111378efb64e6c7ddc4a1ae7befc2edde1
3579 9 24961 36e1ae7074e0a953a38d3a86f976107c89d5963d483c5a66bcf594297c1863af
3580 3 25312 c025aaac1c07fe6ed6b813133de3ef319120db5d51be15e3a208931991c49ee9
3581 5 28611 2f178141837dadf82ca3e789ff8480895ccd61afa2038c0907afbc6ea6a1bffe
3582 4 28660 b1a935e8e3fb026637954d1b5ebe5513b9b5b52799e67a38bfc0434f0c1f2dea
3583 2 29103 6d5f152950390cf4c4a8bc0f14f0f4ee1544b047e6bb8085b4272547c74c66ad
3584 3 29299 ddb8f005af7a9a9339a893787171ac1aefb76d1c09c9da1dfcbc41242dce9c9d
3585 8 29783 0bf5013de5b35eca2c582ed1cf75e53350b2db55b73c1d45494024a7237c0f54
3586 2 31257 bb5dafe0e1e83f71592c72ab929a25397f2a6e7415d2b193506006a7e119d03a
3587 2 31182 db2d249b5240aaa3d11068c9b8cad22608aad8272945a3528b567ec5a690220a
3588 2 31108 b06221bdf1021b33ea588f2bc8efc0d5b58e5bacb3e7a222b244563cf3eda6a5
3589 8 30096 265c2bf15651920c6339e4fd3da93a016eb539b043ac697f0e9aa78355830646
3590 4 33818 f2a370ae35f0c192190c64e21f0501c3f3165302fef239720d6599661c0c5239
3591 2 36221 5834aaaf6aae751d468ffaff009afeb3a4122cc76f698b815fdf9b1e97005687
3592 2 36220 1b5da7a2f9745fd7aa5ff40207dbc44b633fe59773d8567aa0b531d48a1bb5b6
3593 2 36146 9df75ae1521787e01019ecb064a6b6b1a0f8b3f5f71f890f5be7fbac39f44f0b
3594 2 36072 f257d844d38bac9937b2df8f93664112ee762512a3822d44a94989bf90696cb6
3595 2 36968 85884e5632f318c6dca1c1213de203ad98cee60f7a236c9f024138a8cdaf5631
3596 2 36967 4b9586fadf4d581c47c25ff7aa9dc56f76900b001f020a4fc44acaea5898dff3
3597 2 36893 4195f8bc8443ffc015839f539b1dd28a471ec0e858b4cc64033f1963800a11f7
3598 2 36742 ba960577944f5eff55fb1fb976420103d907bd3c57b02c2856f2f2584838d5ca
3599 2 36742 46e40dc65598926e5c12538fa2884aa71a03c85f5858fa33c9c57a4464ba18ed
3600 7 32961 234b5e2eabeefe97eed57ec5072a7ade9d7dfa556c888c321a1e391c22424fa4
3601 6 33008 5cc238563e6027b9cef40851d570c72b329fbdf5f4d5c00755222b421caff83e
3602 2 33221 db27bf7f8543d142aad61dbab2ce26a35573bb1533b19f712e2c4f903ea25dfe
3603 4 33021 7ce7369cb5c52299c8586088462974d4d8a2330154a4fe4721eb84a51d6b45a8
3604 7 33500 fc0f3d5e11878ec733e09e7da3a97933dd68537bdbcf2e19c3edf6bfcb0e7547
3605 2 33953 39a93ddebe8c63a5b66da407ce8a51df585858df135d51b355e834c8b880c78f
3606 7 33903 6b9433b2afeb3e65d71a3ce1035f7c64b0c2dbdc4b6a0a577ef343968b107aff
3607 6 33952 87a496d329b2724f986c4abd8c1a89af88c26270dc4e16b9736b489ffd630eb4
3608 2 34313 85dca416fb379c19e9d1a427718cc9374f00f219c51355acfd992e7dfa14f35b
3609 2 34239 2ec51c3a3302c8b917e27103e25bc364fd4810247d9772e0bca99b8bc9a869ec
3610 2 34165 aa4a72108203f325877be81d7c2852d5fda3014da7289c665e8503f20337393d
3611 4 33964 17ed2c55f1e2062bf4f0869f3a7a18e2bcc3c7f2b9e8f0ed289ec1467ee2606a
3612 4 34001 22932f5a7fb0b7f555b6d9fff9de01189093d4e85c4eeffd1d6b38764de4f03b
3613 4 2501 ef2714d5a94695890b94296b5fa0fdc64ff011421ae39b93782475990ad26e06
3614 4 2499 d96796356952b3cd1d098b83dd621a77c94c4162ace52926778f2f995176aa47
3615 5 3451 567f047dbc1b59d8300aabc566f6cd9aa2bcaee19b0ff1c03fe1a1b3bf9c688f
3616 7 4502 b256589f10d6fc017dea0f7ab49ac3e56552ceb3dee40bc61385a74b71f3db55
3617 6 4501 caca4214ffe26bb1e23c71fc421a368cc0ae488823979d2f99bae77cd8a59efc
3618 2 6702 60f311a48ca77e3de4b2113bf9948d6b34415deb36c6f555c6e2219b1c0878f2
3619 2 6702 8a4345aef7b17b484195f6ab12f46a180bd422ee6b458f8684f94deb453d0fb3
3620 8 7369 82596e2799cc4b744c7a98b0ec6746aec9af4b32a48417b63a8608045b0e3d49
3621 6 7548 64cc7f309888c59e9e4d45e06758cfc6a83b0f97e4ba9ab4e7e66d28d468fe8a
3622 6 8501 a3b8d3044bb02eda6cd77fab6a63a175c40cfe542d645816e9de059e03352e7e
3623 4 8513 5539be698fb217b134e33afd546f9c3e06a1a9e455caf94185f474c3b5c8469b
3624 2 8992 b64a0309732184e706bf9f634c39a137b05082c206bdc7e5c5ff560290def983
3625 3 9455 bf29843509e0a3e0050dc15baaad714ab4c2a9deaa8d79b5ca69986105a67301
3626 4 9443 349ea74753a80f925d916530ed83ee6cc02cb6830d54a03d9e439df6a19f2fdf
3627 2 8985 39b0ea52649858da6427e7ef2981eaa59312a7718be999102b5c934b7fc21661
3628 2 9029 4a8b664beae82ce5eeda7f23ecd559cd29bf7f60cbfc526f840ef0261d3ef241
3629 3 9781 ef8cf41c618dd276891720f9d54cedd9f449f8e6c9131f1210327af519976a47
3630 6 10733 6a47dd4390dccd8ecc05e91edac0bdc77c689e83a49ef3bafd6c8e1b6bd92f82
3631 2 11212 bb14067de98e46c42d1d4b064b65e296a9e51f202837d3391d974c1180fe9c2b
3632 2 11175 778281736de375b2db18d8e6a0df66352865a3cc168845e6ca82e5508d7cdc43
3633 4 11578 19ffa04f989a23061f7ca66188fd2996f40bc878bf6710a83644e87784a2ae1c
3634 2 11590 4c1281f65ea803d69b730f9ccd3b225244632483ecfa96f9ba4ae0049c04369d
3635 2 11626 4462262609b20ed37978f7ab167b84405bd012dbd3d4f24ec8c61dc500e9ba22
3636 7 11757 01c894b35654b6b4edebbe25c7252b910cf6a9bfc6d594d2235477cae4bd5ed3
3637 2 12700 3b0c90e315e5937ec47ca1a60f66369823595bb5dcec87fde195ef38a7e4a686
3638 2 12700 59691fc04cdfa3645f31334144bea67df369f97c02b92baed0f6e727736b6253
3639 5 13650 89a61ae4aa4d532ac7803d4daad24876baf65f3a45dbe12f7bd99c1324c12ec2
3640 4 13725 1407cd7d0f831ec40812392fe02e402037c75153e7176fda94bd1d1a36050c31
3641 6 14678 b95e32337465c1c94b15806402aa56466aa49b0db3ac527f918665a19d4a55d3
3642 3 14696 84c1552ebb40e5aa4ca33b4f3cfab1b4f6bc3692399e8af3b6c0b0aa26144157
3643 2 15175 6540f154405e341b50e518717211aae22276b55a906feb71a35d519555f790ec
3644 3 15021 bd893cd79967ab061d2b81c339cd81ebbf063f8026fa1f8d46c4f916f9254d1a
3645 6 15706 847e8bdc2a2d21361a7899e47f16aeb80edaca145f06fb195c8fadc1c55db40c
3646 2 16955 518fe438e898ba906b6dc217b0199e5858d7f06db6b11bb52ca09776d8ccadfd
3647 2 17723 6de658ca49ddda2d6c31e111ce7148f530895a70fd53d06c1505fb3ed33b4082
3648 8 17780 d8e60028c6774ddc78394dd0ac62d8375e04f10978815bf82b69e630791d483f
3649 4 18722 66f9b6c5470bd6894386e41c522b1ffb68424ce441160703caf5174baee1d443
3650 4 19201 072bd3dd7b5142ebcdbe12e700c243ffb2856fabead401b9dcc0c5e2a702ad88
3651 2 19869 d1a9d585bd1b21d472f8c0d1f5eed7d4905fb8ef4a0aa0ad16e4bf3fa4f04d57
3652 6 19817 78efd34b851d9dc55588827b8c500993199b0036bdc7b974ef2bec81843e4906
3653 5 20461 b3f83a633ab3263d7c974a0105de3e0e2d5dd1d80b41fe0fb71f4df545667610
3654 2 20468 eb7c0ce98e3c09ad69f84c404f43487352c26d6fd80eaa4727802368959e21c4
3655 3 19778 8ab125a5e00feff2e30c3b18850183857030be495b2aa26dc72effdcc409cedc
3656 7 19736 6b665eb6a469d83857f4c5930a62f8955a35727e09a04351aeec88556ff9c5dd
3657 4 20679 53784064745628a46aad95b9b1d306a2ac8febca2cd05245e23a6d421a2d8c34
3658 2 20892 9bd696378e8202e953fbc431c244b0151192c261e9e90828af974b24902d6291
3659 5 20918 08607ea5d3696fcfc4f6f98d565cd408cbd0d49784481984491ff76b731c3bec
3660 4 20965 bef5165634c28d02330b2fb9f7990025989da11482a1881b89c526b57a5ae89a
3661 5 21911 acc59dd87d80c311847bf07cc9916856a42db14c4668d9270474197e92848cd8
3662 7 22821 b688d64d6a664db65f490d265e72f1f7bf33a2ac281609ae32742f074809db64
3663 6 22868 45a708bbc28aad7b5fc3763300e5c1b25ae2fb8d65e15b16623d10068e90b5ee
3664 2 23346 d8112a0b57ea1f4385d52c521b5f3bcab2fc0e7d50868f20f93801ec20eb4f90
3665 4 23812 da9621fc24c13431f0f94af41ef21ae5efa9589a0aa74dc0e91ebd9c08bfc4d1
3666 5 24765 5ca670a04e72ee5ee191e6694ae6c0a87813ae6c7ad79048d3455240537b9285
3667 4 24814 5770b2f3b801106147412ce506f21fc701376557114f8adf00845ac1c3ba4f21
3668 2 25758 57e334ab532e995cc3dce1d006c112ec17a0f8fcf4480030c3f3233cc8245f19
3669 2 28016 547aae6b91324a7f44e68dae2a83edc23ac90d0c1b380ffaf42c82587c8ae763
3670 2 27943 3f6f5f3b629826efa603282beaa45c5a2c048510652bb6a8e03de61e91b63dd0
3671 5 28223 76b38c2373527b2ce617a4c4af46257d2db7a843d7f6919fbb86f1ae399d402d
3672 4 28270 e008b2ae7a5887ced565451f6bd7435fbbf719fe55c84d146e5ca22411eb6410
3673 6 29282 fe41c5ec2bfd1cab8abb97141ab033e35faf8b7a179cd1dfa6ae42a66e049f45
3674 2 29790 45b5169c147285c0e5aa8f782a3f710c8eefa30e9411a79cad199571291e4b31
3675 2 30310 6922aa3984f44d4aa754cad087fad157d052e9bd6b95d53fbb576233043f4175
3676 2 30524 490fef4ab04fe875a82dade643798d3af5fa74e2c24f5552a03783bc42835ce7
3677 2 30397 93ba13aae0346abab2e0cfa9cb0ec9e25658b22b26534fd570884aba3dcaaea8
3678 8 30872 7e6a66e325ad8ef88b01a7e451b9e6b195e8aa41d04ae9c2b4c93132cb6329e0
3679 2 30996 f5011e524e3df2bca592b53a1964799f25c94100d5156c37de688c8c8c15061e
3680 6 30789 c197052dc16cedb6233a58f93c7a95bf6b653eef8233a6276a380814e4423f9c
3681 3 32039 6416f2c55b11ed3e455dc68b6beee122832ed725f1a79689e46260df2ac56b40
3682 3 32760 d1e26f9bc924e9919bd4bbb6b38242261f2ccc45f82757d251a39b7f1a8978ee
3683 2 32807 1230ad2026f1b12d941f9a2b3aef6909b0520da670891fe2059fe4c43013a97d
3684 2 33241 e5e12363f19e77b34da5b0e0f1b4fc617c453f728dee7977b2fcbf257995f23f
3685 2 33167 cbd29626ea2314b65afea439d97d79caad1059b3c3f0b38ff4b89b99881f0705
3686 2 33093 2f2e059b2e562c2142c17b809e86a8882ae09e043daab14a476deea0e1f51d39
3687 2 33093 d7668b1f5a00ee85d45f6096ed309809534ff4bdcc310d9efa58ce9f9c82ad75
3688 2 32966 6ba06dc91dbbd3bb0132cb2798c61f867f52065ccf6a0258c025bfc605337272
3689 2 32964 329165441012f73bfe71b649698e33a8f95eae1d5133f936b1b8533c51d2bbae
3690 2 33537 499bd32126521185e569a5ed69ec6163e3c4e3a0bc9dc767eeb725437e30dd55
3691 7 32845 6abee5a37f7a957f7e4ac702c4626516a1816b71cca30646ba07cdcc00e5ee85
3692 6 32893 0b08adfdae55c24538e1a2bc3785a1386809d88e2dff6988c4f730b6bbdc0323
3693 3 33836 439651db450dd7ba892794a3241ca838f9877f520706a001ec908f2253cf2464
3694 2 34420 3d68e63587819a6ce95eb14f28ab25a74767becdc6f3d86426a84e9daf73584e
3695 2 34419 de354cb7c928331679e285ea3c05594e8d96880aff3b2cc2816185c95dc206cf
3696 2 34419 6a833d9e0d8d870a012d3d482eadb13b5ac4a593fbd4b9229a7afbfed5767073
3697 2 34419 604f0d03fae9d907dfd4c1d306f3708d04dca6d2170268d042e8fcd6d250ff23
3698 2 34344 f322199925941f3bf0ba7be8c17cf60bc1d479e82899cb86c5790c997b97d201
3699 2 34345 693d9fae2926590a3c9989c5f311af4ff2f2c4b5dae1d60890f2efd85dd2692b
3700 3 34215 6a470f39bb470b4a85378605f5fed10ad6eb07a4d7a0d9ffaaa0e8b201855d5c
3701 2 34261 1e71fda5fb3af26857fe7877ae04bdb798e0f4de418aec98da6d5baae11a6cd5
3702 2 34644 52a68f1f131b6e4576c3a7d7f02250e486d1e1bce58e48cc2db7afc20ba09c3d
3703 8 35097 1a35661f80c4259528eec8d6423fdec22a131d6d4cd9c1dcae5154a7e62d3211
3704 2 35667 78f48f61fb052ec0188c7c48469c778ed5f1ef8daba763cee0cdf10fb38d29f5
3705 9 34977 949c379fbf87c93d90c5edcaa701cfd72a7d8f81a613cb9f2491c1d13ad4466b
3706 7 34899 b3149f9496e9c4b6edd9af1f58f06d2f86752498fbe7223735986d4d304423fe
3707 5 34887 2e65bbd5a57e23a93db6d4d3bfa8dc23b15f2f94eb325f6ac1cca1d258ab027d
3708 2 35471 d763ccc062e61c7ecca37b520b32dcba59f5165f5013a5663ebd1b70e20d9f4c
3709 2 2579 14e0d3a8d3920ab19515211c163fea1bebb717539706c2f273fc3e733e044156
3710 2 2579 56a26c1c448a2662ba792313dd39efc0c83b86827a1a54abb8901dbb42ea7dd1
3711 6 3531 66845513ce7861ccff29a62a08c4b75845d0d943cb8f7646aaebd7a51a8a71a3
3712 4 3537 1663b9fa10d673a76a7ae5f7481cf3da841458d15a46fb6da8dfb0f6514db2a3
3713 4 3548 dcbc57b5ad0503f177bbec290b850a04484aabeda298f6ef2c799f45c0885a36
3714 8 4335 50986ad19e45ff6b0902851b5dfd93444a76c23ba91c185c8c1b66f4df93dc15
3715 7 4633 e31af214c923cd74639314399faacfe7cc4f2d69bad38e7b5fe70c95115d549e
3716 2 5578 e5231cccf83da80aad708d8d7d576eeb9c71f480dcdd89640e7554e7a8b0f9f9
3717 2 5791 b3eba606fade8a0ae01cf37588df7beab30ece82e22d7b04545613d6436130a3
3718 2 5590 5be0fe33ff44c1dd7371c0863f277eb02999798b3d52aaab2531daac9a54801d
3719 2 5578 0f0b32b550f6e503ec4f30ea83b61d526f0bd32fa780c7aacfd83c8edfb4ebd7
3720 2 5584 b89f047e1b8471cfe455959b594f503774800fa9e0b554f3e7ffbc3a5ce7fd22
3721 2 5595 5299e6c91bf586b86762f73ffd804537c9b899907d5a35793cfa14f3c012376a
3722 7 6374 e29bf35d0ab5280c683d59f6762bb4134be54b55e9206528be7d9456f93627ef
3723 2 6604 b4f3a2860fea1c1fdb39a8500e9429d3ca64b78f9e1bf5557357bebc4e66101e
3724 2 6146 3bebba9ee6a495b516ee0e15d0e38eabcd61239fa0006cb57c1d201fa312b296
3725 8 7336 e3f39406f392b8254972d4267cfbed6928fbf6ddc756777487afbc4cf672c4f4
3726 2 7682 d4c881ee5a58c0f773e115f46c061e04c40771150686f90cc3a21b903722e9d5
3727 5 8634 c066023ff1a51bd3aa3bd75c8afce0cbc9ac4ac50c674203c7097754bc6eaace
3728 2 9113 c1f05d42bd19f1818d9578a8088ba4bfe3af35f4cd4fcd227f58c0000628eb4d
3729 2 9758 ddc3ad26e90555a5fb5d4a33ba46e261c37d4d5e00d3ce11da2bc775466cd87d
3730 9 10710 a347f8701ad8c5da91ea65dea1b5771596f5df9684c35c56db47ebe5828992a6
3731 2 11863 cac95a9a9361474158035fa0bc7519610b36f948f23f5c13abe5912c47961ea9
3732 5 11723 a8211ac558dfdddacb0f18959aa21739f4cfbddda165eafd7f5181d4b9db44b6
3733 4 11770 28472d2f546318644d61ef7d65c62c25112f6a6f9573b6ee8109cd7b074e983c
3734 9 11737 2e4167f0a691efa8835967bd0a4c21df28f010ae305f77dc59a4242f2882f029
3735 8 11785 b68bad380282a0a6539f60f8728cbb7c92dd33a4c82ae663cf4eb296effa2e74
3736 3 12264 b798c4e7d33f45bbc2650c2f757043b4d7f0c9dd77191329c761038801f4e6c0
3737 2 12728 776c51e743a7988edb276bbac7fc58c4c0660a9bb40f3ff2a70500a3f1d8608e
3738 7 13681 fd9eb817f049a7e9ccb22307727aad4df2425c79ad0e90ef038ac2be7fbf4c73
3739 2 15864 bfc8fd21c523703ccdabd4de4502ab187197943fbc8ce9c2ffbcca0fb3497c81
3740 6 15942 f51b8e3bd6a3950684ba8ff4601dd8cbacce9ecbebc679c085d503fafe1ad7c0
3741 9 16895 69af4413918a9eedd6b452362f546a0827690ac8a0c8cf69542f44f686ffe42b
3742 4 17374 a685400cff3c9407dac1de6f26a62b4bde63dc25dd7243348bbc9153b8164e30
3743 6 17837 6b0673a59b1d7248a48eba7b0660da07c0be0b9a4b1deac1b3a40d9e97d4abfe
3744 4 17379 341cb756938db7828f948e607844f8028a8e06d0f007c630a43ce50c97af4628
3745 2 17423 b53d8e9aa7e9fd39a957f7d89a5e91536525184ca7e6d5f35c9e3ec4aab6d57b
3746 9 17751 69fba4170c156824c43b68ad2534797a3fd89cf85cdb9f7153ed5a8580e668ea
3747 4 18230 df1686fe045ef078bfe5c72e913137eb62c72b5d73dae49fed03ab28b467633f
3748 6 18681 04dac66a8fc82a54788120592b0581cd451f5e15ede9f2a2aaf272f7fb854c78
3749 3 19160 4bc36e677d027883ebac5b1ba5b0998febe9aa60368c7e3f058476399b2a7405
3750 2 19257 e8a4a305779bfc3e4ccc360c872eda1c10bcceae49bf47b81d60a6ba349ff75c
3751 5 21174 2185d420494ca2f2bdc0cde795c158e8e0ec80d94ad1eb14272b0a7d68cd9843
3752 2 23144 9f9667053874c2a90720424e6b59b346898a5165191b8fa61430ece1deca972f
3753 5 24097 9828923e4a45a1e263bfbc129a9adebe6e4e5499ff9da1e662c5069d601372f2
3754 3 24572 0fdeb5140910a15bb5def8c745577965d479ec221b61c879be10a78b700ba158
3755 2 24621 8fc1a241f882b95a75341d5fe9b2454389e58aa9956981f6ad089fd1f6eeb335
3756 9 25014 c64b1f2ee746a455ba333e96d5315973c3136a2ee208fa411ec6c54b5bd9d055
3757 2 25492 9df15a3f46617ce2b06bf2f2717b36b56612a8a01ada06e38d9c1d81ca126cb3
3758 6 25957 0eefc4effc3965cbb08c4c39dc235e4d27a0c41043b91c26c99936de94be2e5c
3759 7 26779 a5af91ac3318d35dc3942d97adcd89ba6dcb837d1c39c898cef18cb3e0a4fe61
3760 6 26826 f53e93df9e1ea89073167bb13d41414954ae229174dab5983cb2e02873f264b2
3761 3 27769 10f0edc4a189975038db24bb1191161f51e5e41497371c682f5265fc2d5a363e
3762 2 28212 e49aa4c55d64dd0fb2a6edccad26d1bb46f4bcb2c8a6b2ed00caafc164829e36
3763 2 27971 e455abcfe4fc71ce52b76aabab230533971a122474d00e4fa06f2d6a0b12fc97
3764 6 27794 a73560f4729153e0c7cdec9f7e2c77a6f3ea2c80bb47405ae0b542ebf13ad592
3765 5 27841 21aa7ed024a53cad99b8613bd8dc983f45babd24f778f2b1e5779b79cffdcc93
3766 5 28788 dd6797e2d0164610dc37deb7fecde1a6e5c0a57970b4bdfb8c04b81278e9d45c
3767 3 30047 ded133cff6ddc7f8ee4baa3ea4d314a981d9d14285bd1bdf1f837d9f8430e9ee
3768 2 30096 ebd5c2088e7d4b706e6952606845d1aa3e1372d197ba02843c5b3cdbfcff4146
3769 2 31011 5bf1f0bf777d38208aa17b5634aecf428eaddd5dc46c66e1af2e218303403c88
3770 2 32243 bafa558fd36665d43109f03b3c8bc7438f616b74ef06a6e6a3679bcc44fc837e
3771 2 32170 3a1199a20be57508086eb5b618fce0dd12fd2d843858fbbcaa25003700c70a3e
3772 2 32256 dc9fde526303d6119dd2c3eff99bee4d748b06537891098415b341d38f030897
3773 5 33209 9a92e8ce4062dc17c38c860e2aec08a1ce7e829450da6aa05600c558a0986185
3774 6 33922 d840de9cbbc3f774f52b67dcb4f3867748506dc93c56b82f7e4a14f7301427e8
3775 6 32765 d734dcd4bbb1a181d45f4b1fe4494dd0e639b95458f490a268b3cbcc39564dc0
3776 5 32812 6548b404dfcdc2bf4013b42c8a7a0f9cfbd260769320089370b61f38734f1244
3777 4 32861 bddcc83576fe1665cc31792f2b83fad284c264ae73ef8a5dea16579b61a5c43a
3778 3 32910 753fbd9a93caf21dbd923cd1521d3248464d1a3f65e9abfb36646a12560b4e57
3779 3 35090 6dda9fe7fc5c1e29d9be92c5b73bdef57eb658d7194b8276d9861ef617e462a1
3780 2 35450 d7b62f6a1446c42985b6dd8e076b056777dc3469db3a369d3fe3c70e7697a186
3781 2 35449 9bd76ab7de2ae041f169329dc99dec017fea63a317d49e4749bf76bbca8af015
3782 2 35450 631acf38f0211c48378578feed42a26f18b0083e8b4eba879de534e18762da9b
3783 3 35090 2e8d9256b91b783fd093ae669ebcfcdbc7e55008c3527242d542d725ee191e8d
3784 5 35321 880ca5470f4ca4881fd6e9ca13637b01d15297e1b280c4f9dd23f2420c75dc81
3785 4 35368 04c4a6da193770146883bb4d77cfafe80c969678607000257fe7ff052ad4dee3
3786 6 34872 0e3841715de76b337417a1e048d3bf38a7fc91d934c3489f5e1931a516396b18
3787 5 34920 e6760ed5c0715176be50a969579a0a99188310305c94f077a974c1e96b4048a8
3788 4 34969 49071633e6e125a5853a16e5797aa3ed1a8f2f4ce1ce5731bc39f7189fe3e7dc
3789 3 35919 bca6dafac5c9bdc167969a628d02519e796bee030fd825640d2d6c7f65d62b7c
3790 2 35968 b853b3bb84f6c6805360d5589b6ca49196482437bd4c97d6a9ff1826cfdf8dc1
3791 2 36402 dbf28de1f2d3d38e2f4d84b7dcd6927d583b735f74b738d9898999b21664b55c
3792 2 36328 f8dfad4933b37ae84e522aa8df63e74b346692214a417a0c54efcc075f6f64af
3793 2 36254 b60300f2d17279caba89371e33e05f40f4d2b9ecd0a0fc0d3f636524dfc0aa03
3794 2 36181 692eebfb9e1ed91615c53b7ad1452bf480b3b1d1ef789e32ab5e7131ea69c64e
3795 2 35981 88a301ce9a53a57fb2b445fb031efc9dc6f145cc6b3653d601c1d333aee5274e
3796 5 36439 3a82e9323889a88ef4911df93936ed94bc5ec31e6dc960f026b0eb63f3384691
3797 3 36451 030b393d89ab72aec6b45fce49709dd39979fe29d80e1279885d8f49d6a50a6d
3798 5 36439 6cba53932b9b659e8ff4fc8fc75a03e8b0be58a1ebf6ec84e812fdcba795babf
3799 6 36918 4886914cba880e82823e64ae5d201a07baea792338d03924c45fdfe4144500e6
3800 2 37382 482bb450d1a963969c2899305905b3f85ef2f006e71174ff2c8ae240bed9dc47
3801 7 36934 3a14006cf0bd9be1ed2afe84e63cc0963e7797de2fd0ef101fbacf4ddfbec668
3802 6 37413 e534f5b8851cbdd24f1f261f37e7940ea752bbcd7a93bfd6ec0789c8973d4794
3803 2 37813 0c91330ae37a7117d0b2cbd5bc8696d584ad6dc78227f916766a03b19e0d82ca
3804 6 37360 f64bd25d1ea1f3a648650e50ad8b20139b20499e21c4da6e912946bd7f50eaf9
3805 3 2503 a2566474d21f66a0dca0c58a13ff9c9ee1c81fc26a5c54d10dc41c9315d99c94
3806 4 3455 aed3380d74e2035221feb3ef128bafb96eb54b729b2ef5d4ba68a9c71a8d4e20
3807 3 3465 d929b5691b0b2de7cededdec238cbd7a58a5677f9585a6a7b8cefd75a3fab362
3808 2 3944 128796f5217084eb025ebebfde0acb872dbda174afd79806aeb2b208ff8dd6d8
3809 4 4644 7684cf58d79cf17b3407429a2e80590d4056f8e04373a969c99b0c517213e746
3810 5 5596 c42d1c02ed6ceaaf8f91c71c4c50b6b2f306b3ef2ebfa6d28ef7828ec3d3f804
3811 5 5608 b5cbb653ad7f794a33d3f116d6fa6ce8d85f2b05fa0af7d919969b80b758cbc6
3812 2 6087 fb8e639779d545e6ce5bb1c095c9abe53fbc66b8791ec9702a4b20d17f24ba52
3813 5 6545 5ebcb71423731a62292d9efeabb2a3f9c1341ce3b0de0833ff98bc8f4c6e2d17
3814 4 7489 4ecb48a5f444d8b03688014f2cf1f60c647c676cc1b57c8dc9cd8b1dc191c612
3815 2 7702 a1b911b8b2a2a5ab2ca57fe0662d547ddfd9286c47be0394026d85c67dd321af
3816 2 7501 6eafcba7f2c2d38db096de26e401f0502d562c02129af347403b8fd3f7d4e6cb
3817 5 8146 a880a67eabe21e9ea28c5a091d83a58da2bc9070e1abe7682bad53060e7fba0c
3818 3 8504 dc74acdf6bcf8f31248aa4d78ba7f1dc4562ae3fa832417cabb9cbed81d1a481
3819 2 9457 4a3355d23039dabe812ba7e68e2fe69437f02f785622872168702f988499223a
3820 7 9717 f7944caff78765f0c5cb02340ee7601c5a26284499f49a48e64c194f1b5dcefa
3821 6 10670 b7a3a3cba68a14887ceccc816c42bbed582b1f8668e77ee0edfee44fa11a13c3
3822 5 10717 6d5447f1d39280a52345aa6ef40dc333197dd638f320250f1e81e4a9afda762b
3823 2 11196 a72faebd8c2100d83722a09e7c26a24ffd164b1dfe4502293352b624c812a63c
3824 2 10898 1795284d8a698e361187007e9ddf1a9c71e4880f51cbea3215f4bc795da9e816
3825 4 11028 97e770ee53fc3175de9f64efbf4c46f44a8534fc3f591715c56ca2d72a3ce262
3826 3 11074 f3bb98a4a933bcf86b45be6dc93d8f89d1e7168b33e16919d5322f0b755fdd34
3827 4 11758 e67ba23c9bf015dd6a23393735e9a511bf7ecbef3c9d561383a94e12b198ed15
3828 2 11772 ae3507c116955be58f913d2de8dd74af4e80e8e0bee4cdbeb984a8f12a82f407
3829 2 11760 306da351d78731638a93bfa49bd6baf093254d0b4ddfdeb42c2e6aabe627cf6a
3830 5 11611 eb5b2f284e0d9d3c27f0aefb96ed91ee82f42e371d660c3a5296384376754578
3831 6 12564 a98159cde05e1f8b8748115599b07c8a5fd4fab2f34f31dd42d2e15c9c77670d
3832 5 12611 45ad03217f2d60c8b87ce5262101dcb2d53ed239215def496593e0e5e6c76c6b
3833 4 12660 b7cad8894e9ccbe3928d054fb5de93b7a304ee678713b6816977e8cfa49d91bc
3834 2 13066 f2addc910b2ab35c126cd5026b0d73e216dced45eb973dece577ee3c3e818aae
3835 2 12613 fb8f83ca28eb4627d5c54b7877a710f130b81a56bdb5ba00f02b906f43645086
3836 2 12657 ff93cc17114815bd25340f76202ef3f5eaf8b6217f69c860ecf571e274155e8f
3837 5 13749 3e0dc0057518a1e030c911ff681447c6fe08763d2e9854344abab0a70ee82afe
3838 3 14228 45a4699e41c9535c6cf06920cb2e842793b27f953436e7f0e4c774dbd4d1d4ca
3839 2 14691 0c61e95894e73e8e5ac370bc34ce2cfd8d36aabfde9e1499256e2c66d81e3ffd
3840 3 15644 baa9486e008552bb2b221f332760fcd4fd3178da287318e6ecaaec11f8efd7af
3841 3 15656 7bfa46a1729facc00f22b412e5d364f98ad45a0e6e3d6b48be97a07e85635191
3842 3 16135 70a4275ea149e3232be5c4b7e1241d18458bee583e372f8e66507e4af80cdb7c
3843 2 16598 53831427c2e940330c27fd0e1d9268648363836cf78fa538b0198508ad8b62a7
3844 2 16586 6bd7c864759ebc3550b3064096186346a9ae0a72ac3e2c17ed9f5ef0a12c7e5a
3845 3 16128 7be88eb3159dedb4c8cb357be285049e0d7e64057d404ca7977d3bd7b744866b
3846 2 16172 ceb616729929e415c7fa5cd22709a36780e63adf36d467803561f1886516b24f
3847 6 16664 c70da39d8fd7c3977b1d18942e98a68f6b2e15a3b459fc41d6b48588598cd4d6
3848 5 16711 2b97798ba1c95d7db7336434a0b2f51b6d9c29b67eca292b73bd22845d431754
3849 4 16760 2e32239bf8c23997c2b4a0a39ad0f31b60317df8b974c0dcdd93387a55e3946d
3850 4 17713 7fd429e6b316770171440a55305bcc9a50b6d15a34cb9432b9725e052b5eb1fd
3851 3 18192 54c9e6b0a07f42cbcc6d3e4e90d7a88916bdf9a36c447419f5c7aa7804fddf8d
3852 3 17974 11b2f0ed80da5e2cc2cb1a3cfe8b9f12381eb4681ab1ab84ddcf7fffbc542059
3853 4 18656 5f0e7681d7a44b1357f67e961fe6b3b3cf6855f55ca4dd9bc5a40613124ec253
3854 3 18705 ebaebb5aef113b5aa52b6b8d303db5a88e630dd98eb7bd1ad0f50607e1536b32
3855 2 18754 77853ffcb622ef4ecc406c7742ac015884ea3eaa615f781bf613be4b5e32ecd8
3856 2 18966 75103b35167342fc09047b394ed4bd211beef85f5fde9f43a5a1387d1e94f93d
3857 2 18767 45e66c91e81e85765656ff1848c3c774977704211373d8157b985fe8010930b4
3858 3 18309 80cbe9fadf00f684a19acf9ff402e93978cc083dd74d2e5a2274d16f75d212e8
3859 4 18349 c12ad2cfdd97e800469e85b7d59eb617f6b613aae4862ad8ad171cfa92b381fd
3860 2 18717 984ad9056d284d91e5bdc2d2d39f1b1f291f2dcf86679fa7a1c567edeaf0b4d4
3861 2 18729 cac0509810a729f00371e440fd6a9f7d9510d59d55e7f816a4e6a8f3c419e16f
3862 2 18717 d0a01e6b860257763dc98446d2796d575668888304e7463ca049c77f06e3669f
3863 5 18622 81e165f015b941ac5fcb0f5eb4c962029e40a9b4af5a93167eb7c0e8027b7970
3864 2 19777 cf7b368147e252bb888d7ec2a063b1bb11650d6285da223951cddf90688a83e1
3865 2 19825 c73358c9f158abcf77c42847605859815ef2fd5dee49f0a1c7e9999e12ee7044
3866 2 19837 d9c24fbf973b008547f66fdffb2994ea98c065297adbe9ee8760e4832273628c
3867 5 19650 90525634132ec8c819c966530c981df09cfafc76b32d7fa617bc1e596c0a0007
3868 5 20603 41b9df9aeda615a75cce8fb29df688478b28d3bc7fb9e2a7d301cd86ed149c3a
3869 4 20652 b5836aeac6cd9825ed69450d08e761c2b7c486ab9a60837b461ba5199590959f
3870 3 20701 5e9d970efe54d4a169f54d3be7072fd14d08087f074fd7e49dd461d36128a2a0
3871 2 20750 c6e0dcdd24a1399605eb7856ac3f624d6e5edaf0c63f055a184da1d8ee97ad71
3872 2 21035 2ab8a1e72bbb6f3e7968c40dab66c7d982fc48befb7e86d0d9b33b62e648102b
3873 2 20962 c12ac5021d113d26c04c63d820bab2f674e35f1a0b13128b34dd7f8ad104c647
3874 2 20762 50d40edd2c02f5e3757330c9f245d4d59d3c84513cb22364c682015670dbfedf
3875 3 20944 537c3680f7d00faa01763bf2ef094cfaa9495676e74734aeaac9cb8ec25426bf
3876 5 21897 c94aeaa801bee6019c71d9e348a58618c569b1d877afb9ab67872dc546da20d0
3877 4 21946 6a5246d80d734ea12fbcbe639ff78e222c75ae2ab8a56c11427899e515118e9d
3878 3 21995 374150f5c1f1e9a85904f812a519eaac5f02cda3953db517e5cb7e6a5cb7b9cb
3879 4 22470 7fadaf603b4d5b80429355744bfef50f138b4594e81f7ea5f342812760f62501
3880 2 22594 e9dd49f97e2892e82b8300d8ff62b3b0d9c03ea28ec40440049a508ab8c2c0ec
3881 2 22809 b1a78a6551b805a431bd6feb8a4243c91348332af18e417639fa45912c46d0a7
3882 3 23622 0f8e292badd6724dcadc4e7d401316eb915085cac52f382aaa096535cf4bb5d1
3883 6 24784 3e63893335c7fe1b00edd7ccea30ace13d4633b25495d3cc4c3677008eb76e0d
3884 5 24831 a5f8f452b5c043dff7b876a85c82ce4d06a772cd65bbd6cf0e8ff6df99ab07d7
3885 4 24880 1d3feb26ed1eaee16139943a7a92351265d79a7a2a3e5f30a2b1b8ee0b1d7527
3886 3 24929 a44d4f2950c0f9a05242292f07e237bd8765001aeaa04da3ffcf7b37e14c8b37
3887 3 25882 bc9b2e11625b6e5fe881d657f73eadca30820e10a3f4674bac78006c5fe6a045
3888 2 25931 4acc3e91610ccabcd847b24a73aec4564bcb0e6d3c742d00e5556f61a5362997
3889 2 26192 67ca1231a496387b0770d8968bfd84bf29b5e3b565841315cc7484daef9eff15
3890 2 25976 ad6e2ef91428c669c61f29e7aa1ca010448ee8ac2439b1db37e92dbd2267e641
3891 2 26190 ace1d856c43a2decd2749bb4f73462484487d6f5656e56258fd44dad9b88e7ad
3892 2 25976 9e262def4c92012b38bccb1a0a543d97fc28f63efcd6f64be0ea58688b940644
3893 7 25820 c98473d79629288208b077d3c9f77c2f9900597954c2c54d0122d061b7727b95
3894 6 25868 173096017ff9fcba147c7807ec78bac6008ff4628d40580dbfdabd6d06a70d8c
3895 5 25917 702db7b3c5d701393197ad6df4cda8d15890441d8d81340ff53980addeed6705
3896 4 25966 80de1945324132d7eaac7fc912d6043f828c8d0fb9eea99ca3a84025eda64716
3897 3 26015 c0cfd3bb92f413bd0853fbc6f26f2b79212f1c561f4f066ba2ee630ed2d7ea0b
3898 2 26227 e96e94330edd446c9526156e84d37af6d93ef4001ed61e77302eb9c7731e2fd1
3899 2 26100 743ec810acb30442b688f8ed6e48d0a045945309392c0fbedd84c0e2349b4b00
3900 2 26757 00ea4027cb15c719076913e7aa93704edc082d3ef89f7c394551a6031ada941d
3901 3 2501 fa333cea2acb4e6b5d6290197214a578029b0001df4ea653226e40feed0d4553
3902 6 3453 0e4b958e2c092240e3b430e8c6ceac9e0843e31137b9f5b42a6bade1c348e2ef
3903 6 4645 f323db63847626d233741a7f90dfc8e4d38f1052cf712676ccf636a5fe674755
3904 5 5597 1a81f5878550cf05310ac83a97d3190998a30b83f37fe921bf30e9d3569feef9
3905 4 5644 bcb206cf163a5f5d05474225b8bab599d91bf4c0f9076e38ed5efd6e09b30195
3906 6 7585 e45db574d195c65a759b777d81b5e674e4a43104b6f74475e7208c4f9ddd46ab
3907 3 8064 ee6d195086aea933706bc611dbb3e71141d315996f0299f277be486f2573cae7
3908 2 8514 3356db2872a320aae4878936463544d77092d895852007220ff29b4a62226681
3909 2 8514 c2b7656a946aebddde103dd046010a8cc8a94ad64a44c2c516a46eebbc59e5a5
3910 9 8675 08bf8898f370880eeb8f40e1620c05d374ef8056e5c9be22d0a9701058d62232
3911 5 10645 435733606583add3d59fe047747701935a55e9f63cb173f997e604f60c4841cb
3912 5 11598 61b274e532114ee17b5856612819f70832487cd7523a0c1ba975d1731f1286f6
3913 5 12243 311fdbd7f00625624064f3d59b67b861dc2d04c7cfa6bb56d7e1ffa220f72ece
3914 6 11686 54ec7890b81fbc5152b10ca9b962ef09d55e4663de6df1b4e49e1b6c6e605b42
3915 3 12165 469b58c357ff346d2713f1d0fad7ca61534e57b88f670d137705610c5657770b
3916 2 12617 e0662b7784fcda21a2b79c04abc34fe8f35034e682d40ea7de604e6cc0f8d514
3917 2 12617 6bbfa34f9cbff920cdc6e7e65afe83b8c3ed2c68169fc6eca047297509b93022
3918 9 12683 a3517e3d50cd93cc5438cae4e5941f939a1e17b82522d633d88aa22cdb024a32
3919 8 13636 3d042ab2904db268fd73c61d00a5b0db428939aa8e61c84a193ffee4b976f22c
3920 6 15780 4e1bb36c040a8f2f99784fd83e6915fc54d889c037cd0f90b710e1697157eb15
3921 2 16720 a172c110bf1a237ac485e8cabb54829c5a361aab504fd89bcdb13bcdf47b648a
3922 4 17673 e9b214640d64f87cc615d3f37f3af6c72e46db10ebc38ab4a3da97e067a474bb
3923 2 17886 53e78c3470dac03dc65b56dc3fbdae9e129b419cb3298169f7ff9e235e8d5b18
3924 2 17685 5f5c9eb13e93684a2cb7f5db4eca4c0beabe264da49afaeec81502cb3f7cced1
3925 10 17809 18951733c308c1cb889412b8f2247d6f08e7fc2e1f2b13a89019eb1d7ff02b15
3926 4 18288 4dc5ae22bafee15cb02fd7f818a470128e6deb2122354b48f2c3d4067ff106d1
3927 4 19065 fb9a98d643ee64760126ae5c15540993d7d0303820ef0dfc89b51ea80363d197
3928 3 19113 327d4f1e5b970bc935dd217b2db58c5ab67c16e1b815b677a58780af6421123b
3929 7 20018 ead506f220b65338f593c073f40b5df1eb7b60896a3bc39af0f3a8cc5e15278e
3930 2 20232 110cf76b887d616711b1c4f3352744dfc0efacdc2d9ace4cc3fa9a65a7644171
3931 3 20105 26423d294e0f44fa35d8b3cb954a2bc2ffd2ac214914fe056d6bb31cdac09df7
3932 3 20067 3b0b1f4dbd6d831c2f44f12356db460c071ff4a3418b053491ff0623fa40f124
3933 9 19983 e872c4c73e7a14440f88c1ddab6134ed1e055dea27e6622479128189151d7872
3934 2 20461 6ad5f2b7dd4100a8936c6ac5aca9d082427b5dba53303383fae5bb4a3507f1b9
3935 5 20927 22ce7cda8f7c94e7fcd4cb89888a41c7bcbb996751619a2654a64bf8b121df72
3936 10 20888 8128d7c15bb6f60c0fb6494fba66a4b5693a53870d146d85390b0c50c6c51fd2
3937 9 20935 a090ea97ac9493b0f0db698b87a81790d063c5fb88585ae7374ee3eec245397d
3938 4 22185 938737d59b90dda7460025b38a5c6c7b9ee3f9428a4eda065ed858d5a11ceed3
3939 3 22234 953dc04b9bfabf605e9d44392c0bdcbef270e89f6e9f92c823245acc062ea521
3940 8 22955 4dc2051af9862981133b68bf29b0d2d439e31eca7db37498e6398e134068adf7
3941 7 23898 7b1af4d2ff9a356a9f6f183bdadc9b85f99d57702538390e27880b5801ac80fa
3942 6 24848 aeaa6275332a37632b823ab19da38511557d59aefdbf18d923e3ef702a54c1fe
3943 3 25358 45db2d02a3328e6dfe9eaef5bfa19b8fd5d967dd9194560ea208e826c7c50c06
3944 5 24840 70410652599b19952833c6f69aa962c359cb75e69572f4e4da9574cdf95b53ab
3945 2 25127 b150f89a8be36125714c3768afaaa6360ed4ba5cdc6b04f31be870dfe0202963
3946 2 25053 a8f4ec6d12e3e47d0fcbee09286d3fb0cea355329d27ff78630c7bc1019a8c8a
3947 3 24854 d020df96c3421058e4ade562a5f8d4938713f1cac06ac31897065d5e59636c82
3948 7 25333 02992e6ccdbbde0bf243518af017970376b57da4259ceb9ff251238dc291008f
3949 8 25993 af1933650c358e6c962798d85713dc23ea6093f1ed590f4e1230247ff8d17b01
3950 2 29358 a791678980f183479f1d8bc59d65aeb23048aa13d529d1b621da51f339a2003e
3951 5 29172 c72e0aaa07f3979e256d16e4f492d7e7708a4a56c609223041cfbee0ec64f710
3952 2 31581 c53bd6ee39f2c6a5390908935370e33c7167bdffda8d333c8f54547070452111
3953 2 31508 4410023f7c6a435e61869c2f9345f2346ab08e99c2a2136bc3db52b2d3d698f1
3954 2 31900 8b07297850c83be8f60cc620116c82b3af1997fdcee7d84974f9007c3efcf1aa
3955 2 31899 3e4df0130c9aa42cad27840376155442a7bb5f5100757b7dc4e021699b8c7d67
3956 2 31825 96afedcb11782fd56fb04b29ba490bd0a841ec9e7f615f07bdca4bc9b34f425b
3957 8 30108 f89d13c1d9f81eaac327b65bdf37f8ecfee9dbc85f530baf3e89d577efcd3c89
3958 2 30586 4b8e748333d54ce186b1e0fef0da08983daf3749f490a03b20c40456afb7a37e
3959 3 31357 555920f7a11c8a028d84acc7d39e15ea3ae9232b3679a1142aaca6b1ce983250
3960 5 31787 69a83078d2ffe6a6da39922609bea948eb4d9f761ffabcf69f37846404e1f6da
3961 4 31834 5fa98b1a36f34e568a70abd0bc68978ff14f1e79c90c9c406c4fef5c669352e3
3962 3 31883 500c4e48409e90a71b7f4e25afa45d01d3381ae19e0604679ecb1f3fc23f7335
3963 2 32243 c1060d1b5587293083c0b0aa7bb3e6a92ca475b33d6cd14ef33ba5c691ebfe4c
3964 2 32242 cb6fa5761ed219e4ba6ed03a0e13d54ff4a09b1dce5c6871708f4ca626a656ce
3965 2 32243 39a51e707a0b7e8bda61bb9c1463f1d078d2ab26b1fd37d6a4ed5c49b791a183
3966 2 32758 2237a76bf8b3f6087a418ee50e71a0d7f7d0e64916f0bdab335e567be602c11f
3967 2 32600 3e1ef72d5e35f7b433710d883307a39549af22ae93fca7d3b04891cf1e978dd7
3968 10 31195 bbe35491c5a8ea3172ab6eb18213ea90896f4ea3b0e930bfff547e3866589bba
3969 3 33374 28a81ec9ca30d3c9b3ecd1b9ab8d233c67b0750decd8161fe2b0185182ac2fd1
3970 3 33374 d4e86a0cc489c8f5d7d9da708599d3fa38a41e965abb86e14784e40fdf653d4d
3971 4 34327 f82bd2184bc6824a892f155442b432dd1e3639c68f9ab749f0cc6c929fa966bb
3972 8 33991 0d6a01e918598e080fbcc2750f683c61f5af12ba882bf8ef74b24931e739fdbe
3973 7 34038 0d901c3ad9a40fe9dd5771b5cf4c878d6a63d69e69a8b9ed6c0cd18672ff2ccb
3974 2 34342 31ee0d3fbb19cb2884f60759199a44366af07aadef26912e6bec1921bc9e5eee
3975 7 37398 16b3b064d021c8015601c99e9cbdd8c3d1ca616fd31e27c33751846e396a1548
3976 6 37447 b4cd4c519edc1d53cc3c1f48aa142bdfd8a48bb152887fb13479fc470f02a283
3977 2 36654 7c1859588ceba9d6d3ef5b6c12dd994015fcff851866b1beab49cd8eb1980b26
3978 2 36588 ada3c6a3c16c81a37555e940cb7227ec12bef42bbd8d6b54d222bd4a0e80f1d3
3979 5 37312 c2460c6aaee48944a9452fdf76e61e224b2a240bfa2d93088fd40e183b3da84b
3980 5 37129 bfc8429ac5ff9417171f509607c4def8250d5b3803766977f15a050167f76acd
3981 3 38070 c1af6405a9cfa542b4d35e5f53032f57bf2a7322f854ead41277906eb652f785
3982 2 38119 d6afd5663ef6417950ddf8126da8d920625d8fabb2222d944d4a0b032e1018a8
3983 7 38599 2d6f86f46d77f62098963c97531e8674b784b99164400c0cfb5ff24e4dc3553e
3984 2 38698 395ddd97bc583f5c75460cb35e18a4e02a3df87682cb3de9f2c82567fdf1d841
3985 2 39411 cbeddf38feaef1431a21dbd48f5a9d3fd03890b3c8689a5a2bbd7373f9544377
3986 2 39410 f1d9e293aa3ba615669b994cee0f878ed3ee9279571f59f2b31304c56f9e7bc3
3987 2 39337 bdd777006e75e67d7d4043ec753f18f0a2c59b2d313c5dcc757f98addc733e4b
3988 2 39845 17c887ab94776efabd35e37e91749788e700eeb9c607891fcd0502954e301d99
3989 9 39216 36a3bcd3975d24d4de86c0b513af5ff7d00e4a8fac325bbdf75dfbfcc9b3e1dd
3990 8 39263 c6bdc5de865edeba6548915fc8178a2059389827a6c782916a7231287dd5b864
3991 2 39476 81a805f970c2dab971a62eb03791e8812380149747cc89b8cf538859cd6253b7
3992 4 39276 b70092e4bc04c18619a4c7990de8203add958a547fa46087647672bf39438842
3993 7 39313 fd07a9d919321fe77c9805430696b1a7399dd6a6211cd1a3f1e823e2b1f94afc
3994 4 40255 24d9ed7e8c1bf4f647ae19de7d6363bd2168194756b11a7b1791411a4af92984
3995 7 41013 d412cb67700a23c4822082ac59fc479cfa4b8af8d0c4c8a9a8f8de961ed5e923
3996 6 41061 89d926174bd11d999c50350ab4053b4239440614b0c0842fa4b51a9a166d986b
3997 2 2502 ea1546bdbbfc72c3c3fd0260e4aaf10e8b5f74c1e6ea00cc0d4ea52314903a47
3998 2 2500 7d637fbd8fd2a02a281e88a4e4152ec986096532210c41dd4baaf9648d3c4b98
3999 4 2578 dd370ef8b92b0468300cffbf47b9125461f3e10a86e9625382399d5af1e35f21
4000 4 2578 2cbac4f6c243a68c0a1dedc9577dd9362005d2859fca1168679c4ae9107cf6b7
4001 8 3246 45f549917a5348b4bbd939fdfc07941bb4401c21796d77f4e5c1ec1efad52e91
4002 2 3605 fb81cc7dcd58593296d7ce173b813c7476b7967a7dc23f073253fe90a4b4d81c
4003 2 3605 abe51e18f900682899c61bd505faac2469eb2991ca62dbf653671cc7d98c879f
4004 5 4557 506eeb36757db8a78c341c1ce1169156a169dbc5c1c1441c6d8bc753cc84aaf4
4005 4 4604 f2d5c9c715ff96c7171ff0fc3624c0bf8a32024b95c53a28539e03b3d5103977
4006 2 5083 31ee52d63d7b0e802670b351cdb09b3904a742cfa775f10dfb1fbafcfd88475b
4007 3 5661 ba6802be4ef5fda758ad449d7922d95b5cfa89a3e6cccb12da4642096af6c0b1
4008 3 5663 66bc9a164a3998f129d32559759708facc8f3bbb487ff519b0b10c1ba49bbedc
4009 7 6615 7a5c0a400237ab88f71e94e2848216481bc24c617e0f089787062e663f22106b
4010 4 8693 43b4be184eaccce05caef74bde773286400911d9e8b36039a615692611f356c1
4011 2 9637 30894b38a476dfe04d076e73ca647048c83d1a26912e26b8f9dc3b07f3e7a582
4012 2 9850 673482ed9ef18096bfb6b43379222a13eed8c408a9cc7a35f05f7370ceeeaf21
4013 2 9721 d795d206e3c37d02e34007308f12099d2cf418988e8ebc4d611becfebd3a68a9
4014 6 10432 fb255304187d7dee2a4b04ff584d17fd50018d8a21e20ca73a42fb996453a088
4015 9 10725 0a1435b549fdd0532e0b857f4b4c1bb7061e34a28210e7c018c47019ea9c8a2c
4016 7 11504 c0993dd26a085c2874e9007e588ee26a0374765a6330e22d5b56f3228da8c64e
4017 4 10701 9a89705078fe64dd11aaa96bec6699de45a2b9737b21d277aa3c82a83d89c838
4018 5 11654 dc34d9af7926c7ac7056e50c19ca613e696c2d6594504573ea9b2421d11dfd2a
4019 2 13982 15ba0d865267fc9fa6fc0364c0bdc17898f5c36e356a50d2b900cbf6c19a0b5d
4020 5 13801 cbf5ba1b101b9d7719956f753de7dc7d86266c74134c14e8eda884ebf8dc81f5
4021 3 14745 30e15d576de842597cd9afdbcc1c2463e15811d880d91bad7dda9b11e45e7f44
4022 5 15698 740b174deae2fe4963f76c02b2ff963147b7aca4b0d481ff4c69eeb9a2c715dd
4023 4 16173 f09519411dd9642f954e2a104e8c4a938ddef0612d83f253bcd176458af892b6
4024 2 16226 8351d4378b4f04e3b098e5c20a6e31c21ae353ea8f6481d105e6c9da5db80995
4025 2 16622 1b7b7c84d8c144068220c3ecbc5058fc56d74d9e99f4eee578a8190b850ffd26
4026 4 17199 ff7cf878452a9d2622296a65e888c4543a19056a0323680d878826ac11bf9c66
4027 9 17797 85d6d41d344ba8e26b9753da3647f7389f37a5ce1631b9c1023218d8104fa751
4028 2 18011 fa3bc69df6c39203ff6ba70acbc11ebed563a99472fbe4f21b50569c309df2bf
4029 5 17882 2d6b5f74721283f3af2a6f524e88f5182c4220427335ce9e2bf053640ccf7549
4030 3 18361 357ef84cc119af964497c37b0c33b1ebf45595df80e2a6c4bc623204d203a20a
4031 3 18739 7a815dd81778096be922aeae7578c7e70de751c5d27138d659a00a4a73be89cc
4032 6 18727 d35ec4e5414f0ecc908f06acd7c2bfdd37ae5b27f6181b7d34ef8564dfb6cf04
4033 2 18728 ff38955284d8b60e9841fc736e375f51a3e2592bbcea288693860046709e04b6
4034 3 18730 ea00c6e9881ed679d7fd5fc2808b3f4f5ff824e1630d7f340992d8a5448c557f
4035 2 19209 46f5dd8681a74173b482c373ad2ed990ee2033e16496aaf8523e9951585b980b
4036 2 19756 7af238494b02e24779bf3ee105445e92644ff6f316157cfda821283ba6ce0387
4037 2 19756 e65142c6e722681bddb294b7bbe3d08bbbf1b045fc099509a047fef4ffbea00a
4038 3 20708 14fefb64b7250280ff3491453d4fefc973918bbba5a55dae9fadc302a9f3df3f
4039 2 21187 bfc0e49a040597eddee79e2e19eb92420897037a641483fb47bfd3d2f80b74bf
4040 2 21650 2eeeeb052c5ee7a3095af5fb62e0c362b6a72fe739c635b85e95ddb7b702ef36
4041 8 21815 cfbe4fde60fcdc1a3d7f234646226cc3be25d800c1e06eb2460fd0f5a2718cc3
4042 7 21862 111608664316b5b3991020bbbac7de07130a2c6f8bd25bd89efbf567d062d082
4043 5 22815 93519af2d682673161d7e187c2175b95227d9805be2ad9c4c25f6d25fa16ce2a
4044 4 22864 34985fef27babf4a255cca5e63d5584cefef2f427fad3969ccb64da86f4a09dc
4045 3 22913 051abdce3886581fcf3827fe4dd981ef4a0ce685c9d6a4d17580abd4a2b90984
4046 2 22843 f1c28ff7d272707daa75fbfbff479a0d384188e3921b0ec600d4da257ed7f201
4047 2 22385 5106ba8a1359d69da6fd12c95fa91562ea40d6bece7467c5aebfa0c937269c88
4048 3 22903 a1071cc9cefa6b2927ae07689c805f25e105339fd772ba01e59a48ea3cbbdbe8
4049 2 22759 9c6219a8e6f68650fcb4621b2f82acdf2f1d130b654b77692ec0284e9db1478e
4050 2 22759 880d2ccb3780fc98c7746fcba9e82ec4259ee588be94e6ef22ae3ebb61c81f3c
4051 2 23711 5783107fd780b99822754e501062fa74dcaaa24ea660ac0172efaab2978a99ee
4052 10 23878 d87d864d02a77398a23b821b27c70cb2d5331afcc6760dd4ce44522d2f65dbac
4053 2 24425 6078dae035a0ba0433a84361f9804e217b142a176cd0c324b0478be4944d740b
4054 4 26093 a7f852788a72e95d5e4316e4bf1257f913e49aa0afcb8f09d30175df720e9d58
4055 4 26095 9980e8590d8f6290437b52bd87bf382a64f5adc7d609a40b05e468e3602d2d6f
4056 3 27044 9b72c25dfe770fb10d1f9c37f3f9afd9e8e26ca58350248e89e708ec7ae2fd82
4057 2 26881 0df6a35366e4b0f046e616b52299d2f518cc00db6fd6de7f80c44dc551d32dc2
4058 10 26947 7d375860af488bf522a7b41d79cbb5df24216be33a5e4b88448d2b5287ff18e6
4059 9 26995 965ff50cc6b6c259ad96138c7587f6a79162543c3e0ceeb3b342d3c4bf0b5b38
4060 8 27044 2a7f16cd3a58e36c01f5db696de8719e44f51c6e6a2f09701f7a605dbebaba19
4061 7 27093 ca1e2622fcc0bff9f95e94d899e575c64d6f84fef527260308efd9f816f6a716
4062 6 30744 03b53181b8d204b7d1ecaba0605ef77e775071f473804a9a7801b6c1804b1c94
4063 2 31181 6046040a6e0470c930fcdeb44732bfdd27242aa9badfdd632d37f3403711d6a3
4064 2 31180 dd5bdabff190d23019a128b1e8960fecdf6093220cb4bc55a1f5f0cb71efe1db
4065 2 31106 0804058c2d5c0912d6321e3bb49d04962d2ce5a2087db4c60442dcdfb6f6d116
4066 2 31032 1646d95f79bbc9fc57a95fdc89ad267c26f20a2f7756d552776fca1a96b82a27
4067 2 30832 7c409699d79a7a5897e8cab0e98ee9c0641999a83445239cf744638d9c4cb9df
4068 2 30830 51731716f3ad31c899d4cb1f159efcb8686c3c0d0b7c566cfefff690d51fe21a
4069 5 30746 6ce8959967ffbf2087abe10748e1a1c1d6fcda6e00cad9bfbe6092064a40faec
4070 4 30793 4a7903dcebe5b15806413065d7f8d296e9a9b9b75d096a1a324ac8ec48736536
4071 3 30054 084b39d828a24daa08f734b5803bb148138a4d4e9967e3655eac9bf203174ded
4072 2 30104 dfd398ea82aa112484e4844b9964a32a91fa7159763221c8f9005b2ccc5944ad
4073 2 30105 89869db7e5e7c26fc00229a4a4be83c0d9820225cd63bc59d7244b86c0ea6171
4074 2 31058 2a54a1fef5b70c19ec4664c7af14c9d8842cea77291fb95068f3f7d028400e6d
4075 10 31056 5bf8d01d17f4614b47a8c6d188634d415bf54bfd27ac023160b8041b5a8bf129
4076 9 31106 746f864f81b47328bd737ca2e9c3c1b8be06af07fd167e077018b30536f43c16
4077 7 32059 b5d2dcb3b4aea05b6d141a67c5d1904f1644d9ab649e78c183e89db20bc1534c
4078 6 32108 32f9a74c2b95b6525ab84cfe58e27a34cacb15750a34f319cc89fdf68c8dad5a
4079 7 35458 41051806ad666075dfa8ae5fb7dd263d94054d57e8c06f7e830b6d13eea9b6dc
4080 6 35507 1e42ee096f98aaa4e34764462ce2c70686a9ab880a9fd0caad677d841b4621f8
4081 3 36766 05547086219d1978ee76df016558b49201a7a77622a362ff823f5a947495a630
4082 2 36815 bf421f446c7f8e6d59985aefe36b82ccb1c2e94ca3cf870a9c16c7914157ba2e
4083 5 37672 ee677f29b6e2ad2e7972d097f508a70af5ddafd747171cdffc67f1c22e6b8c79
4084 4 37721 55740c009023d6cb41927b949230cbfd9d487e47231768e6615fe0f2f925f57f
4085 3 37537 13c179998df428a43767b48eb1327be73af0d27f031bd514aced5fd972e34566
4086 2 37938 09f571f5bdd6195090ae16f45f6fceafec8a6b66258709e94fe78738063e0704
4087 2 37937 c24658a804d752cde02cfb9e3733c2ddfed907a7a483625dc6289b4e5a9e8a3e
4088 2 37863 7decf1cec9d7426a04ef21a1e3480e9a0d5ebfb7e65521785e512de77ab77a6d
4089 2 37863 bd02c5bd29ac5c562d24f3615351a3fa0157324282dfe08973a7b91e49f5e033
4090 2 37863 238836f320b1d4f24d45b0acf6e6fc0b8959fe4665cc155b492ef1e9d7b185ae
4091 2 37864 7ce0a9ea0e8854d43db95812f0f91e9212d86ff0e15e02abf53256d774cfe515
4092 5 37278 bba44883fd96b4ab206ad884efea2ca093c5291cf3c60d11dbb5d85251b94d42
4093 6 2501 aece5cb1dbaf36797ba46eae33f9b922eb1096517930f5cdc0f65f574e66d709
4094 4 3453 02c8267e1add1424025fed6e31864b1faaeb6dcf237ca5e4ff825eac6017fd85
4095 3 3500 9d9c210601b970bf6e23064bf4392a76f5637377ca8098b062b7ec8aa4a0b172
4096 4 4645 f9dd74a45c1d741f983558fd30c608aa6a221836f309315486688eb4453c26af
4097 4 5597 bc484b8261d585dfd79d06c240f7a41c0ad6ab316ecf91a02098d2519635eb66
4098 8 6720 85701fb9fa60f7da65635766f477dade15b25d0ccc7d3bb1c753ade7c5bcf822
4099 7 6719 d95b265fc4acb8050401d72b60b15934055af19a9cc38c726c77b7f9178ddba4
4100 2 8875 f9cb704747113d4b55941cfdb8f0c84e4c12253864f4f74bbcec029dd8967804
4101 3 8186 b0d1c1c94cd701bf9881b8bf4a87e0b9b2abe9fb0dfeb74ea09aac080d80434a
4102 8 8609 f02ac323aea0c7fd4fcdb5f02b7258cd5353e7a6cdd523b25cb86dd4a694606a
4103 2 8822 2b548c59b0a6cc1f70c73666ef535becec87bf2f04e2b71994f7f314e1ebefe9
4104 2 8621 504caf02b81a59fcc25bad8d83e1b337dff8bc46f66c133f17dfb1d2ae89438f
4105 8 8609 64eed37b617df77cb03171ba0d4b4415a1318a07feb4ecfcbc19cc720cd6e94a
4106 6 8676 8b5f927604c45cbc0a60cc867bcd576999af0236dff61d4cab3eb5d640ff6a40
4107 2 8919 0a6bb6ffea44817fb2966e05c65a74f1014c198b3de6a4bc1c92aea29ef70d41
4108 2 10693 768c56fcdfed4eb80a2188cc7570fa5ead431467d83054b9d65562d6641c5abe
4109 2 10695 e85db73b0605809d6cc8a30554a025b75ae2e107ae1b06aca678850e9429f6cc
4110 9 10760 d8ed220e28e491e2320331b57ca18881b44cd5049997542995ceb9b2021918b4
4111 6 11703 7081f38619552e5eff9fd1b998791a14aa40fc844a492b63624f8f40962c0cf6
4112 3 12656 2921c3f1dc5c503cf67b0b17fa836c3102bda3fade74c2d5d5a3fc85ade21e4a
4113 2 12703 5f6098e64d9a3fbae8144d9eb4098b91cc98683a9db2f78fdee16d6ae9411517
4114 2 13860 4e9f180cbf223ea9db6a7d246d94daff0b74d82ad0ab10838bcfaba197255271
4115 2 14326 1e91f6bc8e7faf30af54b2f0ac7f936ffd0ff1b80df0b3d50842617b98074ce8
4116 7 13805 657f7087a6287896ee1df4f2bf56d0d7d8cdd20ad728e728f2801cbabab3dd93
4117 4 14284 fbd31c06a1bcc4f470f043d2ea3dbfef46b05826d075ec07972bb5780f09271e
4118 2 14739 7f28b148dd95358e984ec8b18e801ef288870d7633a5dc913cbf367a9bf0c140
4119 6 15692 e0435e909c6973d1ea233ec12d618ab10aaeac9f635ec8e90d211dfac8bc9214
4120 4 15704 531c84e6506dc8e9ef87ff617564ea900f23584cb6787fa37180995f41df224b
4121 6 15692 30f18c8d450033552298b9d255fcd5c634ce0cdc5db3a7dac01659558efe23ad
4122 2 16941 191782eb6e9434de21955e7f3c2b21345502e5129df1b296811ab2789327f040
4123 2 17662 753f7e7a754ed1f5c18950084d293a6064350e4863eb54902477bd70690c93c0
4124 8 17798 383599a5df0d3a5b4eefaeec2308c9617de69b196b1d887ab9ac33bd39b1ea9e
4125 5 18751 31ec431a188c8936b35d84dcc62681d409e8c654ae3ff599e2306451e292d13c
4126 4 18798 ec1f5e13a7b57db58b877ae35d9d44acfae0faff8d6cc93b3f89c0b6f6f0b018
4127 2 19080 e87898fea06f4522fb169e2e16c145d31a19483789928e21e1361d5d474a9007
4128 3 20056 53aae67e8c320576f8e1c142ba5b6e43edef712ab62cfc61b928ce6b717d57de
4129 2 20105 a4ccffd291bfc4b6b5c5c0ec4a2e721423eeaa80e06b00d1482f1ca5df4f36fd
4130 2 20179 c27d2f0864a042f45b1e98e77d55492a186dee2b2efbc3c114076fa1cb43e294
4131 3 20959 64e51cb85b96995663f6252feb062f0b585eb6bd2d31eabeca2a6fb9bc619ad0
4132 2 20160 9efe189ffa5d36610c676d521aa80f6c7dee484c9461ffe98e6977b578307571
4133 2 20817 ff6be37fbe382b22b04853ffb3a8b13e3898724b2994ddee7d85afd14fa196f2
4134 2 20936 ce8bc572957ddfc148603baef3ab20b43f3bd427cc7e7cde0f0bb1eb3bc45f02
4135 5 21411 c1b33854c1a6326be96913d4cb2e49e532b02b6031b1516b4923fbf94d9cbe5c
4136 2 21535 f99c001cfa38fe07d9b82b5c5ded4a5b7432324b7c99fae6ffd58012393406e6
4137 2 22075 737336e1b369dc9800d1afe423e7aa2d33147ad16ebd0210bf8e7823769c3c26
4138 2 21771 6ff997eb40fe6ae4621ee25351cd04153de7301e41f4c49cbe7485b30df34d70
4139 2 21985 2048faf80d35e2ee104abbabc802b54087b15d946fb9b7fc9739b87ad4c24418
4140 2 22245 e0abf91f49d018fc5f110ec31bfedf6582e532c83049d622169c604fff96a1af
4141 2 22984 2baf78013c2c14c2d73e0fc215b1ab6d3d1d9275fa68a5f41b7d82fce5561cb6
4142 10 22997 adf213b04b9bc71119b5a18ebfa8cc8d08eb066e799c539ab7eaaf4c21e98643
4143 7 22816 c0e486bb11819c885cd53675016fa82ad5326c3658c2ca09d3f85326b2da1f75
4144 5 23758 7edb404938bf2fda5aaec6e3dc998fee1b56f796dc8e66f47c83294ce912f118
4145 4 23805 087ba3e0d2a35fab4ce0a6248eadc7ee3312fcaa8720ef23046ea0d4bd5de160
4146 3 23854 c9058cee55b111b43f7ea1ef0a52a6160624d241961341985cc1ee36323eaef2
4147 2 23903 1cc26e87b13342292990e7baecceee567741b9312246471b7effa190aea95b4b
4148 2 25945 8a31681cfd1903519144869d5ef52228ac18c29eeeebc7fb1dbc5a667d7fc66e
4149 5 26898 532d194672eeea17dc2aba61889ab2d557baea0a9cb05a4e6840e00d0974e5a0
4150 4 26910 e5ea03b8b478682d18f618672c79dcd875bcd5e7ea37dbffbd9e260c9a5c742d
4151 5 26898 cc61ebc21fa2f46a07b46376e931a06edd019a692782a24fe4b1af9ad3d943ac
4152 9 28983 9b250d3b3caf56478863932c476ee2d9252cbb9fb468b19c174438a88fd434c4
4153 8 29030 5ddfa156ed2f8948e758ea316ef3958e04e64a7ada59ba69ca802555e12ccb14
4154 7 29079 93c40d907c7ae0fb117dfcdb97ee56bd8fabe1f589011affc0c661d7e497a738
4155 5 30032 ed4b2e2b1bc0e7a673eb2d091df3ef657338e2c784e443dfbac86a877722cbc7
4156 4 30081 d576e6996f43835d607c292757bad895b4f03a0276cf9dac4e68ace08a553b2e
4157 2 30294 285a1774768fa9bc3eb13d8154031c433672a4db00a86fcde7aed056f77f0682
4158 3 30094 66776a438b575c454360effe9f2381476ac90b8bcc06c271064c339b1b334771
4159 2 30131 7e5eb05b16ec2cec0c0855830f7a1d438d22c5ff06ca78ed54ea45825d067837
4160 6 30003 7ac88e8a687a38696b1cfa6b311b9f4dee00ea2827ffe2b8b0f7ac864a54e80e
4161 5 30053 abddb6db5022823b33252ee8b4e9dbd1a49377894a2e9c92e86a8939d34e563d
4162 4 30630 e6fb300b6d08aff66bd273834af3102f58879484f7a303d664524ff3392eaa5b
4163 2 30247 01b526bd01d51cecb63815ebeff4e3acc2b375e7f83919db34a1e591e62b6c4c
4164 2 30494 4310e3ad61b1593dbe86685ea6280088bdf25178f305a3f834e81a80d909cb9c
4165 10 29989 88f95b840a8c01bcfef0b368af6f535111cce6b056fb92d09a24b90680a749b3
4166 9 30036 00fc6c2af32faf9bf58583d7c61ce907beac684ad086ba5d9196662dc35579f0
4167 8 30085 af1df41c185be343ef13c45f385a2b893bb8de0dfbe9b878a1aee991c6a84aac
4168 7 31038 2166ed8043b5c0c16905caf3385eaca792afc568cfc605269b0aff248c333b67
4169 6 31087 750ba991c79be71145d7c2daddc6ab8b65049fa9448f17bb10af2ab74cf1a137
4170 5 31136 30340cea80448a56534cc484e644d606c0047192938e3a18acf406715bd0190e
4171 4 34787 957d6b6d44a316e8b97c556869ab9164ab02a0ee5cdbc2dbf0e279bd3b0561bd
4172 3 38589 b203224359e72506641ffaf5d7d85dba8c65461ce36b2cdd4875651691200f91
4173 2 38638 bc7282ff00f991e352c94540286fcb53185a8401fdc91e11ae9330dd81095033
4174 2 39150 097ea461c432b8fb0039186ff419d14e7340ceb226e194b424a7714875631f16
4175 2 39075 21ea075741bcfde46bb02a1e42a931d771fcdaf641d11e6c567eaf987a86cb8f
4176 2 39000 8629b05d2780df9971d3b2fe345d9f0f05cb5e2fe78e31248662199d1883c826
4177 2 38999 d58a4756313841c48ecfb92247a8042c020916f095e0ba7a6675f419b68bb1f2
4178 2 38925 768b30bf365710d38f0fd1ab50f0081515f03cdf56407024493019833c0c17ac
4179 2 38798 205b734dde00381f9d575d51a4f665af20193e42aa10ade1afb45752750ba642
4180 2 38796 0ec95ddc585668dcddcbf4f7c36e3cc6a6b01c5226baceeed07630943e87cbd5
4181 2 38637 cf125b722bc76696ab373367830d1bc2b6c5df7178c1e6bbf15db043d0934ca5
4182 5 37266 84cda7da52d7833cc516f8ea995c99aafba749a2c5eb3fea1f900d2e0dc824e5
4183 5 37910 16f787436626cbcdb546d8cb44c3fea75e8c9559bcefeae123a3f77c1e3a2136
4184 9 37002 7a5d1b22e8cb3318b46cb586ceb9370d85691a7901f2eb3b5b941e6bb9d75a01
4185 8 37049 62bb36f6032aa025e3127c5c18e65c2e0f28e834a3a648c4c13255de76bfc393
4186 8 37998 ccb4053162b380b1ae7c021909864a136fb9ffdf352454bc000e371452a022c3
4187 7 39249 cdc737913e6ed7b66081622311445b2e2e48a3ffaf71e2cc3423cbac845f8c0c
4188 6 39298 65264b65fd3ac1529c833f30e1d31f27d03fe8af2f3e415efc71960203047a97
4189 3 2501 4649942f2c0039bfcc09b306eabe18b4bbd2b11967c9073ee521f3e04f6a7f85
4190 4 3453 514c77d0de3feeebefa867274d230b7dfef13f963704ea082007de51adfa9947
4191 2 3932 67f38dd3d371d4aa90b85dbcc5b8d7ee22f2e469419d14234d796ca607f657f6
4192 2 4394 ec576cd029e0a1beaaa9fced6b5ef3cf7485aa8b0360dfc756ba178d8a389de1
4193 2 3937 dc5f85fabf87e57a4f13cfdc1ec752ac87d2a4249e63ac4032bfac0f953eb4d7
4194 4 4631 30dc216d219db5fe7aed55f77f42285ee600138ae8f794d7f5106e0bdcb59a39
4195 4 5583 ec8d2fee4592b2d3c6708b311183359bb54d440e4fe2256a30f42a3b1e10f1c2
4196 4 5595 9e6eef6354e6db9e0ccbefa163721ff460897f9fe58d2cb14978a4a7ed4168df
4197 2 6074 945ba1d5081638a847d55e4f43115d48c88623a1d3d5c2cbd56c09fa6c3e586d
4198 2 6536 5458f24f834d9eefbf729dfe8fc9f5b886ca8c4e600670a3e3327bb7c6944470
4199 2 6079 a789107067506a45a78861dc7dd56b1407193a47be3ee7c07bf7b55b1d9cb925
4200 2 6514 6f756c67742d2f7ba7fc21ee56aa93dd7ee45fd5901e94257ef2e9692e542874
4201 2 6514 470f58b5636495138780746c6f2fe3e900f5ffdba2808f7a3f3c0f1227adea12
4202 3 6593 8e73708194b1b71c81a26248d1655bcf057cc7c06b22196e7ab803cedc916b8c
4203 4 7545 f4c19cb837ff7b6fb8e142fe1303a52bc06e3883bc49e373fe050b6cc3cf7727
4204 2 8024 43174f8e3468dae4506e67fdbeec206f828376f7a8ababb82aba7c4c2fcf34e7
4205 2 8487 f1f9287ce443358d7fef922aa8211843d4ac5436adce3edaa3e7723327e18046
4206 2 8499 23f3725401141fc61bc3a4de672732a35b6f2e66679e10706d75a5bfb244b1f7
4207 2 8041 212c19fb5670104ee65fef6cd6da6125c8d9f01c4d08691b54a0ce0d5101dfaf
4208 3 8648 3d4c1830cb6be49a5efba129d398558758d6c41a9c7f14adc26d443360d03bdd
4209 3 9600 7dd7c5857557102144cbeecec226d29f07e12eeda302e1da968d57a0423c9c66
4210 2 9647 382c995de28117b897208621ddb7eb5343b78c2809f037864a1e4f5f8e5f97d2
4211 2 9591 69251cec6a53aea4572d037dc8e9c41104bf81fb2eb6747ebc8349619fb52122
4212 3 10543 6c15ab339986359398b6e89d582af854cd4eba2a720ffa9d725929f9f176dd32
4213 2 10591 7fbf5e3179b074651abff43d4577c1eaca218796af8aced79dd187362353d86f
4214 4 12794 2e51ffd718a710cc5504a594f19289bdc51bc7a761c44a5ceb79b1aa6cc6b740
4215 2 12806 26287eb773012fa2f0ad389742a19c912da45beb06e946dc468f583805b13848
4216 2 12842 c45d6dbaa4e3004800d9f7bc7284d679907b2e7db121f8275d95fbed19b5ca9c
4217 4 12609 531e6508e08f43ca5fbc129285074e73933c774d81a7abda8dcc926a7e0ca1c7
4218 3 12658 250dde58b86d359048a6e4a5ef3fdafde56761632f4fa0c60aff55d583cbeb4a
4219 5 13303 ccc5c18dd0ef861dc819cdf18b4dfa2fa1cfed688baa832b33cd97f65bbece81
4220 2 12859 aa9736dcc2fa6b15bded78fd556fc97bd8dd1ac32682f48f753d967428c77bad
4221 5 12862 55429345f80a2f8090d18748721bc7c4f8df338968183f11fe9b21f1693c36c0
4222 4 12909 9aea29cce2e3e2835e74f8fa3e9ca171c9c4efa01971141c5d28f478374e79eb
4223 3 13388 e2d9233379f8f5f2c8da4b48a981ee9cf69ea1852e96dcfa06be99ff612b7219
4224 2 13852 aec31c9ce99534d5b1db82c8f5ec05a7ce3204fcd7a3ffcd804426c57ee80221
4225 2 13854 90353335d2f09cb36c661e58ebd4b1aa33fdc580023510ef9dc64206eecad8e1
4226 5 13704 35de5a17810bb7d59ff7fd54e3aa10e5dfcf6237744ac65d376747d337c88f25
4227 2 13918 4bf63126bb6856b4f466191b80b33db89c53ef475bd4f25bae7076b55154a37a
4228 3 13716 d2be1e28df5469ae4cda6ae6125de1910d9ab3cf28d3ca3ea237dbdff84b7257
4229 5 13704 3faa43554ecb4df43d3f7c6aff1cc101911cb441e39aba88695c8a994db73cc9
4230 2 14648 d3ca32281ba73eaaef5133f3ab16466ec89777bd9c6327f037140d298a99a43d
4231 5 14917 bab3f1f575fab96d67f7518ffc32273500a05e39401d4a445bd79adc9e33885b
4232 2 14959 6e8c6cdaf8e92544912af88214432185529bfa60352375bcfd36dd6c8b02c14c
4233 5 15603 5c2d7ea85b8eee4c994b877ba9d5f2f9ba53e1d8f30f329ce511bedf4f13eb02
4234 3 16872 ac672b790391c9c1b79e07c0519855538d06e62a731e9c92a27a89c1ff42ecf6
4235 2 17085 ae656b8b0c40a982b2659acb4361941e2bf91b8658899d6907813ada8bb9280c
4236 2 16956 ae2511ca0cd05aca2d3341e10562504735f94301addc54f2b10640ba0ca67977
4237 2 17212 9ae621be7da4a82bfb0af01d5d1f39d5357cade93288259e167a26b3d904cbee
4238 2 16954 c318c352bf8a6e2c6dc3deb0db48851697be188c157e876d03088e11b6951318
4239 7 17731 8407d00081fb4646f869bf0377d99c46ae24210b616c77af2b32fafd2a76b890
4240 6 17787 1eb133e97124a2c177c9d36f330eb764f7d91df0dae99d2e91fcc2f2e3c5b152
4241 6 18740 3c7cb3c2e220d4a6ff3c352920900b8d1de322bdda8f6357e41761673fd510bb
4242 2 18954 a43452ae644be1bbe1524936115a5bd7e2bb1a1a030c5dc0c3b4770267eeb3fd
4243 5 18752 b446b897fde8b85378b84d832022ee6b1af38600a278c21d47191cc1e2e717ec
4244 6 18740 58e24091ccc90833217c170a9e31ff2538c895bf56baa76a6c752500e689979d
4245 5 18787 8c6ef45bd90a86ca5665bfd5930615ab3a92b4014a40f20c5e57840c22c95d17
4246 3 19266 c7c165a9874eb7c262d1a184dbdd45ab4d908d1cf8ce18a5e34bd9825e505f53
4247 4 19718 e322cccb59f9885689b5d82296051e552dbb205c3489b898e201a933256585ef
4248 3 19767 666b477fb2203461c2562a59a2d148c6d8d4cd9e573f8c0345d6ff8aacb676de
4249 3 20023 533ef3dff6c3ec726827abbfe7198653fb81cdfbdbad8adda4a3126dfac523b7
4250 2 20502 e38a9bb72c84f264a5f815571508bb1e6d9f52e3d5e8d9a642c6cbf72d2803ef
4251 6 20782 0e36a4667fd0790dff4adbdfb57bae860fcb2c7181313163ef62387f22ce8810
4252 5 20829 473e5f95db082c985fd5a91396a9db467ac4cc3c7b39f1051279e546657f6f2d
4253 4 20842 d46624b7ccbb6994997500ed6bb10beb276a3066c24d44c364210dd88554a9d3
4254 2 21317 1f7f2a18cd857d73cad40d89c0770915ad8c1d08822956313b5c69a5d466bfda
4255 2 21370 3d419e4a30bf53ff92c925bcdd9e2dc41bb70188aa0a41378308173914790eb0
4256 3 22055 73efcacf0ad9fe53e6edf62885c71ba4551ef3805d782176a243ee81409eba2b
4257 2 22102 f51b89950563a38d752d25fbecbb8afc987e35eee0fdd1e628e23fff3b87a8d2
4258 8 22772 674c0cfbcd9b8e2c4fe1d6946024dc65ab01b898d3737b7d691b18ece31ff7a6
4259 3 23068 e3c8c868d6e8c0b31eba4dc8caec54c61d941b63907b903e1c515efdd98af9c3
4260 2 23116 bef341f5fbe48a26e0be22635456cb6a7a075a689c3fd50d4aae346803c92191
4261 8 23786 6a26aa8758613b7dd0253b0603b4dbb0a66a49016e7c81f6f1b27056c0204bec
4262 2 23900 d7fd6d9b6650904380f80397d9fe83567e1df4ff8d457c80b5299e6ef46daa39
4263 4 24852 c2eff0f98c9041348b9a9e0ce32aa807d5b57abb0e7f74360603eda1ba6ffce5
4264 3 24900 d3620977fc87571521d56614f911026fdfd0db3a7a92d07b43891eb9765e17cc
4265 4 25121 11f4a8f878bd28551a6c11f6068eaa3a4a44aa94cafd8b49653165d899177d61
4266 9 26074 40663775134e40392b87b38f7f9f99e9caefba6817e1e14c11daa20aafb8529d
4267 6 27087 0b2c3291bbad54088b645a4b420e148fa6feb73967a15577b0099eefeb6e52b8
4268 4 28038 bdf031b5cc04fc4f40b5f90f1b623898b5742ce5589829d0c1d78500fb06c881
4269 9 30284 0a2170b7a4936ad96982d77611a83a1c60b5957ebf57b840a1dda36a86ec4276
4270 5 31228 edbc7f3b5e232bc15151c4a017258d0ca69230ef19377d1c6dbf48bdfc7ac63a
4271 8 32347 9960f5e2a7fccb5c79cad723c2debfd3e0c59cb2929fe86f208c648f53a073a2
4272 7 32346 a8af7ef803ab9b0e5aa84cd9bb6fc89f260893c865bb6c68290ebf78cfea78ea
4273 4 34211 f4e43b204b24695465dd51cc361dd97c986c9bc98c97d18993f16f6c45f7b6b9
4274 6 34922 d8b664a5104b3909be7f8589cd585cb4b2058ed688e44108fea7423ca3d68726
4275 2 35227 2608cec8c97c9f2f5c3492db9f0ae6f165f28dd2c1ca7a33fdc109f1a0b65267
4276 2 36180 990909c6e49c8c21e060a443088c978abb8f9dba70eba7b0e50a5ddd42f6072b
4277 2 36440 0e83a763fae001152800e3b82c85de6faa8f3ad43f8f011cee075ae9c7aac0f9
4278 5 36283 0ccb5b8891be07e7d2d6306918f97798923daabd70cf0d4d160e3b7293ed4274
4279 4 36762 125ba45870cf10f233586761e44c029314d57c3ab60b8f617891b42f260fea9b
4280 2 37440 f0dd6cd8371646258245acb8f72f04b579e80e9a1c362645aff60a64313b593a
4281 2 37740 0f1d89cc4f4e3e1f470817f5f72cf5d3af85448d9f0617a166a6cbf806abd2de
4282 10 37294 9b68ac1f6169b9c3e45075d0989a617b11140fc116fcfaa11c0c493d22712a92
4283 9 37341 dca0f7ebc3c464f635fdcf3ac89e60683acb10ec9e57f7759f7cfe319afead9a
4284 4 37820 246d40dab3f752bd7a952d9f9724eb5e72e60ef51ce80eb644ba92727179d3bf
4285 2 2501 d865aec1f0cce8e366ef25a371d6e0a42977c037d131bd5a789dc98e3628fad3
4286 2 2499 d55ae7ed9bab807611ddfac60274891fd4330de63919fcb678432e997ed0d8d6
4287 3 2579 4c1ce98b755d2eac1b0a5f681a8561f2e1242291d58bb0f6ac92d1a43b139570
4288 7 3528 1b7d8c0cf8841ec6e1e8df021000df4d661091a71b01aaf6574291523b777ed0
4289 2 5686 54930745a79fd93ddd221fcac0258ce47e0bdf96f8c241b127162d02e85dd1a3
4290 6 6635 022638b7de0fa497153e0ccdcd9c8c3a88495a6eb3c8014ef95a42f7af728838
4291 3 6647 9cdc3796eb84981017495108681ed579447c7b430b6dc879e665857a010d8fd0
4292 9 6622 8462213e45a74d31552b2f871cb7b773548023305ff1b3f7cba23a74e532ed92
4293 9 7572 6bbc3d3bfb22e542e0721fe73a0dd0bd492995d74692e0aa701f92416c2759c2
4294 2 7786 893816d5ca35ed3724bb6e96c2d7e61bb802268187b9175bf073f344d5a32a2b
4295 6 7657 8d1e6b6a9e7bebac10ce888d61c87bc843158b3dcbbf55dfeb4933266aa2d8cd
4296 6 7655 4d643e6fb4cf88ac7673aa01cd40f2f0783d5976f7c6e50ce6db832b7aa296ed
4297 3 8134 be45ba4d04e739c5f9350d0c31ad66cc50b7bafa8e34fb94301c9801fdb2c613
4298 4 8597 3106cdc1a5a227f677937761639485a8d0b563dc6384008c59c4118c24b2498a
4299 5 9242 c4266cac394de9b8870a90573506b389373e2ecb9eb374e9ad1944a44a47612b
4300 6 8772 ca2091ea03e3fc7802b5a5a3b9a5b33472977ac345c884cf3555f2105350187d
4301 3 8784 0dd5f404a15e70b668ed028bc22c1036350702d489e401842706153a7ce91eb2
4302 3 9263 4f2fec1151da5726f5d9b090caabe250700d74575ead742451bc9885f3ff5b85
4303 9 9616 7bd637266e5fac7364166d4053136817160b96bb0a80a93b13ce419f6f78f2a2
4304 8 9663 b9b9586029d294d247102f669a2e7708b907d2900a898d73d9e672d121aea16f
4305 3 13029 7976470b61dec60e885764a1efdd115b7e9d66abf5c9266cd3f7f7c4d96e0571
4306 2 13243 1911bb9e5b8f157bd583e7821b52e1b4384dcac2077aca1ae179b133f3e8fc87
4307 3 13031 e83354059aaf306c15f26b7e021f6c312b8dd5ef28668ba177281e4fc0701721
4308 6 13981 e4187a142508cf2290b5fc3112134182f02cfbcf4d10f04c925ff4d8f5a4ba11
4309 3 13326 f07b7a51cefc5b16e43e1753ddcec4591a5e81718ec1000c960ec559405f839a
4310 6 14109 5727fe4395dd926197a52fc6790f3fe9abe234995a25ad5907590ab2c19a5bd3
4311 2 15051 1e4843f54564dca667e87229f84fd1bd1ec5e5f2599f03306f45a560f25127ae
4312 2 15264 31563a8d1540227b4b928a43bc7f18bde7a0d4e4244226e38bf62a7febb8fb57
4313 2 15050 7b03427940455540db421b5d94051d49c7c44e2ce247d62bc31f55ec5f3cf2bd
4314 10 14838 94ee3310d8b8fd8e69a65ae3c480bacbb53cf0936ecf4de23917d9b4df80e6e5
4315 3 16087 21f41216912c398ad24348e83bdb604e91f5831fef184cb1f5b1097a9d8b0086
4316 2 16134 fa5e8be93e8199c073403f1b68ffb6006a9950d81f82aab6a6b684e1fdd8631a
4317 7 16904 a7380cde608b69e8c7a30692c6a549ba241500c409b9bc73ffb7646e1b056367
4318 2 17382 680bd3583210c2e68717cc64c418e09275f467e5c771c86fbb3e1b8235fe2272
4319 3 18511 74592d54291af873a70005e681a3ac2b58605cb5fc519437f65591b22ca0e12b
4320 4 19464 12da94d5da2784d07a474bee27a9fd9f1296ac013d5e2d1115809bb47fdc45df
4321 3 19513 9c3e80f73354876b6e0d5c40c5c0766fc245e5641431cb1c87ce9aa125de396d
4322 2 20816 a7fcf91ab7c5537f1b498b398bef60b51ce287055554dd882534bd3131534b48
4323 2 20815 36a4ab083011ffb6a0a81117d0e81ba9f1c7aec21da5e24d2a3fd85d30d02287
4324 2 20816 a016a0a32ca1890fcc0e5214663e0ff29df0e8b3746385990844063d60f9205a
4325 6 20103 1da9f9630c8eea616977c49e1824c877f50d380016e8950793cf082e64e6059f
4326 2 21045 8a504a4e1d5ff111194a3a3d86c28d265f3e7e988896b7903ff938714a2d189a
4327 4 21998 78738a48815d27de08fcf736cb49b8253ac966364a991fee85d0492886303626
4328 2 23227 6f281f922a132c915f207ad0c6195c80fd5310aabc734096b1511870a6f6aeb7
4329 2 23154 4f4f054d87a9e321e90db86cc1b67739d72efb9b6bd280bdefd9fefda78c61af
4330 2 23091 e9e4fc152d6b8a7df0060c7dec3b990c1a3300149ce8f2373d5561c343f18343
4331 9 23844 ff59bb26c214d55849098d098f199cb8b3613514d73c007a3f7c89eb6cebf7b6
4332 5 23969 0722fc9aafd3338dd10058e69363800245431f79abd9f8f6847b22441c925324
4333 4 24016 65b4d4a309e82989556497319bb101c19d81111ed3b0f89a80af95086c815547
4334 7 24737 9e207a6de8b856a8e6c700e5ab24972940820a7e2ac4f226d2512590d3835dde
4335 2 25180 23727e280593d1bcf015e8da62e39a2700ffcb473d9507b314337f28be0c0dc0
4336 6 24730 b7c28015a215b5ffad929a87f11488c0f3b23b873ddabe8278f9111ff5bdea7a
4337 2 25173 920af9f879552a22c2d939fb2857915581b16778165153991b12c35fc8d446fd
4338 4 24718 e082c552bba0372488acbced795d91ccbb91c8ce206d9ba9ac1b9b19cd3f73d6
4339 3 24767 dcaf95a154611ac1476e371dc6fbcbb00492780e883696d73c2e79d430ce474e
4340 2 25053 3ea26db425cf3b803ff629f7bb072c1a095aac9f2a73a7f16fbbde5d28fd1e0b
4341 2 24979 dabc7f0bb106f1398f4c96cc12bee3c0224417b8f375a85395d67c6fa78ec6ad
4342 9 25078 74b9c0099791da4bb5d113f183794cdf4e4bad39a10440691628dfbc0c7fda0a
4343 8 25126 ac3fc9da95895bf08bbe1a078f3b4cb35a65ab6ded2976bd4868049bad0402e6
4344 2 28776 d261ba760e734d55c0da16042d7e809e946ca18958a694622a307adb4d357709
4345 2 29286 329fb3f2ad908d1c650bfa9dee29dca9c8c881af42fd286e5c7d74f6edacd145
4346 2 29212 10d64b7a7a64441baaef34918f088422620dee22d5274af9b4a70b511effdbe5
4347 2 29138 140a2e3dac37de253fdb855138d102012b2f6ffc71b1588331de6e0ec8c77e08
4348 2 29064 d5a8e02bee3b9394e947bba6be72e426fd2d260789f26972f929453124c3494a
4349 2 29064 ca86326d3f840bf7dfad81f062cd83a0fa6f131d97a6af046e9039aade37059b
4350 2 29574 5e73a6a8c2f0402f0c8afe0f056410b32c1027dd10bc6ade2bb6d6cf323f1cf3
4351 2 29573 21e980b9d950d90535ab280f4220e1865683b92de5892079eb33c07285d559cb
4352 2 29500 332d4488d3fbc7ba6e19282701d84cc38c8b40e1490a590223d83c6e3f7b75bf
4353 2 29348 656008b63a2e47fca0f769d6c108e02010bf88640c4572d3770f9794909d779c
4354 2 29348 28909c4a66d1c0fb7c75ed12cf38c1470431215484c2fd613f9426795aff0ade
4355 2 26046 643b4af862a7b44813431ae8b415d218e73e4ffd189235d93ac870e6a1ca997c
4356 8 25773 bb0f1cd816721e4e36f547c8ca6446f55258e08c8b12b9a8e798d3bb39c0fcd0
4357 7 25820 d5758669b333dd0d7c65a7ad9059b5af0711534b57fa6c36a458e4cea03e8d63
4358 6 25869 36d93666da5fcf9f74e996ed730ab3b58e04a5de9c29f43d16acacf1b7160ec6
4359 2 26082 fb4773c7486f1b0e968340fcbf1fd18d1987c24b3119f8c9ba5643605dab7557
4360 4 25882 fa4ce7c63253c7a31dad67d681e94b26ca82bc26d841f1b344c1c06201005d98
4361 6 25870 6d302089500adfe724327c41406481fd31a240175f91d537a684d8c414ae8b17
4362 9 26078 0aa97c72d00dc3e22c92e992510444d34fd0070c9560bdbf2ff420a37ae70f40
4363 8 27031 ea0b2d920e976dbdcee24e1ab472b56b967a5019a4a027d55a81a6f006f70141
4364 4 26814 571e665cd4ff9a01f150a80b785cf2f3941cb32e36d77b897accc0aed0f21f2b
4365 3 26863 3d076a1dc84fcb0d22612cc1bd2130ef7d81d0d484a1f885144bc9b4cdb09531
4366 2 26912 65950278c94dce7a5bd61f731fd8cdfae7649fefc4bebb72cfe3bfd2df256f3b
4367 8 27131 0620efd01d86ebf750f3a166ef5753ada9ef1a2987d420317c8828bc65608de5
4368 7 27177 fea6a9e9f6de623383506b51d877a7170eeab38e0b422e69a23d6fbde8d38ece
4369 2 27270 3a98fb252b1bfcf1344ff5300e7d99666b0c149532e8ea9c9da66fc24ed86a43
4370 6 27754 19e02845825950c580d745325ab48351fbd7a9a98346680a8b2e5caf95ebc563
4371 3 27809 274aee2a538501795d4f2799aca46b2819ef3b82708b5788943115ed010be986
4372 2 27858 5da39883b8530543cfc720848f87f310e47a03d48cf4db010e6b839e01b05f21
4373 4 29234 2eecc2c197fceb2e7da3ade92640d8e43ddb1529da602c27e295a26d8c1521bb
4374 2 32954 60190c70bf3d61d3baf18006b80e89c0007d836703ba5e58b9a7209d304d5afb
4375 2 32880 a9688aa58a3318b435929c6a6c4a8a2991d5f81bd4cabe9d1ba2549e5329ea0e
4376 2 32807 713de56caa5f7053c8783754e3d818b1e44094cee9a2fa33208b9caee2e4b26b
4377 2 33029 1370f6115cc84c5c70d7d4ec7516762ae9aa8bd148018acf2de3e42b0f12ea8b
4378 8 32333 986444fdf23dcf065983979adc82a941bee17173e1a3e5e7cc832fc7743d5206
4379 5 35982 d101f22cc7f43d7e19f2ce9f4e9c67a5ea219d1a6c8a4a16c841cec9a9dc6a83
4380 4 36029 c292cad903896e4a2a424c3ae753e65d32708c8748a460206e26ba658c8e914f
4381 3 2502 f039721eab15f0b55f1a1384413123b16c55326f401fc1731971a089ae65b083
4382 2 3454 982f62461055af3b9b5ed03385f22a1103d70074ab5ac3c1c4b22d254fa1dd41
4383 2 3464 899ace911fb8f3a9ae5b398bb9c4f89ebf487ffbc174a4a8d754175a4a8790a6
4384 2 3613 49c324aca464ef7d8875104abedf4f9b03d4d9e958fdbdbac32254a4f65ecae2
4385 2 3613 91d7fe1f431c5749c01930dc358a305c171ba093e27b1fffdd8151bf20dae63f
4386 8 4280 d4333e057c88f76aabd91cd6ab9690e3ca0c56f36b148587fe5cd4a5d3478c75
4387 4 4561 41897f65234da53801b156030d3735e19c98f5348a7c5ee9e8046fa6596aa62f
4388 7 5514 f3ab4ba6eb16b3ee2288059e07db291d6ef50458b1988781ac0c880adea40f3c
4389 3 5526 cc510be67a6df9a8c4a180a614d27f9f1d0701f301a3ae9e93bdb9ee54996605
4390 3 5563 f22e12b6f6a3af768fbfd65dc696a61f2948e2717dfe2b782e4ccff9f2dd4b32
4391 2 5676 a942faaa6cc9826cb3ef5900131f3353acc9ca89dee1938f8a402633eb2bf26a
4392 2 5516 e9e00e918f601ed6449fadc3e16a230d5071a8555496796e700ee5a9fb012478
4393 2 5728 628c5af495e856952c6fc410071ef19a40a0a554c5033361af5be93975911f7b
4394 7 6681 5f06d871f3316b7ec4c57261777cba58246e63d1bf06a021a9762cc2f296f332
4395 3 6689 0727add4e2d5826bd5c1fb73395f56f6999354f0e1843b97786a53a75e38554a
4396 8 6636 942d9e62e7edbf1fdafff60e31d3f3d387e91ddd505fe344bb2a3166c4efdb0f
4397 2 7244 b6edcf79bd0e9129cc3e1c67cf9f1ba9120d5423f0be0255844ba0e88a17e66c
4398 8 7743 4f1b63d72899ab4978e7751fc448bc359c4fd80cf9e16e4344f68ceb718d9f0e
4399 2 8222 cbb875a9578bcd0aaeb1686896adeac5ae304a8218e41c2987bc52eb61088ded
4400 2 8127 d058ce8e1870ffebb638cbb0ec4461194c8856a54f2b33a3b674df34007f71d0
4401 7 8687 b1d5be2b00963b0e09e7d9c326f8efc3b95787d57a40498a8200a2af3213adf1
4402 6 8734 03dbb9b83163268250c7dcc2ddb05a786dce228c2579b6a2a748c9ab6b8a0f39
4403 6 9747 2ce082748532b57af6a3881c88ad91ed52b3736d61a8014f8eaa8511018c1ee8
4404 3 10775 3c68773d905a939258fc0f988d9c5784ddfed02cce1197ae4edb3de4c5d9daba
4405 3 10777 67efbbba6af2c9d8efdaf009fa7c3968ffb8d3ddb83aaf61602589e9116d206b
4406 4 11730 1641bd4e45eb8e8f9159b109ae8406456e1cd48ee2ce5cfb6c84298db1fe85a5
4407 2 12209 ffe70f38572bb4d848998fcf80ba418dbe5aa9fc64d3e612a6db26f9f0f9bc4b
4408 2 12672 4d4171b2fb433b0dbdb20689424250df92f344f4e35cb4565f6243b2068764c6
4409 2 12214 13730b89ae83ec2e374e28d8c186a10fff4d81caf1048602cac60471d6737bca
4410 3 12258 06e70efabb040e1939e10e7792c30d35e8d3fd7ecdd7e045d90843a4c8cb206c
4411 8 12873 764d6659f62863d1a9b9ae041b118be0574321a316dbb4f3d7a11f7bc2799084
4412 2 13816 30f947a51a7f0dd8ff7eca5f846bef5ade37910c29a24286df4c6b31d3185cae
4413 6 14769 b2b46d4536fbd5ca3f736d28168eb26c386428e4d567a2cfec216a412e6080b0
4414 2 17105 adfa36c4ccf7a34112fd3d0b73f8272aa1f8079fdd335fe5415f140a645a8b9c
4415 6 16829 8921019ee37550efc62e71bb228b6cf9f3f558707bef4b84801e995bd070f775
4416 8 17782 0eea491ff39504ba7f4b820558a0de455d660a3951ffb99078037e0592930d08
4417 3 18261 330b1c953c64728e553c1f918afb9e228c56324622b380932bf8f767225ba754
4418 9 18888 363fc3f86cd0654a6f64a2b86eaaeb727ac360adb3e26913ca2b710cfc41c122
4419 10 19841 d6e8bd1dea28e538911b2f227ed24bf81581c383c11d3f9b5515a9ca088638b2
4420 9 19888 0589d293c3eb318aee1f76c9aa637e2a97dbc867dd41031c006098f69f5039f8
4421 4 21138 4463520b6c8c1ac282323fcf864dd588ac84592bc46f0941bce55c2ede7e3f5f
4422 3 21187 6f84d293809b0f6d0276a8859ddab986432445ba74898261e6cf5293ace41f63
4423 2 21236 ca1670b54688cedd0c035fdd7025e5756dac0e6ebee98bb0d2ba78bd127bf049
4424 6 21957 027855c20e9b138efab383f612efb845291f45c7c1a63220bcc06788420e67f3
4425 4 22534 ac51f39b7a845d5b129c847495ac2ac3445aa1842547e1cee3000dc48e8ae793
4426 2 21941 2de99699e5978b871fccc62ec3dc46a3c0400a2a202769ca3f1c3a906e13daad
4427 9 21893 da7e11b317175317327df165247425a5f7b9fb27b38e338b15a4d638d8528276
4428 9 22846 078ec17d84572e053499feeec9abfaeef0dffeae2529791178c51e6abb1e887d
4429 8 22893 a524ebd6df8712d6bb5b0b34c6a82c0851da91323b4da7f96195c390fba96dfd
4430 3 23372 6922911382e2ae15fec774c2ec37824ba865c8629c7baa9d2afc940c4cae47e0
4431 8 23836 376d96b7710b551e0b86c774205484c79dadaf1085ab8ff35ae485fbdd068525
4432 3 24311 38cffb55e9c6ddacf6f9aa0a856d082012ca12a7d75779c6487dbe01c471c6f1
4433 4 24360 4277a7738313304e6aed1b2cd10c16c6dad27f0097a54ef487fb52e243f97e54
4434 3 24433 448d20bc780f88ed5bd2afe794017f0712da4906bf19727a28ac1318baa727ad
4435 4 24709 686e6850a747612023a436f5e6418fef58f46346a77013ac15bfd0e32608873c
4436 3 24758 10aa7e8885ba79946405bbeed25a6d1f8f31dbf0411ca9838cdfca0cbbe9bd6c
4437 2 24807 b536057e4a7964ab8f2a3e303325fdf01db21170ce3209ae2ead99b27a5d79b1
4438 3 24349 dc6f3dd760e559b40aebb051dd6a4c54286c5bd797669c28b674d852a0d3e47b
4439 2 24465 25a6edbe7070ce8e358f0238b3597a00676212db8f97e566645e846c9804af61
4440 10 24937 3a86596465c1427d8a1f1e5ed5877b965efd6a38e35b7af07c52dc6174601523
4441 10 25887 7fb209ea4e14e19118128fa071540c2abcfc4cedae27474832766b42ea1595bd
4442 9 25934 de4033c5c4fe56608f7187730b91cedd3f128099727f0ac28de34c6eb298f082
4443 3 27472 7c618219dc5212cffebb578a17de286a13e8df1006bbfbe27d1b2f49f0f43089
4444 2 27521 dbd268455d035f5cf5d4f26678e5fc94d5baf7c984cdc17b06ab0b034f093b7b
4445 2 28003 e0f3f76dca75866fc3533170af3dbc6eb064d59bcb9b5318854176474f4b3367
4446 3 28872 0d146be9fbf2fcda193f55557b757017b7487bb6854091bb793a1d321f0bd883
4447 2 28919 5a8a0bbb4d76b947012ff6d419a675eb9e10824286e82eea0d3167f0bca2c5dc
4448 3 29398 4971722223f75c1603f04a7f9c98f770606bfff3e301c87c28651ba2315aca0d
4449 9 29968 e72a96e44bb7715ded88376d8dd5f4736b53a83dde6e75084893ea9ebcafbea3
4450 3 30447 cf32dd6f206914855900757f09ec52e11be55aa29b82ed9e7eefe526b5a9678a
4451 7 29888 0af624196f7d11051e0e91f75d27d453ce8787f26d5c3986ccb7bf23db8c1509
4452 3 33537 864bc38bd21d98e86474c8e8febb1793f6706a28ec09cc8c6431605840e4f18b
4453 2 33584 ede0dede2afc4a71c04276e36d48537c1029ea37281d262bc9f1c9812e67feef
4454 2 33871 d0a71c486a8729d52ea0def53892ea03731c03de4ee415ea5f898e8a784f7c93
4455 2 33797 4c599e7a494a02d912276154ec080b8b9ddc4c23e5d9d55aa098668c848fd446
4456 3 32987 ef11807bc04dc46757aeb5321e2d0a069a0ed7d0a32f4f552d104aeba6f1df18
4457 2 32999 6c2de3c84636cbf82200ba22c05a6633e4951fff924219b971ea6bf6b9d5905b
4458 3 32987 ae3ae5277ac2e06ab0759b12c0c36fa65cdd611925ae7e58ef41a6dd7cf70895
4459 3 33940 9c14cc8a82e2a4bf19517a926862fa23ab4a4e19f9ec14982b3bc1fdd8d7d451
4460 2 33988 148482a30c8dc9e4a25b4bc7df7ad54ae5b4a4c0b2cab9bf906161bcc2b9fd4c
4461 8 33997 a55a41570160fd0759f971266e4f74f66d930c6498538dd805ab66d1bb3758d5
4462 7 34047 b69843fc715dece052723d8fe65daa3b16845790630dc3eb2d95329577f46855
4463 6 34096 08b368c82ad1c13dc46eafea91bb0ee25affa123f4ef8dcf43eaca12214dba8e
4464 5 34145 5c771b059c71f9275efef60cecae35bb5194900f74483be86fe30a9e5050a074
4465 5 35098 36c492cb8ab80b24eefcb926be9ec271296c73de484597ac729cc2aa9c4b6432
4466 2 35385 cd708930b8b9a6fb05c57bf96263f4d8ef3a4d9c3f68fa2b52afcf8ae21b1f2b
4467 2 35385 8645be54c4750d325bf428f36c755b2137e5c83b0fe25f5916347d241865efad
4468 3 35258 8e745b9aaf19f1814677e73f1cc8716dd9eea8dd16190c02f524b7aa24fc8245
4469 2 35305 e274ae65d2c16f92d1271ce5cebceddb44d801cc7e9b3b7d4051685be1850d32
4470 3 35146 e013538afbc0f5545f7c7db0d2799cc7d2c91651ce35f596c56b6fa959be9e49
4471 3 37138 1c7bb77116749735a1587708826eb055ad30f68ed74d2346671c02604ecfc536
4472 2 37185 dd5e9cf4c51452d9fad66dde8ac07c2abc45b9e92d2780bb6734835dbe19390e
4473 2 37198 9400f8a46311479b4029fe05383f61ff403fe54ed8d31da7a2ada2e7635ecca9
4474 2 37186 3b0a7a625f84932c009483fb5501ab069b40c9c212d47cfbb97882bab2d258e4
4475 9 37015 5a9f25ee1b47244cab8e8b1e9a4e828a08424afc8fc59ce0465744366d4a26fc
4476 8 37065 5c487f7cb9ba007ff5cc846319e51d592b485d5e0f6509ccdc63abb1c42098e9
4477 2 2578 6bef3f7dd0bb030e9a992e37ea2a810e5c67c6f24461c8216efd40e979e36f3f
4478 7 3530 80efca1b1b4a75f31686a3d201990420c3237ba1e30e2dd539113c9770a22bbd
4479 2 4009 31308bab3e7999715556d210e2c0cf6a977dc810fd47dde22e3debc310a0256f
4480 2 4471 0b7f0560fbdc084bc9341ecccf36a456394cc7efe2acc37dea95a4d0b3ab17b3
4481 2 4014 56bf2a232cd86b5c9f8571788b78b35ebc0abcd5a3fc96e5654ef2b5f9f2d2eb
4482 8 5298 bcdc62b9a16c5ed6ec4d640609231b288dc3c1e5ce0325d8d1a8b6a991bd251c
4483 2 5557 3b86c0dbf07b20ba9082d3adaaeb4878eb46291ccf9b33cbb041368f99748931
4484 6 6509 22859749e738be1aa1daeea42af456ae12ac861a0515be33905d695fb9e99a69
4485 3 6521 ebb05d23e68f89d3c092b04142ca27e61ae3d42d63d6845b29346283ba03cc43
4486 8 7350 afa287ac054314def40241665af51476935452776340325489212263fed99314
4487 6 7612 252236a9682378f6f996d93c3a2b7bb0d109ef05bc2599b518da40505eb26dee
4488 2 8091 ada00a4cb85ead69335952472e3aee2bc148420cdabfdcee76561b03d7c00a65
4489 2 8555 4a73c84c9caefaa95d87bfcf874ca31c79c01b333f6ec0dca668eb3ded4ab81f
4490 2 8097 f0e4d818199de8c33ed0545c2840985c6d481c832d3d585171aec4c3a6390b57
4491 8 9381 c8c98cd8d07c3154ba58ef9cd4abdf6658ddfc62b7818d7f009546031cc05dd2
4492 8 10393 871c59dad7b1dca52e46be332df5570dec16b1552bb5549c5a2f5a0c81eee8ac
4493 8 11414 c72c13426e61a389a0fa19890a4bcfbdf490e3c37b125358bd3cca0340aa2bed
4494 2 11766 59c18d30829a6ad3c437f3c73fdfe1c5aad61964d3f2ea1e14a8076c22facbc7
4495 2 11766 be1545b3f11cc0ab7f854a97b2bd690768881afb6ca2c130b289f30424d1569d
4496 8 12434 bfd0814c3345d2cda91d179bedad5812e98d448ccb187934d25c9065e2dd1045
4497 8 13444 bb53bb8ce87472b467d7d336745fc56bbd2cbe65c2b16d21ed905496f4027a96
4498 3 13806 1c89d20e72c1a4eb1b3ff5b7761b09d3a457fbb690e9c8ab8d68c90f1f6d87ac
4499 6 14754 5e1cfdbfb5f47bc87faf8c0e37f177ad7078a7b23f76b51b0aa0d18542466334
4500 8 16528 8d883ec84582efe6a6dae8f5a6984cab1b1cd0db43c9bb003a043b2c911822b0
4501 7 16813 0881a56bc93fa8d8abbe64786a56fc15e5066aec3aef3f669dcc0b1882f16f09
4502 3 17292 9fb873faf399016c2f226ad6cb0d4f21cffd9d8b614b784f44003a5a7f1ac210
4503 3 17755 9101ce690a67f5295e7ec6d897e86c7c73960e6158a371a20f1becbf7288f149
4504 4 18705 0cddf1a002134066c7b7186f427eba4ee35296a6390264905f86f61487a031a7
4505 2 19861 861bfa076efef52260669cb3666550354902c669f1dff806c8bc696a668cec6c
4506 2 19984 427ce413c1939d40aa60b794d0f40c2864aab89e7675aba3e44c9a20f4c761b7
4507 5 20936 c3e076e1350de479ec2db7d2f72789be56d32c8ea9f8c5286369748c6382ba0b
4508 2 21880 f4cce218191affb6e11c7d50e498f9c713ab31ac81f61eae661e7e6ef3c54b00
4509 6 22590 2809ca5af479857ff6f57aa9df789579472d261811582a3d4c9d588484542791
4510 8 22821 b2e0989a0cc455461f81f84e8710b92d31c4ad19a24cb7c5a57059ce0ff3c49a
4511 4 23300 656c3aacb515ff182bc9dd2de2650c3faeb713e02ec3d6c2780da187372bee87
4512 4 23751 01f3a8a0cf08157fe9a14bc6503d8eae847b5a4d80e5439c37ed2ecabe70d66c
4513 5 24704 fcd5e53393aa6e5ab5e5f8289ebd914002e1cbdbc0ea5fde9d1272c816925b70
4514 2 28285 9529d3312a18a9dbef7bda91354892f37031a0149d3b446094ca6327f9c3e435
4515 4 28527 24363584aa88dff368b70e1f3886a1534a2aa1590e43732ffaf8da093543db6f
4516 3 29006 a897377d01c07b9204a303c718f19571ffb3b71989cc508470b1fbb18dcf9e83
4517 9 29173 2444698d67ee75de4960a41a8467a7f98bb3cea4a9741558da842451024e5c59
4518 6 32542 a87b6c2061bda75c509be9bfaeaa812019f8482cc3d2fe2d59d31b7ba24c3d3b
4519 6 32358 1b60b34f71cde14f723aca834c4792daedcd2f98a82fcb280b2fe3529fa0746a
4520 5 32405 3f496306d964c60292246283864d4dcc41ea25afbf9c0a8199e2378c3f16b55d
4521 2 35208 00aca5c787a294b178502cba01ccbfb02a11d8c3fb7f957abf1a9e7d8264bd21
4522 2 35208 85d1056d4bee8f79678d337bee11812794b74352a97bd88b72cf18cdb5c11fc7
4523 3 34280 9a37fe8d79dff9419621bef934c91c5bbbe909d76908cf3dbf2990387397a456
4524 2 34292 fccf7ecc084d690794bc36069fa9626b774c86e551217445493ca76077985a0a
4525 8 33912 6035bef25695daa4297daefd6d83ce63e171162a6168526c9ecfac10e750c118
4526 7 34865 b9f3fad357d44c636373e01add8e9213c2d7699fe7a0cfa2e5701ecf641a0482
4527 4 36117 dd575accda662e5a13e845749c95c26785066a458adf2064dadc112f14866b2e
4528 3 36165 6157bd627c96c1a102b522ec6df17e909dbb0a5675ffe3721cd537e1c77822dd
4529 2 36214 6c12f09f33ee0339a5010842570e4796b8b27c63a6b0d5b7fbfbf7c75ba4ce32
4530 2 35906 874c6a248d0f4d8a47e5ecd27cf3dba445a00446822932ca5c4c7f4d9834d366
4531 2 36194 d8c7739e1924c143d43449570a419b391d279231b1b64a62502be05e21d5699b
4532 2 36120 d8bb501f7e46b12b86b30a8bd98e5d7b1b9e9e2797a5c078e14c2865f8629d72
4533 2 35919 484bd148c89e265b0b108940eb15f030cabff6c7bcd38716804d564ba9db1b0a
4534 2 35907 364324c5319e8a68460b356488c5b28a04ac577f91272946449aa6903fb941b5
4535 3 36442 2935b25c248e3405e610753a3e6b0bc9b63735a8a611a6c115ea4014e7a209ab
4536 2 36115 7aa51a203f551ad2e26c48e441bfbf4560f956d3b8cea01657fb27ca6bad52ed
4537 9 37627 61841b34dfc7d7363a0180e0a1d7face3c8518e584e5885fc0041d7d0426816b
4538 8 37626 00c195e06420f8671599fa606911cd7313f6a9c1f6a9ec71416ce514fb0fc025
4539 2 38889 5a7e1b9151247c25dde7582d96e64093ad0ec5a97c5abdd23574a0a513c81397
4540 8 38976 3b672daf3723997d93fdd92b143400691ca5a48edeb47f3c19e92097af80022d
4541 7 39024 109059c87f968867f7b1db3f1db698bd80c2bc4445087f697ac7495add4e3d50
4542 6 39977 fa062164373adc6a839287516c1ae144f502791f4c1b99bfb5d9290f1625cac1
4543 5 40026 6a3aa75993a112b6fa5e4008e62d17413bb6722d1a69789ab3a404aa8101535b
4544 4 40075 ae0b369face60b1e1bdfddf9b606be542ed873049057a7a947fbd82065be9bbe
4545 3 40124 41c6ab9b1111d450015c14332497e1639940085300f9609815788b03ad6614c4
4546 2 40485 d7549bc064190567818646e047f03262d772dc6ea58e3ca14a2535b95ec8824e
4547 2 40410 64ad5956b5efa015b2e048d195889fcc148cc0b92721e87fcc502a97a4ea095a
4548 2 40336 ef09a4dba190983e0f9ec75b0d5ce67e5e3d03f9f63c33b4db89098b12eafce6
4549 3 40137 285365ed6840aaa32d11df7f9196aa1a9ac1eb7e4e3784a8d99835b1b8992871
4550 3 40125 4a34611f68d34e573533c3acaa9533cc1ab62563b9aad69e6cd48d4c23d0777e
4551 2 40544 2fdf5d89a3a73b7b2f3c141080aee9d456ea6f352551c76587782359c41103a0
4552 3 39981 14b9c38f5d0cc744d72a913808d0f561dc88287e60d1c7b015992c4e06d7ff1b
4553 2 40027 b1adb7075aa70fb3e97880ca6bc638b0a867b422cf40e9da9f90448a0267fd15
4554 2 40038 1d256d7644d1106939d9d28808b8d440f099d3019dabcbde4af29bcb72ec5563
4555 2 40027 d631198f6a78d9703519b32266168b891fe5e769dd10b4a85d820cca969b13d1
4556 8 41356 a6fe854dfc128af70af483e7c38773854f3368635a0847f81f7ba2dbfcd9b6b9
4557 9 41038 72955da57f27d8830b0cbf747165ed50d5da9a1829e77797b937ba14bff7b2df
4558 8 41088 0a2877da9bb4959b553d4b30c63136c1568e4802a1b41b5a7a1a2d242e8ec1ac
4559 7 41137 b3f6b0114e068be5f8192016bebdd768b78a0fa2e3d097842cbd895fa2680cf7
4560 6 41186 74a5d0bdc420daf4dc8341e9c2b5ad4f5962f275168c4d59d5cb4aefd8ed9ed2
4561 2 41547 335d185838b961c5de374d86164ed0309124891b6db0d335fcffd7f175a0dcfa
4562 2 41472 11ae6e225a7aaffed32109984a7c34134af58b5d27c419bfbb1025a60fc38bba
4563 2 41472 5402c4e71ef3df2dbcfe35329fc14945f73b8604ae4228d3e306bb79b6ee8f4c
4564 4 41272 a0439f7192d6ba89e3d6a5bad370fbe56642e3771f3888626bfd0d01d2ac18c7
4565 3 41319 838b7655b22b5c1331cc757165d92629f2ed358336d7876fb3d09b091dad0631
4566 5 41235 6f7adcbb67adbf1f150ea6a6bb49988a646f2f3e6705235bb3bed1215ab2d335
4567 2 41569 49c563571579add7c62113bc67b5d44c23ebfc7bbe829d2b2446e782c0472486
4568 3 41039 bf8a1dad3c5eb32818d47638044e52fe0ac36fd1b3093c88ce81d979ba4c286b
4569 2 41088 892fadea9c502d0e776ec8f204e75d6c460aa32a0367c2705fa27d017eab12c4
4570 2 41620 5a7fea06ee98934e6fc3be018a6853f6374acdae3fad8bf52405b23c8127cf18
4571 2 41630 c91b2472debc454df24a788d9f3e31b23515dabedd73b9a6c78a01de70b5808d
4572 2 41153 cab8c3c5a2b9765500bf0517507f1ef286d45cf7f578a2cf4f23113712867a25
4573 2 2503 5df0ac446b9adffb636a28f1f6a1a3d8bdbd935e41c46fcd8e51be96a5a7fb46
4574 5 3455 ec2733428df2fa770d177e9c1b5064cb0dad6f57cb2ba6f0b6ca5bb6bbcffbe8
4575 4 3502 d190871fa17c278fc7ec4f801e7c8224f5ff31a5bbf0bf190ac9513ec9292e6d
4576 2 4447 c716db20aaea1833d7c47efc9419646a00d7ad05130ca2c2ef90317e4c031da1
4577 2 4660 023218bc25fb8cc6f511292913d25315e0d1beb4d1e0af7e82fae816052d9079
4578 2 4459 ac9308bdfaf844e8f9fa87b148ad4a1c58dd8f3f0ec4965cb6de73390105dd94
4579 2 4447 301b3cc621ddd082eeac14a9447996491ecf31539af241af8b4cfdc46c52a8a7
4580 5 5092 406da59aa50801e7d571a4518f016fb931254addf9192e8c6621ca411b3b79cf
4581 5 5666 cad30d581fb3c05fd422dafe43a32e9ed45852acdbbc7aa47048db60b2ce6318
4582 5 5666 bb8733d690b1ccb8df855ae19d3760aa40468a0815ea5d5926a60f061376600c
4583 3 6618 23a965957704967eb4b41c5a8caffa17f8b7651c8a24a7655753445650fe9e74
4584 5 6534 f5e0203dfccda094038b80364d68e696c56138f0af99e388e41249324fa6864a
4585 2 6934 ba4a7c1473deeb6bc8a55d3e056fe2d967c886d46174d2ede9d66465b0e87140
4586 2 7977 fe9769adede191c9e3333201b3c26c617e62ce2fc290ef701de8234aac862687
4587 7 8770 a10dbde69dcb9b1d965f20a03d63ade87919227314c15d33b5a9064fbe5bdced
4588 6 9714 34b60837137fa04c140c5102564511d9f4d5abd7e415ee2ecad58ca0a699d0d3
4589 3 10667 182ba50ab76d6c3f42c6a17163b5489dc00c73afb6011eb36f2a6b11256c7bc2
4590 6 11378 a0a98f909b0375f039a5a7dcc2f8cb319c72808d9c9f4ff036d034343c16f7ca
4591 3 11681 c8b6288186a73b5f00184fcd5405e8a94cf78edc422cf62ce179547808b78263
4592 3 12156 c49693961d8b99d481faea1c677695f7accfeb4620adfdc53fe7136631e6159b
4593 2 12209 20ef367b51926415817c65006f74119a2cafd6f55edfbc15053b247f2dac1a1e
4594 5 12694 12b1fbe0bda91da1e67f418e98e5fa7994515fbb4f34d3ef3d527328b46a43d3
4595 6 13407 edf24a4253d53ddc3d6ee58fa37580904b3986587637d2adba135e5afc426d1b
4596 2 12894 9ca7a6b8e92411489eea81660f0d7bab1b2545193d457a8f3f713b5e7efbb31f
4597 4 12679 71d58c149cd2bce6148a3c5d38b272a86d9b77a0082520510b64134020419d5e
4598 2 13631 c87ac9cd2ba699101ed979c0e0b82f9f1fbc2a3efc0c123180c1e5cce3735bdb
4599 5 13798 e366ad3fabd441302a674754fefdcc3a18c2a6207be2d8c0f9ae839f121b4363
4600 4 13846 a9ef7343f011ada1c82f98daf07c6235adfc09001eaa9fb5ad986cd2ff8634e1
4601 3 14325 ddd21b60b869ed13fd6391e9783241bc76a1fc1f5906e5fbbdec974438bfe1cb
4602 5 14730 4a6fcb176769c9588e9eed2331090be279c253d12554bf6d4b0145cb22373181
4603 7 15683 058a50aab5d43292e8f2117a7e9c53ca749531507403d9899f7d610b9f80b769
4604 2 16290 7e30c712cc43a54586b6a809d2a6127816d308c62aeedfd1d213b9182892eb6a
4605 4 16879 e524c54816523b28815367dcc783c2b43d3dd847065bedd2db97bad0f55b3c0c
4606 2 17358 9aa1141aa263c194c263f72038c8244df4dd97eb587d0068cc521cdbc81385ba
4607 2 17821 5594b5aa8b261c54c61a13a2651610598f5103c96e1dda11804f61e643624fee
4608 2 17363 f22ad3dede534a259dac5f8ca8bcddfbe25c0fd99f731de0ae781fb414b5f0a2
4609 8 17722 021937fea4cfa87e96f6ffbdae0fd49c69ad2a43c5479ae4fe41d6409239d44d
4610 7 17769 e049ab470e7fa200f9d25b795c0b61d727652bf6e2bf77256a944d80808fb1dd
4611 4 18714 7e15a9076c6854919268ce7034939a32e738372c8ff7f49db6e8b9aad457bb3d
4612 2 18927 9daf1b645522f0612bc7fe040cbe36b4db231e2bc214f393ef00aa4cddea68f1
4613 3 18800 26c264d53615ee39cfd183de416127a76eb82a68922d5fdd4ae582abf4315b34
4614 2 18846 130a95dbe30528ea88df3bba56c60c49644c33fade7aa5b62cdedae07fb70cf2
4615 3 18763 d34f4d32addf2af63b2b1a174a8f1b6558db43b2274b4e36af8d41e54fb64100
4616 3 19716 f3906dbf58370645b073ebd377e3af23ab44e8e3e90531e38d6bc2241c028a29
4617 3 19625 666684385358246a43df0dfde86a845420dbe13f50e564341f611633f124d74a
4618 3 19636 6ccf5c926eed0733a47fd0ec7d504077aefad2d9533ce969b9db949ade06f466
4619 2 19674 d3cf030ba8ced2d8a730deae2b91853e96bcf30e808351801bc7225e1bb149a8
4620 3 20184 40338cc2d3ee88712ec4f2fb2cc32fe891be1c4abf3a229fc05d576f278dd345
4621 8 20708 d85bf8c12eaa886f24c2d900ee2fb4354710b543b3da599b66be51aea25a8d02
4622 3 21652 032f4328c982ece2e7ae64a2b5dc066a9755cdaff26560633c2c50e3a0895d03
4623 4 22605 e55cc0a49e152cb1da3301aad72912091eb77f1fe893943b21649f47c3b5388e
4624 3 22653 1b96838a757f4b2a8c981130aed733e1de0dd5a45e212dc1029db533ef9fd1f8
4625 2 22665 705d7504f766a60c42f81b037d12971b85d6cca71c6d71dbccffe0d8db0ef9ee
4626 8 23794 73a30912fbf5722ffdc8d7e85e767811790678d29566d5d0421e7a9d307de9db
4627 8 23714 4721552d2a79e63b600ed49b3ed24f650219f8478500771d183136ed77a2d9ba
4628 2 23376 9b9a39ff67b1beb268a6d86113b4ad54c846df2f95591b95ff7fded9434b6e9e
4629 2 23380 75dd7ec53b6de4a49b75456dc73b77e628fb84a23b2808723da56d92aaedabb8
4630 3 23393 a6e9733dcf4cbd70413528da97341424f59f7bc4ee126935bc85b86c48247e1a
4631 6 25116 5472eaf6cf3f2dc8fe8f12cb148698d1d41a7cda31273a6dadf232c84075a5d6
4632 2 25598 eaafd1e29bfc7d57bad33a8b9d20c209308eb88eb92efe345781fce24cc13ec9
4633 2 26056 2366517612b3aecf3880616bdfe3760aa37a938852ce513258a63019da440a28
4634 4 25755 56b27d22131130b0537fa583de5e7cad0bf1e6b8c0904928324996730981f676
4635 3 26699 ca31a8514af883b06a0408227ff2ca282ce12986cb4c55bc5eff8108a9661298
4636 3 27652 8fd184e40d32f7c0c53d1ec4bc9846a5c9fed4b5c4c3ce6ff3747fee57c7cd84
4637 2 27865 d2fe697763bbe17d8fc8eac846dd01b4f657a705dd8bbc2c991ba0b89756d18f
4638 3 27664 9455eedc7387b7110b694b5188ea8c77ff5b52a79804758c34bfc6df1b91595f
4639 3 27652 61618b6520e0bf082639e216f21b2b4a6e74315ee210d76b8c2ea62114d0e4dc
4640 2 28657 64278c4a5e3f194066184115cb0f16b30d51758d3d993f6f99b711bb6dd63bfa
4641 2 28666 42d7f3d8339b85f92fe5dfd0926892d043b0aab5717589293c14c1e19edff6a4
4642 8 30008 6b67bc8197fe05ceed797a2ea14b08ce265a5e0e2875fcb07585905cf66c0c67
4643 8 29769 6b4b1353acc3a8033537e574ded4000e9fd26a69383c94fe1efd143ea8a0e15d
4644 7 30722 09341d1fa18ac0c615dfd1f498a1a167195b69d4028b35a1148fac80473cf857
4645 6 30770 afe4408733d19c6e9a3472b6c4be09d4dbb35bbd1b5c0c8130c2941e61591d9e
4646 2 30983 3e2e0c38d02e283a5881f384fea8acef778ff17f87a12c3c971dc36d5464ecc6
4647 6 30856 cef8035890121929b7d0bc408cb0a589bba4b1e339f7a5a0ad5fe528ad127082
4648 5 30903 9e5ee26c09f56bd11791c2e4824b223b1b348245f97f81469235e5f1f0ab7535
4649 4 30868 5525d809bfe307c1312f477351ccd5186703de903f000ccb6cf44c8e5c434ae8
4650 3 30917 74ca11f8b91a1b994dc1791499c644b7e0711d9b2fdc2e1fe52718906c27d893
4651 3 30722 a69fa6f4906b0d341ac3e990d6a1d0da3dbb140ecec4dc9a6614039954abd2ca
4652 2 30773 6791ca141fc3dbe1b1ce1841c7a88f1a983b0a1879c9802339c7ca61ec957267
4653 2 30783 be9c1e124c6b08743956c264bcea8e9fcf24afa5458a9a5015beb44c6eb20c03
4654 2 30772 7f16382dc4829516a592463ca1a5d07073b05695cd48f0c02fb8dfa3cc710e33
4655 8 32064 37754edc28cf122af318cb56588b400f0b3bf52545e22b3e2c014225a34d97bf
4656 9 31833 9b4b9b1fb534518340bf0967e6bbafaeea940b47a00187fa51bfe7dbbf22178c
4657 8 31881 709541214a114d4b54fd86bacbb970c4667e7595707fb68b4cdda1fa19ac62f2
4658 6 34232 3bb5d8a0040b32c66cbb0542f9365d16071492901a223628d7839201addc58dc
4659 5 34281 60b70f16b7ed6785f966856526d627fac0fd8334eab7f5b3f31303e2d15219f8
4660 4 34330 25e1ea2214663115eddefd3c83249efbbd4b6d1e3bee06c378a8437a2bc28ff0
4661 3 34813 27d64bd8ad78b1ad5a4d2a70f01d8b32e91fe652f93ccc84645424e3c7cbdbbf
4662 2 35273 75dce6fc726da11df062abd2a0b2b13accbeea37bfffe4aff1d7a796f080db8c
4663 2 35021 c38a61842ef3f1a800638fff352f4fcaf9b6d3e8b59915279526c88f2351f3e2
4664 2 37206 91fd12d0f48f9e11789ae57187c4c76dc1b4c1d47e739bf67cc227c2b035bf6a
4665 2 37538 35529a2241c78102113d4e3566bb25c0d8d08271a4439a35d1ed22d268635fd2
4666 2 37538 152466b0662b52b1d6001d329d18f86ace6bba1f2e740f804a76e9f25182cce8
4667 3 38490 ec669556a4c2c2a494e1029d30cec77303546bc68283eb95e2933cab6a571e50
4668 9 39993 032f628b9b43e2e799b9aef00b4c18cecccabeaf2034328d0c539251510f1be9
4669 3 2501 a370acb1927f17ddb3d273d213d6e1e095c1440f0f7f0af1afc00e3c95f53c64
4670 3 2499 9db5d8ff63b5f213ab546b9a8b98f5f5a08b96def15a0d9514a7f46cb9256d57
4671 6 3451 6ae7431dab965b1f34bddd46e7850de9523fcd6ae8b953b5bee809a78ee74037
4672 4 4642 b8e40728262899dade836ae1a7396301368d0c5d7f84b4d9180410e30be89b8c
4673 6 5594 55b03dea0b9381589eb9ac08b16e14a6fe127e51637f6bf2217c57338d399e4a
4674 3 5606 409c607c44bc8b892c4da717829d8fb150ed290c399ef7b86b1db21933cbea6d
4675 6 5594 c7f6637777a77fe44cb06df94c69998850748220d59bce65645b1b308918d4f5
4676 7 6552 dd47a0bcd5360f6ff1d531ef323b75760141a2918713be6aab25b529b81bd7f4
4677 2 6765 ed2d2e45977a31f57916346f17da927f3dd5c047eb74022b854c5568b47f6263
4678 4 6564 5143e811da57915ea92e1400bfee5a2a68e39cae623c8b499849628597571404
4679 7 6552 08aaea4f7f1514cfc5e06dc4ff6614e07d6286eae59e7e7846addf2c2115da77
4680 8 6633 d1c16748f1920dffbe17f976a1d408bdb5fef22aa3b784bee5ff141e0926171e
4681 4 7112 1326314c511cb9f8f0465eadd60ae0f4005a469028d81413a9d167094ccf20b1
4682 4 6902 f0e908a4751fa40157ec491a44cb78ba3d87fbc31405301ff31a4942f0f169a5
4683 4 7386 59c285a8c2d3e0889562cd6ea403e790fab4fc124ac575d0601ab3a511536a9c
4684 3 8601 1405063599038254e3151742ae1d90f6ef81be5586aad67a5a8bdb06ba0c378b
4685 2 8814 da41a0711bc6c1c044756f4efa237cf1f6beeda72e5c45d92091e46472c149dc
4686 2 9049 1897eb7ba6be85db5616151982c6856d5fefd7cb418cba0b90f40dab47f6ad95
4687 3 9819 fa1aad1be1cfb901c158845039a9096e907e427b74bd773ef3cfc57da6b4d47c
4688 8 9799 12bfad5a1254d302d9f4f756429904fbc2d712b102d372882f1a20d8c64a25e4
4689 4 9811 417ba3c8a13c95e3651e9f097d9be7741d2c28eaebbad0223baa16d1afef7415
4690 8 9799 be1e93880d43a1c22faaf81704a0a9fbf8af6a54e2e333f4404040cd0b67e80d
4691 3 10742 f42f153b05f6a135266db589cd4e48e83de52361b3a1c066931027ab396be047
4692 8 10722 6b85b52e0e9ebf64c59825b30726d4795f6538992f0830143dd9ff9be6ef9301
4693 2 10935 0dd9ae3e110409cf96bbbf4199bf2e34c35ff65919802478262aa398ecf56f84
4694 2 10734 2c9a7462c96edb74c552f5408ceedde69d114fd7230e5b8c55f693150da64d22
4695 8 10722 f64fc41e641ef8447cf911eb8c161942d0aad927c9a290d69c2cc66d7f250d60
4696 7 11675 69319c1e6284e8b055b2a298547e961984bf683b48bb9f1a3e2f5cf4bb445b3c
4697 7 11675 2a064e616f4759922cc4bd618e58db973788088f4ac2259687bbfa213a34f47e
4698 6 11722 58a0859eb70070b7e87678e836ade668e601340d22f1d1ed8c39045f84d08ab2
4699 3 12043 1c9d2fe4c745d31dc0d1f416ffe1a4f46fa48705d853c9780ed4fff86f15d906
4700 3 13090 987f66fef06a77ad0e5c160bd5f2b584f5828a51638eb92d755135078d32c4fd
4701 2 13140 4c2484dbf6d38235d21f7ae1eb213b59c1ffd07aeeee970f2cbb04c2f27a6da3
4702 4 13945 b86beb31fed7d722f5774f95e88aea232d3a686a99ad71059395b791f52d56f6
4703 2 14158 d24f84a8855ee5e163dbd0b6ddf97a4b08421ecb11cb519bc51ba30552627cea
4704 2 14587 48bb815d8c0a85deb2b5ada739424972ebe47664668f25574eada64dc3437373
4705 4 13946 91cf2e13aa08e01f65ddf8ccc759fbfee4a256d83d8b04e87b243bc1a96f1734
4706 4 14899 c4474d5d15bdc249e612ec7ad29695d6376be1013f04b8bac16ef7d591552f78
4707 10 15891 6d2ff54f51e6ffee9566b50868c5672ecdc56754e745d9104a26fae056b208d5
4708 9 15938 a558a78cc621e5410618297de48a067f8ad9359a1028684f31df87c9883d776c
4709 3 19588 11e0f4af1bd6335340050ba00dbeec5be429e28ad4b126392b59197a212d8db1
4710 2 19950 395e47194b83aaad98d0501c40360427c4154d279aa333a86e22b3ba9585f211
4711 2 19876 119104c36da5f65ffe313968c36904ad5dbb7da6a63be451bf2106878eb4ffd4
4712 2 19802 33e9a648965ade025ae89dc22d0b4b31773135fb1813786aa884707c07ca54a7
4713 3 19590 5673b1fab49fdb0ca82084f7b2436c9ff00f4d43408bac051ce93ab82d9953a1
4714 7 18725 f012c3cc9be27a9bc412d0440fa1cdd6b07e411b1d6f79c8eaad2121202c81ec
4715 6 18772 b448650d4ca76fa8838d0398e9b17ba036f627379427660af9948f852e2a2e38
4716 4 19716 863536f3eb1cad9918d2ebb491332bb7f961d47e3680ff6f218a1201f0623848
4717 4 20669 0e712c78906ea697e138d2a6ebe2eacaff863416128b9e38588def8a3ec01b06
4718 2 20955 5f8dfdb10e5edfb39cdecf0deb4453272ed42ac5a6e047f075a4789eb160baab
4719 2 20882 0cb01b16bb47e1cd8cdd38380d6f42ebf320d948df84f9ef7d7f88e69ee53e73
4720 3 20755 5409e020012132cc1005a1259ea40854e062c25217b955ad315acac45d01ceae
4721 2 21690 44bb616a724a1b216ba87371f8f4c53a455b8bf51b693cb3e62be50fc02cd458
4722 2 21689 d3065b7f917187f3fcd15c1a13f719294f00a587a46c67ee3c4ec353bd36e665
4723 2 21690 f6bf15b050d30eb569543296689de37b5b84c91d87776e530ad99c2e34ba5217
4724 3 20995 be6acbecf5971eaccec5553640a7930b2eee5d0b2532555e22b9cd730d9c9b72
4725 3 20647 8cf187c9ec58bf3a3d60e33704e0adf85f5c50043c18d02fdceafaf81397c5b6
4726 2 20694 29534a155112c74e344787b65787709b84ed8c65ac0fd8a285432babec4f2b94
4727 10 21019 1f0a9040192de2264fc9a0b754874b3a077b90aa73e7c7f18c4869e0d63a47ad
4728 9 21069 b01a3c65596a964c71f6ce96f624f4c8c13c0b23f36410e560bbacd2ec88da14
4729 6 22013 9ffb42d2427689ff85d61186b2024292c97b5d45dfba8086931bcdd8c9828464
4730 2 22301 09c3c06d56613133d1a63d249d5f7139c9f663c681171273fa054ec33eaed125
4731 2 22227 d43e7ed583012b97895d7166729010347a14dd76a67f32ed484992f41b20dfe5
4732 2 22100 b16b02221a41cc6d9dc9efd1a93f9745a6fe4d3d87ad45aac04fefc0f1dc2113
4733 2 22329 d495bd845e46ec9f1d9d08835b21d765094941588df6c82792833b5773b8da14
4734 2 22256 7ffa7577e8cc81513cbb7a8e29cfaa9e4e655b3dc1c1ca1341877b199706532f
4735 3 21037 babd9fae70a200031dd90f25d2dbf7145ca78b05a903d3b8201c23e5e83f0200
4736 8 20685 753bdd3383961348b0eb5695f5e2d91ac73234275cc528e99a22ba93e1d8c1ca
4737 2 20971 163972ca99e1a398438d108188921ab00a6ccd27fce88550b41d1787104565bd
4738 2 20971 267442a1be9a8507316ab68e4a7dd0bad3145bec6e7705cf3031fab5503a09a9
4739 6 20842 04ea1657bf99dccaa0b918b1e16430a9682aa9e8995796b51f85961d31740c19
4740 2 21866 a0a972069c4dc06a261cbd47b56d98dcdcbbfb7735f04f65045331c0ce14ef0e
4741 2 21792 7e3aa79050083298a4840bd0f3b838c19c647cc8eb859bc8e5e78dff57610dc9
4742 2 21716 9cb4b4d766ad6355a1ef87bad91528f086b19e9c94d0a50644535d24c410bdd1
4743 6 20999 e7419d63a59fb09d90a8917526fa9027de027ba2682ffe59369f8d4b9f609424
4744 6 21478 142d71158a488d663a272e7d505cfe44dd570acadecb65c29c4406cd09665adb
4745 4 21942 e1d42809504bbff18237a6d1cfe589a45788cf1229108289c0b1518927941155
4746 6 22421 2b736582a95c0e4662b04916037a1697ccc91bce95e60edea0ba6bd3a14a6413
4747 2 22799 c3dc4c61f7584501954761c4fe730ef7b983949e00796cb3f3124006a12eec89
4748 2 22594 36efde668841153f43375acd71d736524e6e125574dbe9413d37a9d43430830c
4749 10 23062 4a2bb7e4aa68dac4d8e745cbbe1317eb88678ce503cd8269714395875e7888b5
4750 4 26420 fb75e6482852abce131a579d1ba0b9d239eaac419b7e5b429ffa46aa829abe3e
4751 2 26634 61bf1334be44a05b50ad12f612a96eaba752f6dc69e688e600b85a2658f2746e
4752 4 26420 df0bc20ef16c48dabe101187f10c1c7113deab9088df0da877613fc2d011149a
4753 5 27373 11da6e641716423d4a89bd19594a27a162370df2f8aa84ea807a1c675b39e4e0
4754 7 26958 25fe4fdb986e6fe556ea3fbe19c3ec8225d082cab16f0399143c506bc1202db7
4755 6 27005 58b265a7a4198a40a8874bb845feb9de67883af6d5164ddeabc90809437fbe0a
4756 5 27958 555f303ad2d764b8dfe74103947ec2fce4721a0f6854f9563940be3bcecb01a8
4757 4 28007 aa924900b368e5183ef072b221f2e8fb6b0688e0eff4728a7fb7bd2810947f19
4758 3 28056 5c831b796189b1fba9ac415c54a98989470ab56150cac96a1329cee514cb3a27
4759 2 28268 653897dd3d87e601bf7eeea842998e460958da21a9012dba8a2007373da547cb
4760 2 28069 1bc73ecd64b96a35f16cd8ecb2ab45d40cb9d512c1cb527722e77e2cdeababa0
4761 11 28312 4c0e03616f0ec5dc0f2a0c263338813ae714b116ebf87c80f92edb9c97babb0f
4762 10 28361 7be28d8a92253e0398c8ec064f36f371bc06454e095b7d661363bd928873a241
4763 8 29314 d30c3a206497721f1f6c743c816639a8c6217d041a1f14eff2fbff5dd399b3d4
4764 7 30256 d51b278c961693e65c5638a678019b6f5be9b0f1c758cfba724e48d7a8b33c36
4765 5 2501 bec7d39ecb888b1e729fe6178cfc7121222b05b3de6f80aeae31e8179d7cb0b2
4766 4 3453 3f12668c01570aa6cb4e2787186b9aadeb6f5cefa56a2197a5805bd80fc37a97
4767 2 3932 425a71d030cd188947a79ef706d16a835928f5b38f333caddebcb669ff17d541
4768 2 4394 08e341ec7245c107134e57df50838dc94891e3a51f995a1a299bb160c890a94b
4769 2 4404 3457ce885182e8c0c515cda70eddb69faff617235e32328f3d0d3d055056d16c
4770 2 4392 a59aa5d1329afb9c81a8c291cd573b5b14c7790cbaa5efd39111313ff7167cbc
4771 2 3935 baef3d26a32258ee0749ef561cafb494b370c352ecba600db953f5b555a387ef
4772 8 5302 12a400f5eb822e78bacc893c52b24fe808f2e35b295deaef9efa4287ff1e5600
4773 4 5480 df60595bf6d630a91354ac40d3dca6972693f15f1e8a7157aae2df378407220a
4774 4 6432 4adb593278407b094f011d352c0a4d31b277ce9337decf35dbc79b7b54fc15da
4775 2 6911 886798759681e97c2f41e435d4a0d3757b90fc74ed6f6c5c85c63ce874f8395d
4776 8 8381 e7ca25fe0bbb6c8472f392dd2294a39e22f2f11bb17bf46975afc40472fbec18
4777 5 8477 5d82d6e7679a7ee5e835d399cf0a612d034731f68eb19da57a456f69d115d752
4778 6 9461 9733bd1d3110ba5f7ac58bb0cb232ea825e6f30f3e0da0148a630c90b9009d8a
4779 5 9460 5922c2f841609f1cf19471b1c5927a058899f677453bae953f94231b24fa1c0c
4780 3 11460 6fbd23140d8d388106e7cec31357b236d112b53e0518e5d09d9c9da9461fa2bd
4781 3 12413 d2820598253f51cc12b10fcebf590341ae63a27b778b3ac3689ec0b8ac1e8a4b
4782 2 12460 5c144612d4c6ec17503f70c8f837b023484028e777412a7802ff4fd5a694f7e9
4783 2 12937 7af2869e156f8ccd6ee947948fb10f338e660beeb85252ad5e23b879305dc9b2
4784 2 12986 5d09b2897cb3fb62a9ebca5ccb8a2b64fc5e160b5a560c2c79b61c7d701e9bc6
4785 8 14532 0c2ac221375703b8d2087ec008337a9017f0d36180ba1fcb7aa5b97443296597
4786 2 14446 e6c8f43c965d83e99e8831307e658ead445ee5bae591d97618ae6af6ba807116
4787 2 14446 54950ac0da492efd62217d54b6497e902483d4c30e2da6cbdf2e5530ecd10ebf
4788 2 15398 516c78c5cc31786f846bd7222f54029902826bae5e91928a66da7ec2328f848d
4789 2 15919 8c212f9d92c22cc62150daf8db4470172a9bd9334dfae6e23bebbbf7c6edc01a
4790 8 16871 5e03d21856094eeda1d7c76d2c41ae0a133183911d4bdb3dd1ec33d57f0a1f11
4791 2 16885 ff09992fed891230a9deeff8275b0dedc921b984d9c1ba5f1937a79eb1a02a50
4792 3 16519 1f59a18dd4d381937d5076b6f27405919ef00e084f9178ad6bbea31e954c2e1a
4793 2 16531 165c9d0213bad6d111025e73fe88aa2ca1bf732facdecf195b565e5742373659
4794 3 16519 87db13e551cf85c230b09585f9703987e951871e63ea7d33bbe131d60796b2bc
4795 9 16960 54e0eda36b4e65453ba968162538c2ab6a5e5abfe3ba8e4a43b4cfcf1b91f1d2
4796 2 16830 e90950ac45b89a17e22b1fc78161e392a98d560b15eb2c87e8028d60c515f06d
4797 2 17873 6d08b635c6bb38c5caeaed89c93476f0734847e447fca3dc02aac92b36252731
4798 2 18977 b900d09d4faa8692d7d62412ec50e58d506fb9d7dc838cd449ff4988f27896f6
4799 8 19930 672eb9ffbfffdb2430e1d60965a7d2963b33cbecefd5eb27224514acc1c1c5b3
4800 3 20409 1c8e7a7b0d42bd453130215bff6568780bf8324202cea6fb10664e429cfcba60
4801 2 20220 8506f276719e55dc161fe6bf5f84052a85a84727729ad6a7fbdbbf2908440ced
4802 3 20740 722db43a8738800237458a88578ecb233300badcddf6fe5436bed32f48dec1a3
4803 2 21684 54b1bbb5fe31772f8b489c3f5d597c743b75d2d56855f589a8c191905baa0620
4804 2 21897 b3b1b02e3a22ed541ea2146d2164bad7f0177ad97cb253b65a402ec4de1be614
4805 2 21768 cf249c1e880329c71bb443372e79148460e7d40917c0fb21077f5357abf57427
4806 3 22277 9856a54c5878ee2f2f916455b2318c97aeba78f815b1b1fb866b0dd459563fc2
4807 2 23373 c3225d55a77f2e28e62f44ae22a072d82e9e15d7056e6e21d462bc00e4401622
4808 3 22683 ba10ec0951a116fa371bd6fe91a23183e096ce144257d3fe1e56c9ee87c18fe5
4809 2 22697 68750cdfcec28b8103a32f67cc44eb724c24f1f8ff1ed74bd09364bc699996b0
4810 10 22968 fc6d6d2d17ca1ef51b9df6154066733101edc738907d98105f3904e4ea879259
4811 3 23447 25749fec4359750c2f5a19ffcc4f9520b1451f01db4095c72cd8bb7603eba912
4812 2 23249 693aae29d4e1dfff1df4a92d0010cbebc10ff8feee7ac5cac021a2654f8609d3
4813 6 23909 6f958ddbd8c4a53a608e0e8a322fb894c651ca1156574e597f0246c9fcb87413
4814 2 25137 6fbe6b0797724389343852189f4721ca44a7b73df135c5a737e3e4cba34f5376
4815 2 25063 2ab68b489efc98fbfe570edaa8202045a0826d504b4559004e94e7989453048b
4816 4 24838 936fa72e86c948717355462c604867512fbc60ea5825ed8627208a9d55fdf431
4817 2 24850 1f046f6f95c2aeec58ba4dbf15c110861021fbfd5715b1ca0ab112b18ab510db
4818 3 24886 3b195ea88f17ca18be812e9cecdd829f5a6bbd88c47efd799bf51470fdb8459c
4819 3 25839 9c5fd7a70b90ed74a024c670126b8434649897002911c1482de3b895c4c6c245
4820 2 25888 2d0b6b33c79b82951e31b32c23e0b933f10e8ac3dc68020f74ab8c17e365cc2a
4821 9 25970 7d5ca78a4e23c29aa20f9775e169f94c0ff2c9fbcc3441d51a9cbb39a1159fed
4822 8 26020 84512ece7bc50f8ad1af3a216c49f817e2feb7f0cbedc562369b2178da1266d4
4823 2 26153 e94f274e6f0b2405e153c10f548e4c36189a7125294a196d7bbc721ef1ec4fcf
4824 4 26963 e5b34bf7e2e795ea0fc5ed3b1bc706f2c528f8215b812f59368c7b5a8a0720e3
4825 2 27176 f0b74e06653526dd86762a3857a607d6089635ce320e8317316e9ebfe722d575
4826 5 27656 2d370a97de8c03b964364ed3d63a2e09a3308c59264b68f0553a750fd0b195e6
4827 2 27781 23d891ca04ee805d76a90d61d6ae43d396c34200332efe0ebeda02f6ddc24232
4828 2 30084 6876d2a5775aa1a58f5629a67ea4855da567b033a7d164f112d73bf39441a35a
4829 2 30370 2e34aafa35a5baad0da34346e83f6d157d28064853703b52f38e63689cd84514
4830 2 30370 3ec278d9505129ee9d1136b785f04feb6767503ccaeaee034131300e4b6ae159
4831 2 30084 b51630a579ec92d8011e337765aa11d34d2e33835c54b30b28489c08ce4ce43a
4832 2 29877 fe2de5799e3b7829b3c2c758497e1eed890ca6776d3dc56e27207f9f281d09b1
4833 2 29877 90f2f6477ec2ceb2892b08feee43d1f05d714daac294d4f01e16339974d9ac3f
4834 8 29968 9cfa11bafb065cba8bd0a0b4d4b71b6352775173eb49838de7325ccacef2020a
4835 2 33603 e0904773284f1b6c70251378c618a1300d4f8f2f5b1503aa97c4d8d522799756
4836 2 33603 d9130fcdcc3d896fdc83a6641c1d4662fd9f4e7c3847238c30e39787b72b6b94
4837 2 33433 806393fce8384c939373b666efaea375da2bcc742c045877ec1e6418869958d2
4838 2 34385 ce2f32cd2de537645901cdeb504e7a018c4a1778ee2b6c273b7f92e841ee66e2
4839 2 34397 e52bb2a8f8c989f6032e098af0191a0bbd383c4b9d70ab6e78f1c0002e18a8f5
4840 2 34385 4e10dc681c017804d57a743a0d3b5df0f70e7fe33a3f9554d70b0e1d62f9004b
4841 10 34433 bb2c5feff0ceaf0b913c9e48cf30e6f25b00057f4224f72c8898b85eb8f947e4
4842 4 35010 060a43f5f25ef70180b322b832d78613423bcbcc7b6a58d5c66d4f73c1019340
4843 2 34850 25eaa0fbe34a9fc4caf6b66ccb24d6bd9000efe785bb4abe069c46f15e5f5902
4844 7 34413 f67b3b94ce7a9ff28ee04dbe53434dd10e8c7fb6feb5caa5a1968157eae243c4
4845 2 34370 35cb75926cdc3aeadb6b974f6be9bee48bcac7edc531b57183b96526ae8f0e83
4846 2 34699 f87313e581d67fb648263cd2b9cfb3a3afbc2c95c4ed4ffcfc921b5cdff8ab1f
4847 2 34626 0eb561840c3a95e3b41e5f35eaf0b79c3d15d4bff3c45ddb393f4a5c3b497011
4848 3 34425 7b4434eb5c324a0e8eb2e070ed3a6d65e9d05f4530f03d1d257183a374371d66
4849 2 34381 62289d9bd91cc48684b3f539328c56e87b3f0a03ab62b79a335819888f261ede
4850 3 34476 8f32cbf3bb702072dab00c2e42ee8b62bb04bf1a474f59fd75e898fb6a75ba1e
4851 4 34955 624e1adff3478282ca7c3b21e3166c38b9e76a0e1f89337a766b5e6f5bee7b95
4852 2 36605 679f2704069659235c2aeea05ed5f6d69e065b3928f0451dc44e73db3ba94965
4853 5 37555 29e5065b5c9cb0cb875728abdb5fe0851173af224d074562fd909cdc4e5dbcd7
4854 3 37336 ee7e426b5a47da1cce87c3ae4c5c0c9eac49aa1d48fc49a64592f85baa91a47f
4855 2 37383 462c36e312b7dc4c338e4dc2039410729234a30a8eab956b5e07e35d8e9c7878
4856 9 37216 1a88c601539a5bca0d7b4540f28b657e161bc6d27e1b9725e39f46174240599b
4857 2 39679 b9d0d50e129f23a60eb30a9390f572a420f85088902b5ebf67e2aafbcd034e1e
4858 2 39606 054ca0ce632ba8332994da7abe37b472900ba94997fc540bb7928e5bf9075e9d
4859 3 39251 ec6ab70bf606a8d715e040a6eff8f6dc95ca2ce393f7e485b3bf7f75cbdcaeb5
4860 6 40237 c6f3222c4ccbcd85f2334ae7705aff23d258b0fd4d8f212fcfebfc1f8e828097
4861 5 2501 63d861ad632e5da08cb51baf315837997535c55308b873926aab77e85cfaaae8
4862 4 3453 43ee769d5d269b46c3254df05bf93135a7b7d85e3e70e337d07e4d835e8eaa7a
4863 2 4644 6fd106d426f7880dbd8568b4a882515b5f0ce0dc643ae9a485def7d8a4c69f8b
4864 5 5596 8787f6743172abd3f46eed24947b42b56560f4b3cd78f69d3325581b3f56b2ee
4865 3 6075 45e0db269d73bbaf6b1473c9c3c802924854e20153c6495ae9e340c4d646e273
4866 6 6549 351fe2bf6af4a207e7ea7042178cb478c324712d3428062a257522216d9582ed
4867 5 6596 6f81a630f56ff5f2c3804afccf1062d9519364705ce7b55197f2b6f9bf97b006
4868 4 7537 4f18d52e43ee430d6be3e8d7865c04b3aeccee2e4ffe024e5dda2dc4da279b1d
4869 2 8490 da4708fdbb8cb010e0f00aa8f4fecf71ace320a13ff60555e89a7468decb6c80
4870 2 8824 54af3303a657379777d9d85237802c7586f3565571a9ca0da5af7266015c02b7
4871 2 8824 e89b25949f473b568200801485fef5253675480ecadecbc4f593335233365ca1
4872 5 8690 897e14270419c622e03e6f83cc13354fa3887e40e8935cc9c725453f27f59552
4873 4 8738 88ae30e774f56bff8700c8b857e41ca464f6ded491d11346744e74d8654bddb3
4874 5 9691 515761921c7708e6e3811ed9b8c88402ea0e79d9b747a6aa791ee92e54e4b326
4875 4 10166 74a36fa2069d6a7c49a2d67411497157759685aaae9b55e160c8a2d50a50c77d
4876 2 10219 6458f037e93bd729aa0bf91b81c96e8e5c2805f5f59252ed9faddeb24869292e
4877 3 10566 20eea5fd6916e432d13675cd12e1fccb40c4d1c1c21f516f81a59dde1c6ccf53
4878 4 11045 c71f53346956369b32ca547e05ee15d20651a73f1f6c30f31a9a0a96f406d34a
4879 8 11609 a98d6accfa1ce3ffeb5dc46d406a95dd44fa02926fb118852b2a98806ec037d3
4880 6 12559 5e779c0fc0028bd3101156e1cd7c749313d1cf9a8460b2ef93b4edf17f7b9e4d
4881 5 12606 c801d64f699890fbcfd1598d5a75f530e9dfd023d81c6d2b23ddef619398d64b
4882 4 12655 658dca41d89e7d4a8509de9e41b0250b22f90ba1521edbcde89844076722df2e
4883 4 16005 8eafc310ffb1bc721a77d2b5ff2a7b93ec3f5c2ca22c7b81fecb360a8a4bb0a5
4884 2 16106 874bb100e6e6c7dbe86d8364fdf03b4f65f54928956efae85c172bbfac0c584e
4885 2 16033 87df3d6db3a6cfc1c646d51d22ff34a0607e3724f392a778951f4ab7488e78a8
4886 9 15811 1e26b16b12950b5a87d9c4ff145dbe6e1be5b7ed8c0abd8bf9f9d22c0b38c848
4887 3 17060 e01ecf8d8b2f03c1a5505c6de3aa9020b5dd7f1321bbde5e1bc635da5bcf481b
4888 2 17107 67a19c967264a62147f9cb17a9b67ce0d24077b84b2a832972f1951fe8dc1ad7
4889 7 17828 a8f0cc61944992138837d2fc6a86e38a6e80c31e57de120ce4d08db857697166
4890 5 17647 99fd10e77c26fa519da0965da2989b486aa8ff063c55beafca9002d225dba090
4891 3 18157 2adf372c17f67d03e6c5189e0ba1fc35048ec8d854610b5974965ebc6b861705
4892 3 17637 0f30e332d134794a1a58f7e17574b1e01afe33d44e0e77cca2da6bad70e813ed
4893 3 18590 b52a92fa4d0903d645b5347845dfdea19498f061d0ce26cfa172db3c5b9ecf54
4894 2 18639 7f0b6477fc8c3b18382066204b8f799be36493e41e7e696c3ef531c5db68d51b
4895 7 19118 1487d5bd95a93bdfc5e54fb9cd380ad442d183e46a615ce7b2e6ad6d9fbb1481
4896 2 20016 8e9ae678b1e60df98f529bf32a51380ad77ee833b2979eb253cc5635a4dc06e3
4897 2 20015 f80382c704f1884c3cd2aa4c44eb7e1edb809a469606f142f2f31a886e833c48
4898 2 20015 93b9b3e97ce7d4d370af2de0160a369b7bd74de9e70a6eeb8f8948f1726da1b9
4899 2 20016 6e0fabadd6cfc5bb732fa71503e9511f09ce83ddfd6e4e138a08a66a64040fc6
4900 7 19577 b565442a58cf1b21d95b97ce66aac543a46e81c3703e7e24c6b80467efcb1990
4901 6 20530 fe8d4216b577d886e5d653108fdee1bcec7bb8801ccfe0d2aac5b01f0ea60c7c
4902 5 20577 c4e230ad52d44170c4f47d4283209613f30c30695e0f37e0e937d17020a17116
4903 4 20626 0bdf922197016abd9560c4ffc495c32ea5cdedd6d9579cf99aa08a0092983ebe
4904 3 20675 8e4777192fb21a204d6d72399c558383fe60626efd1f8ae22db39b2df1dce23e
4905 2 21183 5f079afeabe0c894adb281fe1bd6849f6a9d7b7885b55ebc312cd8b78b2c919b
4906 2 21109 c473ea60a57f702d78cc60af36bcb351d24795b7b199e79176c9dfd26a1926f0
4907 2 21035 5514c01a2c6e8bf40432b81b3523929c62b632ede4e79618104ad5a0a36cc986
4908 2 21034 207e9a1105c2f55d2c391b2419022f2d2c7a1dfcf86cb1407a4f26d2aa004df6
4909 2 21035 df585e3ffa7074c12cf90de240259b5bec608a995f7a909c2e83982a4355ad42
4910 3 20834 669bcaf2714a93945e7147970618afba0a7dce6e1b6c74b02cdaa71a1d6d6dcf
4911 2 20881 3c1a86fe5c78089e8b226e0c9d9f7e977c8c2781d1404fd77cd696343598de45
4912 2 21054 3e430083c1374a58fdd1045e74da6e48cf279aff5c5d7186a167eba49dc598c1
4913 2 21054 a9c6a3b16168ff90d7d689bf82a31c1fffaf3ae35e6e7337d71e4cc05ed53fcf
4914 4 22006 1bf4683d396abe10ff31eff0f8e590386b6f3902c68354230290c590c9f59f1f
4915 3 22054 5e5fbe2602c864179947e66ac250791ebd11c03a7a3cc251f94b8c4fbe7f9dfb
4916 2 22999 2ea9a1062656bd252c4d4ebc228927fe46fc6ec4f551389d9e45178629202ed1
4917 5 23642 fa85c2960013f647c240be066d176571fddf830d0420387546f3cab6484b7dd8
4918 8 23695 6ef6813873607a2beb24551d0768e36529eeb49f855f5b4c505b3000680ab66f
4919 7 23744 2a3e17b18b0847100ac8095ff6ba65053e84accf74aa335fda7b4daa35464fd7
4920 6 23793 e5821a3fcba89229799220d7e34531fb405ea9620c6bbcb2893ecfb9f8daf68c
4921 5 23842 66ac959b65b5bddb01c1f0af13b8f1edfeebd64ecad326bea98efa87b0f7a39e
4922 5 24792 9f1370d5d6b6fe569cd24a90e9a8441309cb56f91ec7a1963e7ae596f4a15b24
4923 4 24841 3eb042fc36cbc527cadb6141ba2765baeb2e633aa8c283151128363e0288a95a
4924 3 24890 0beddaa46dc1af3c739da1852774b975e107253e7cd759e5171573bc056d4608
4925 2 25398 c7195b8a6162d63d973ecc2fa12be0ad4b2e3458d073bef50a1bf00c170b590d
4926 2 25397 b627dd54e1dadfd6d1b4ac2c312cea65115a87c8ac2248bd7bfd304ccbb19f4f
4927 2 25323 bbf9fa1198152d56094f70abae33398484489902355f7904f658689a6b52798c
4928 2 25323 b4975135bca4e16b27f1978c9630f57ed456e32752f9d704cf1357d3da613630
4929 2 25249 5289c2b9ed045a5e1090db08293fc6c39cce6e6ff1df88f1fd39a6d0b8ee4435
4930 2 25121 fbb281e1a70030b21476dc7106737954cc2738c6510783d2b988f479fbff7e12
4931 2 25119 d4aeba56e6412d26ff363e513e500550396a7ce5086922f37fc2afc82074cd22
4932 2 2503 00d5080d9ca91c26e663a8157098c4cf15f223b2117d34248c3b57aab2e7a1a7
4933 6 3455 1c769f21fe0946b35faad959237b7a573d23f4ec20b1b2612c2630f5f7fd5609
4934 4 5681 b624be82ced7ae4749a1d1ed896a03b8c6abe7db2d45cd246e9f35b58d4c9f51
4935 5 6633 dbd1fa88be677b668b63afb929dc96d1e56813cfe11e1c4e38a0e5074f50a2d9
4936 7 8626 1650070260820478da003afb051a3fef70d87137d37a16a6698abfed98aa7153
4937 6 9338 65c26573482cf79f0c171e47a0419b517808f82c5f5910441024f56369e55170
4938 2 8603 74260144032cc8494f3a175a4c385de288909b7beb162719f6aa93808a6828fa
4939 2 8817 720e3cc584f6a77ed9a26b782918e7b4ac7cac87b25905066f558fa0c3da301e
4940 2 8603 b6564d74f484da88cc9d2d7ae2c459bad54c4b56ed13196baba03ca86feefac9
4941 8 8686 b61f8a9a979be11b5463dee23cea6d56d0ed0018f8bf9cc23aae39dad88cbff9
4942 2 8900 cb68abe581999dbb81b49bfe50b77557d10399d9b600291e8257b824d85828ff
4943 4 8698 54249361de3a8b2de4b3a63c70bb5075997c514e0ca39d75f75f1f60bca76c51
4944 7 9477 3b68efb432663d3ca887e5352ba204d9706523c9672a23c0bdf9c20d43a25eea
4945 3 8662 6ab71b1b4f5fcf962a70f8b1575116f5044d3981fcf2c8464bd5dddde2fc8ac1
4946 7 8662 60fbf7a7a72922916ffe5fb57a3e06aebf05b6ebd7e971de84cdbde196fd1831
4947 7 9615 133de1419e61c6f7b06f223bf9dd1a3b4b931b3b42f55a2713468b5bbde10e8e
4948 6 9662 270b9eb8e03975990813b3fed36410ed1e1af4bba556ad45e2af314099b95895
4949 4 10141 c0acf1f9a7c031b6462718bce8210a14fde611842c66c8f3affbea8ac523bd15
4950 6 10605 0dbacc8efd2e2962202fb5f12cc944186467133ff707d47d1f942a18050ad80b
4951 4 10147 45396c3536bc296d615ea33fb1f2aaae396d950cba2187ba47cffdb417560c82
4952 2 10255 9bdae0a63e3ede3a317fd98240144458ca88b47f5d37a251eb1b03a5abdf082f
4953 6 10780 54f03d750ff6e09cf90ac4ae5e13e08fb5b90b0124ec600f464a9cf1b9ab5ff3
4954 5 10827 06f4a71f20ee7832f500599362a6d4e41d07a83a8cd038e8d517ce5ed8eb02b7
4955 6 11780 a08be084d65e6a8bbfb5ba49ab1f0ae4646a2118278fbd9bfe72ceb2c2faa3ba
4956 3 12255 949d192a29ec219dff9bfc72c686b07c051156c312456a34b2bd58f187a56656
4957 2 12372 6be38e7238c7790317a000b697dd5899172b634085e0d2c9a6290874c8e3a3aa
4958 3 12643 dbd66c45155f2fecf04b74eed635588df596d157fb1b8367ccc79a6548d0fed6
4959 5 12649 314f5bbf52a6fcb755498faf9c8d8bebf8dd766acb148d835f139b00e084f8d3
4960 2 13128 1d1faf96014be96b7175d219db525bda9085276d9cfc61deab883be63ab08727
4961 2 13591 ee305859bd598cecc70364f26565390bea1bbd9ac23e1fe81ca8f489792e36bb
4962 4 14544 9967d3cddcc46951383f4e24cbfd447667055cc25a18120152e72c75ad66741b
4963 2 15019 6948ee3aef540399e7e1396ce4a124fc470c8eb19d70eb8ea74299362ed24248
4964 2 15072 6faeb4a9f62401c618e288276bd931237c60b12623a512c1d2685724958cd15e
4965 2 15807 95edb198a65fda443ae4542e1777fd40a998aea83f5e625615cd32c8a452a001
4966 4 16759 8da380df00d361fb40d9dc3f30f33995557ee3ff743e7de8cc882e98a0b75274
4967 3 16806 5540c9a4bb70b6020598446255a3da1d0401f7c1028e880ff71ca2a5fd9a1033
4968 2 16586 22e05ff1ba19d7da581e76cff5dcc66b021476ddff2f57a68960e33220d308cb
4969 2 16586 92d00fb38f1fbb732332551a918de7777b19d0bc160821bd8b10470d064733d6
4970 3 17538 289d53fa28102d3e1d661497a153c8eaa789d5e1f0ca740a190566c0d8c76994
4971 4 18542 318148e90759913a875a3242f05b94aa6d2569a789c45211a407ad40caf93df9
4972 3 18541 06760c974e5a108d635a940e748acab94013e37f6c0fbb2a03cc061b8ac0eca3
4973 2 20816 7dc3d8c7537c5ef49259de59c2fbe4c08a732edc86b49783acef534a011e1fed
4974 2 21118 d3893e2f71ec673fbea820e21e6f98b2b815262a28519801baba4140a50d110c
4975 4 20966 f33693b0ab618f8fed975c35d03434a1fc2121ea84ee74eede885270498d08a7
4976 3 21445 ec68e0aac6c496457c001061d8413a3d249ef961bb9fae8001a8dd1c0b03eeff
4977 2 21908 3264fa88268e4662c2abd1d34ef71398d08fd44b8f371cb54e94a7b91a5ee203
4978 2 21920 6aa1d291926e9a1e47f4a2f9189d083a0a3a3c6eba2c7da345e20ba198a711be
4979 3 21462 e37a63c26d19e5661a6b3b77f874b832d7d0b15ef145a4f7f386faafaa648d2f
4980 3 21627 ceabe671a02139af45bd621391c4b7efa6a56a12031e7635ffe0ccd5bf2b7a11
4981 2 21841 b7b241c84780ad8bf9d6539737ba483d0ed2f14e3dc5677a03a0f01ad851ab02
4982 2 21712 1e2585470e4f38f2f7d03f5db6646ebd4a5c6c0147b7df4953be98c4b9c1f850
4983 2 21673 2a14da72128ecdca69c17211e95f3b451fb2619be3dd6a46b30171fbe5f87908
4984 3 22626 8f9237de0fca8f2bad88c00e70bea428b07b1c846b77b0ef231c855e3af3b882
4985 2 22674 f30a5d9ff89be06291f125c16a0d3f292e63b9b4b13441feb19792f803354044
4986 2 22576 fc025ad00368938c583dbdfb48dcfd04c39dcac7aedcbd6bf199d92368b60f66
4987 2 22589 4e7c3204fc62fc1588868d43fef842e93a18fb7b807f76890efd817827f1f81c
4988 3 23064 cac09242a42193629554b06c7bcb6d6f682145ea42010d5ad4f73badf18b46e3
4989 2 23181 25801a00a7d80772c3023eb8169edb308278a33ad079f223d444831090751ac2
4990 8 24766 fa1b744d4606f75fedbfff1137ce4871f319b93685b3e796ba69f04eba76dd22
4991 2 25332 2ea245e9c0ed3c56a37c411829264c1432d5194e6a469a0b941e660b6a0fdfd2
4992 2 24642 3264a2d68a7a3fcfd2fa4be79db995fed453672082367abb892a07663687c1e9
4993 2 25117 29714156b0da0feb51b357f83fb4cdc0e3aab838fac24c388f7f85208717fe67
4994 2 25117 e0a0a59157d9dd362c6b86d2521a1eb057b82ed328bdc37497153d30e8ad730b
4995 8 25787 5f994fe28fd68a2909ad849084fea56a6cda3396e92ad52abb5ba7e20e4450f8
4996 2 25786 a8add9073b78a356aa33768242331e22ef0e9dd618c9ca1a941e0f85e4a4f04d
4997 2 25786 6c861d377531b338b381784836e9888758e81cbdf990439e96ef8c43a2a522ea
4998 3 26738 9a5d465c5bb090393557151bc23f6264565f3797bece38e80a40871d8b40141f
4999 2 26785 01b0179e9dfaa4dcc7fcb89ca19e1a9849871f9e3b8c82228a7b226184a9db6b
5000 4 27790 6ac0de745a5bb50130d72c26b1f91521186358d61fe87b0aba8a41ca032f6d8a
5001 3 27789 eb42c2b757f21a50aa2ba1e5fec93ae53d42931c6a996bc9e5b960a03a4d2cd3
5002 8 30935 e12effeaa1a45f071d09375bb83da98856e3f070f4e1197a4cf946e62c1c33a2
5003 2 30833 b7579452cb10e788fcf683d400c1930427fe3e0cc2ed3a91c121b487d5505c81
5004 2 31047 11a079cef5a4611b519d46b8da77dc83067db8bd02c65cfdc6ef0506d219ea79
5005 2 30918 dcdc37d6a4188f87a6841648f6180280e99c0b8ca1455c61710b4741f592a67c
5006 2 30916 5ee7e6c3eae7420bfd40f93ee338ac88ae1184f63d1b970223b3a0904d788b79
5007 2 30832 2beb382bbfa98391692746486399c33611892168c7b5aae4c2d5966640399341
5008 8 31956 ac50f873e94c4275765e0292872aa490a92a9b0a322e34a012d2240110a42276
5009 3 31939 edeed83945c90f17f4ec56e7465fd06b7eac1f0209fc5f1be71028a10662a64f
5010 6 32892 72a27b19d4a8d222ed5adda3c6c517678cbba9b6e13e60a49aeb84507ce6b822
5011 5 32940 c0e2d2e9acd5c02b3ee4df49b6e196f351b7537d026ec091138895ff8f98c75c
5012 3 33415 9c3ee37ed6b01ec8f528231cb0fdcf27124482a3117f6b9ccd85dae0674acd90
5013 2 33532 9361359233ab7bdfae996c6d375277bc5afb0d8048acfbcff2291ede1d02cbd3
5014 2 34347 2b0c0ce49feb32dda39af9d6bcc2e5b43b04bf61638f09c31b3743b71bcac1d9
5015 2 34347 5fc6ae39b53af8c2671bd2c27aac07c9057fc28d06dd3dabd3dc713079cf610f
5016 8 35017 845fc5f7b93f5cdc5ab080aa7e88d2950355da3f51f857ef4a2d3aece9de6849
5017 2 35368 35d054def40e9b6838a34fcc53c414eda304ee863a730eae2ed71d5286f9cede
5018 2 35368 e0e0b417488a1a07cc2e40c00b6335cb61ff87f45688bd9fba056e753d23a0a5
5019 3 36320 d086cd2a5235c22cd629cc641683dbc5f80182332cff3bb9d120b801b3189396
5020 2 36326 e9ad4c8d2b70090214310c3d170d38c6d350fb501aaca57ea2c4d2bc69cb0125
5021 4 36401 a0423b9f834bf21a0c320bb7f040f76313f92b97d1702edfabcb44ba73a39738
5022 3 36449 74b95d374ccf7e0334cff5b5c8358b59bc3771f21bd372bf49465897e4fda290
5023 8 37120 844351c715b662dad30ab1e0706a1c9492a9a6e3b79cc576eb91c09c701cdf77
5024 5 37422 370a69189434204baa156fb6da5c1998766f69b967c2f28e3077a7ae1f92a95d
5025 2 37901 f5b2e3ef933f42d03942c8801386bdec575934bfbc8c86266f555b0adbf6020b
5026 2 38365 d42e84c64a99f136e6bef3df3dc223f388fdb2ae1112baf2a615840e12a21608
5027 2 38365 e7035a5153172f38ca5bb2b5555013d2089f66bf9ea17e214dacdd9610440f30
5028 4 2503 9fb4700d3dd3b232f4a7b4dad6b4f3fd1e7ebbfb19320974fbda49f95080d56d
5029 5 3455 1f77a55af1f5b03bfa69f690339e5254191c6ed7ea7fa5f6f4f5fa29fd989b18
5030 2 4645 b70aea8e93c6e722945a0f3ae530a65cd541ee89cfa7c22f7b2070c95493ef7d
5031 2 4645 ee53d9e0f261ac47fefcceda7bfe0914cfeb0d07e3c23da650b0843098b7b545
5032 8 5313 93a1d391178419b02e609eb00b89c4ef566f918d06bb5e6c3fe17d663a724edc
5033 7 5511 42d7143b1a9acdfae7dd0cb1c704d9c3b7f48e8f0af6789ce307f82ad93561ff
5034 7 6461 4fc70d8a401a6fd868cada00c7d5f42b041f0fda85c4a7cb588cc1fbd705ae1d
5035 2 6674 74733a91659010c96bcd6638be428f3152ddadfcb18a542e286cfba0a83ccfc3
5036 3 6473 959c7f37fcf051e980583847f9f60b0bbbeacabc426fc2aee3bf0573ec60933b
5037 7 6461 d08b481a72b8cea613eec4521b2e5363d58ab69625ef80a6d9660a57d156fd60
5038 3 6710 fb7ca56c27e2aab303e2cb507dd6a4d31fe3183bf78d678bf42538013f2366dc
5039 3 6464 03b3a22fccc04761fab90c7b7e411097f4ed70a5e368ccb3e80e512d7cd94b93
5040 2 6512 b970a83869a48413e3d31a0b01da75a9bbf5d7b280723bbe6a5152a250c0bc8d
5041 3 6809 cd0b1d19eec139cb9ec3f90784ebed316589d451db2afb0cb1bfc4be74be3b84
5042 5 7762 c6708a53514e45539927782924654d520f3e4af7c98b8588e2cd6089edd6a474
5043 4 7771 64c0436eb98bb3fe35725bd410dbad6e0078c2605edcb77720e1ef6eba8c4afb
5044 9 7582 edc87b37e5dad41af332b53f3f7095171b11c2026b277ffa65f50cb4be178036
5045 8 7631 facd994ec261412ce190e3de33809c7d2e486f0621be9c815438a1f5eaa70992
5046 2 8881 18c364d620d16aaae64b78413f7ae8c12e7c1efc883afacf942fbf199bc60a4d
5047 6 9651 ca89bb38c5629e8774c3fb3453da34537d5e6aa00276b60ee70e57d8ce39b657
5048 5 10296 91a915d16c1db8a3f2363b5de16fa18e0e81f26c79f451c1859525c935820325
5049 2 9641 09d4a0f1bad47aed1307a93718b209df1e4c502dd39542d691a56424369e00c0
5050 2 9854 c76bd2366752d86454820620da3eaa5d9cf6715930fe342cae3ab482ca141882
5051 2 9641 c4be4b452242a144f5002289fda379f5391400b74e0b0e9fda511a1c2b393efd
5052 6 10594 7b77b452c9e55e32ae926a5fd92913e287c20452179c67be0dd92058aa7b500d
5053 7 11869 dffa634b40d05d85a7f87d54f34cb46ddb1ae57c9975225aa1d34b7ae422b7f0
5054 6 11916 fd3fe4ddb77663da9646dc8e88f44e605fe66c4ae49eaed4e12b208d40b4930b
5055 4 12395 2be6d0376c2d757eb01ebb553b882db78ab2c4aa6351086c1d324f26ca40678c
5056 2 12859 1d5b4f44630eb8f20ab09c14c193f15689ba571998994527cff0c9c7633fd6f2
5057 2 12861 c79d84e915472f3e10946cbc84e1b71f035e06648edc96f348294dd6ac8bd016
5058 5 13811 7995086ef1efe5422127125b8ac1cb13b6763b9b5b52c0ca02dd91a20a2675e9
5059 8 15666 8e80c1b3128519bd49c595683d432e96db040379f2f75c09c1c456d48a9bfe84
5060 2 16144 55df4abda6a8cbfa518f9980a46a77ab61c137d7632bac2b54420ddcc0d2d3c1
5061 6 16609 bba5d65b7f0d2ed2d1f54f66b0553e6d4bd0f93bc193e47a15809b539ec07f1a
5062 5 16656 4ebd80239a5739dc0ec5a8c6b6b096294eedf67624f7c70c701be66a48ff82f8
5063 6 17135 bb29f64b8489de035e9e6b39183d3a0b57c352556f88558a8a4c0073e7ac6ff9
5064 4 17599 f6f510c6a4d559256c19a439684100ee796ba7d36ff5f25ab36e82bad96a5acd
5065 3 17648 d15d59a20dbc35699f20325621dd860bce3c72be18f4d2a2c8693cea3d09e70d
5066 2 18951 787904a3ebc89ebc164ad454499acedad349f85b2fbe90adf0189be564bb80bc
5067 2 18877 922acde57212ae1cc9ed8dc1f51c7140e7d04407fb36d8f03bacf332f009bdf7
5068 2 18877 35c283d3cd211e513a7b661fdbcec554f157ce1a9172a2595dd2d52e94acca95
5069 2 19466 18612cb03ac1141ec78d6ebcd08473dd4c63762d92a5c37fe585a9e7a316066e
5070 10 18918 2dd972a9612f209e27bebbff6be3db2feb093ddbb1f28f82dd46b4b2ee28e7c1
5071 9 18965 d8b1b85d846c684618cd2beb2faddce0b8c5d8d29e644b9d78f80b977b5f5032
5072 6 19677 b1ecbd735109a106e9569a6bf7696f5ca6e17abc5215b0c251b650fa25d4c830
5073 6 18946 0aabcf1dd7b7e32ff00a76873a8d73984160c88c1f054410431227d13806a972
5074 2 21074 dccbcd9016d6de19b99171f3aff15de89b6cf19cd33f75336322db953d3c45b1
5075 2 21288 6069d7c7e1bcd64557934d9bde8a11788220010e3f407e4b4297eb2d34fe6945
5076 2 21075 a8947069719af56d7dcb420e08c4b786331ea759a770f11c478867e89fe2a6ee
5077 4 22028 c364bd01667952e2faefafbd8c844760d45eee5f0a1b967cc581973f4d68fbdb
5078 3 22507 17928e0f43fd02f98b85ee71198af20e969d1c6d839dd51667dd7e8d471b5163
5079 7 22808 a317deb022a9f6cc19ce97b6e78b4656ffaf029fc97a5f86e69d39d0f8379046
5080 5 22820 3ab65fc82857fc334383d986d210fbd0428ecf8f503ca33c2c9beaa5be83778c
5081 6 22856 2de0a78f2e64d51872252a127e3a7d1fa243c4e14283f8aed9ff41cb4c44697b
5082 5 22905 4c4e0b9b2f7feed4aca5c4f9322f2d5bd81e3c631bdd96df988875232af05864
5083 3 24155 3a07c6593f965291c4146c332c7cd965b8f467c00bc223fb648e5efa47440933
5084 3 24639 16cb5240c7a155fffcbfc9bc82f209a9a60307cf833034ee2514efab7661ae12
5085 8 25873 da588367b7647fc3961693b2fe52a4e2266d0cfa108dd4447d1d81cfe31a209e
5086 3 27122 795525c92c19cdd36cab883744e07471fb6078e661e16cc7c09c05a7db07e813
5087 2 27171 526061a4433d0fc08af49b675b7d212366125647621c8b55fdd3b3dca2f17da1
5088 5 27941 8a92481b979f26a2426f234494bab9bf50744c997dca7f45c4e0d516a10891ca
5089 3 28451 63a175a322f90b7e3e577de14bb83d90a1876f5099939cd4508f34ff941f9b7d
5090 3 27932 056407a8dce47f1fc9a08c987235338e71788b068354379bf12c693bed36eaa2
5091 3 27933 6b8bcdf4df2e80b9dd4ea1e3bc5d55aeee20621a2c05cef4400103fb759d1c91
5092 6 27663 54bfda9971683a05180048a420b3f46f0c0defb47be96ef2b70322b330b2bfd1
5093 5 27710 49f67da77968c7b4121aa300bc0d73a4e2376ee1e0ddfd79fcef153946ad2859
5094 4 27759 12d8cb47c4e8499093d7909164a19be57b6a90b8cba5c0e48c2645cdccc12ebc
5095 3 27772 0f9fdbe76e5b316aa804b412f1c723b41785b0660e300b010c40316b01046979
5096 2 27738 13ec21481cb8153fb04f106a49f46a8f0dd6821d6f5e768fdb593fdd5a317838
5097 8 27900 89207c88ad2091e84c8691360d6574c523d529ccf711b228f12e07bc7ab7d27a
5098 6 28853 02305820055558b2bc90de48aeee0b6d1ba14e1588aa2473ef91dcfb13719410
5099 5 28900 df988d89afa020ccae959c00115e6b481dab4d04969a105d50f24d75f81ed890
5100 4 28949 8348de33577b7b8650739fff9641f1490ffac6579c81f327295d0e30fd9e8bb4
5101 3 28998 061233875a68e88ebab9e11d6833922ba97e7f6ebed5c29700dd8b6cf799b23d
5102 2 29047 174d280f66913e9294971d68e449755cee7fdf99a7e7a265d007b65a5713441d
5103 2 29260 b741e0fa730628f2a486fcb3cd193adda0e4c2fe2b2723f75165276970e70f38
5104 6 28759 51cf8f3e0374da0a259436e3d07d1d359a76f55892002b7efde3117051cc5847
5105 3 32409 bc452839e2e40b9f92a858784aaba4b58fcf5c4bbfb25c908b1a11ee175cf6db
5106 3 33363 458e33fe8fc227c0e0c4f29440ca5649ccc3637b231a05a4db2e4914cc0891ff
5107 2 33410 7a2fa43913e0d6aa3f1ce5fba44964e9361edd153891ee220b5fafe8f39065c1
5108 2 33697 3b6f6c4582749390416149f8f6902036a88f2dfbd51e8473d887b44e8c62fbed
5109 2 33697 4622c011989b7b49f80379bbcdda041390fd577c0538e0d15b342a34353ea433
5110 2 33496 69e24baf9c64750b9a756453fcaa3a25e27cbf29b13b1f621dd465bfdb945699
5111 2 33494 b1e338aea42cd98bfa5c65d33d273aa66d7530d6c9900cd87635195ae5098d35
5112 9 33059 19c4e1c0be18ffcb95ffbae5d555c33c883d775409a3cb129072ae7fc5ececd7
5113 6 36709 98c310b421fb1fe732067cfc55fd65f7cda6fc721dded467f3e7e1074daa0d6e
5114 5 36757 f2ef487e2c34e20c017f333e4ef68862a7016b897328bf0bd9ed1cef68199afd
5115 3 37701 6eb575c5aec46b3eeec4ff56ab19dec1f501271377257b2971ad2b700d6c84bf
5116 2 38064 ac21393e5dcaa1aaecfbf403dcc1d59ac9562dd5fa2b71fc92a655090dfc50ca
5117 2 38063 9b6a797bb1ee39c754a01a632c7d4810be68ed1c09c68a26f18fd1b2b8df63e5
5118 2 37989 70db64e8183708106036a38bb16792eae51fde4ab2207f409a0f703cc6e234d3
5119 2 38077 c9eaea1b047f6a6094dac6bcd002a880df0acf4a99b42c8d98afbd3c36aceacd
5120 3 36660 3fec6607e3f9521ba0d98a564e5946311c84f525d7450130b9230ea5a0c1b739
5121 2 37613 57e76cb72fd4246d1907154b43ea84db1901d515714eaa7969bfa2acdabc64a2
5122 6 36924 5799c4ce2e830422c96bbe04b31eb36c18f4530ed396df787b15c2fcc20c72c8
5123 5 36971 607db3e8fa43a80e69351477f9b0d4fee48ec4d1e3d374c21babed215db37881
5124 2 2503 384597becd6712177ffe97869d655f354e5d68517ce2f975a6aff7c2929875ad
5125 5 3455 2b8a85adf2e7bcbb2150188163418e60f117b0ff2f62878ee3eda9e93afd4574
5126 3 3465 03fe0b02f2259ca73437c17acd0cd1268e8fb3a018b57187f094f33e65eb8a5a
5127 2 3944 a118d27b4069e4b3a3bb398d0831d98d66ec06fb22c898633fe8e0edbef050bf
5128 2 4406 0d2bb9a2c42f519d0d53bdb54fe1f0db0bdc563702099afe33a9cc950c28c397
5129 2 4394 d5cca334b25a37b3cd08eb5a1020ca6fa7369c109f30c750f64c4d2ee6f0abf4
5130 2 3937 2b500349fb79745111f914fabf110055e6616eb911adeaad611cac162491ac3b
5131 2 4631 0bfd95dd03e1d586a11a6c25da43186de7f2b8e8d03e647d09656b3bb2a22779
5132 2 4631 df0a40ae1820f952eb2b805714ac9aad9f308946463209de0c11e269a42eeecc
5133 7 5583 a9ff8e692a5080446b2ac610523477602aabf3b3298b6d4d16ffd49276467f64
5134 2 5502 bd588e7637e0a58963424e2e1a0f8527789acff290e9fa8af8c49ef92ef3abb0
5135 4 6454 3b8e766774bda27afb259f53cbafd3f1e4e1db5e3139402570e0eb359245cada
5136 4 6932 e7c87e6985f06c39d9746c515cfb6d3b90f779c911e0d8512a3aad99297fd201
5137 2 7416 6ce661013b7f2f18086732797a8c4c68cdb3a00a8fad33c8627fa1224cdf455e
5138 6 9710 a242b9cc5f2996df3cc51c8a36cd94f95b62080b261ad3151c700423ab62b520
5139 5 10576 500bd99f207a0e19702f85cdef30b95d5f20b1f0d9986423be835bc77c2826ae
5140 5 11221 cc8ac0ef49f51ffe42d28b1bc7ec5aa89c1cde61dec64d7ca24a8be5e1bb4e92
5141 2 10562 ae4bc0ef40f11989edad4fb71dda69dbb2a73fad628db8d0ed601e8de6b97bbf
5142 4 11515 47a8f999dff47fbd544387be597cdb8572958b9ddeb005991d0b40b1b43bf892
5143 2 13699 06cb6d8cb9093cae5914b165f011aabe18c091830b3422a586a90052dc571807
5144 5 13839 7fc8e135aba7ec8be088d2417f097c1f7fa79a4f975c7826a42776af466cb4ce
5145 2 14995 74409788f8467089968a23e1b9dc05558569ac04757a786040b066a555db0774
5146 2 15117 f84cf829c036c965310c0e277216077a9c1db0f0b7adea3e08f5a38b5c9b875a
5147 2 15043 7c110fb2cd6f62368e2e731384b8625ae5007205220a45ca6c1b47f258d1df72
5148 6 14587 51cc0de3312a64608c59fd40049d9b1ad50d8fea1f5d09bbe005ab345c7561d5
5149 5 14634 8cfaf4857aa991508c1b439ff498c69fdc6b67538a3964cc0a0b17139c601d28
5150 5 15579 eb3688d720551489ffc12cda573139b55101da43c2c33e632b091e33c00d2604
5151 3 16089 de1fd859c831547e42555658a3c6d2e7b116be0b689c09be525bbbbc465fcbac
5152 2 16230 44e7648f3625adbee786adf0150e9869801c1f1e621249dcd15f827048da6095
5153 5 15540 8ab2b79c7d0731cfdf0e3837934f257d76d12bf65c79451c448b870116311843
5154 3 15937 7649537a8bddc406c49e221387e39dfa4b2720b11a59893d51c1e1d08dddb157
5155 2 16379 ec797c9ba49482e060f233ce07b4a2fa3a94e3273ace31acb9917ad4834322e5
5156 2 16792 b5b4c6c5725ae067c4ca9b6e341dccd3d7382422b52a6e036931113d78ba2110
5157 2 17391 157c459c0be3f7ec9f5e2f4983c2b053d5682e053c04f2bd76d716052eceea5e
5158 5 16868 2ea5e968194c40f7d04429b3e5aa48a5b6159b201027aec03258131974794225
5159 2 17347 48184662bd44a94eee324f313a2324f6e57fb2fcfe24b2402f7f29b2e7881c36
5160 6 17616 6181c964c2807badec8634ce2f7b573405b2dfee232b69de85499d2a2b5ca3fe
5161 2 18095 c2018005b7943f15af03f7e2e1b2f7e9fbbb847438d56eabaab826477af6d59a
5162 5 18558 92e74d561ecb3964288eca45e1e55f1a9a2c9d2deb977bfb68e5bddfba33c5c3
5163 2 18100 38ea9e3e7c793bc8766c6827e29c0f705d02b8f17389f54fbdb66917e2676a54
5164 2 18144 aef78204946b9b64053ed10e1f58d012bd253c214d5edeb33cd35ea6025925e2
5165 2 18542 1b68733ec02c1ced631b2b36e19b0e28aea072603144899d3b4d1d29c792ec25
5166 3 19495 7ff37809fd2666b7d5dbfc8024483cf414d03ccfd171bd6b94f9355b838c7434
5167 2 19507 8382d6eaa90b0095c11dcc358cf4ce0a413b9107a1b7e17c0f9562b381918a2d
5168 5 19940 d549d902ed80e8d36d810cbf2977dc63659f58fff98803c2962b48063aed1dc2
5169 2 20884 3f3755a2b8f823e4a0aa11310b669703da332f55c8d83d2ad0de9aaa25b00306
5170 3 21834 89390ae75e4e51c6c480feb8c2e6d348daa516dc5d4925c4ea6dea7ade189068
5171 5 22682 2654adfad55c83d0c171d3a316b99e817303651b7a177c6552a9585f5ddbe8ff
5172 3 22694 1b3bdd4b6abef5bddd8eb9f0e62929d3cf1b04197f8cb460eb0cdd78f8b5d251
5173 4 22730 111147d7c29e65b29ccbf1b5b903b48371bad30333d443992bd570c06e08f08a
5174 3 22779 979130943ebbe64651682cfff5ec65bec2d3ac9143a6fefd8249e259fa646e3d
5175 8 22871 8c7d51b663fade40212515a3154abd7ccbc1dcc17b755ac081f02e65a352db11
5176 7 22921 abba109c94a21b3ed879b5ba1451ef3e135d8d764d611ab4b5b708859ee7e7e9
5177 5 23865 ffec108afb55bc59c1d807d51ebcb6a25b5fbf7ad497c1c4d50d9c55be202242
5178 2 24151 b6a8227e8c4f3f08ac323e4c643609f44da1d10e6dbe08eab330ff03198ebe88
5179 2 24151 6f5fc5c2ca8717617c0e156ae3800846d2f2f9c0e1fa208e4e8e6e8744e854cf
5180 2 23864 9aca6ad6efae9ea1b59717aca0ceac41364e45121474ed20bb49aaa5cf9894ec
5181 7 23795 b7798a4f4604b0947185c83ae66456e8f4716c47da0d7ec093f6aaf4c5719777
5182 2 24739 fa9358a1c18123ba3637a2319b173f75a899a7aa23bcebb48fd3cabbed4c3c64
5183 3 25692 519ae1bc3d3a4bc5c2b32b8141e684cf28320c3dc4a001fc292c04c1f826afd3
5184 2 25704 7659e5cecb9d7c0e416b21ab693c91f2ce8ac217e6c7ecaa328f1d11278ef4d8
5185 8 25969 a140d0a2d15870cd3bda7bc8a5f70855e98d051068ff618660fb4e93d2b972a5
5186 8 26922 6e1190a0fc32a72d22c115b841ebb2199c919b89cc019c5b3e2729ff45c652dc
5187 7 26971 eed22e972e1a72ca9b61fcd30e5d9840897265568716f3759c306f3619db98fd
5188 2 28223 c61cc2f6f41754a26976ecb48e56ffb57ab8ad12ecc91094552dab46fea51d04
5189 5 27915 983d9695cea75b360ec41917bba362155a77bc4957dbba2bc4ecd1b2f332132c
5190 2 31712 168836bcbec676f318a1b45f4cba8d2a9ac1ee30e6163863c64f74db01f1f760
5191 2 32296 119738cfa60921c54c20703f38fb040b69e9194da21c00a9db23e1bbf9b0a752
5192 2 32222 c450ffbfdf3ae4f0071cb48c47e94a183d120c477ad9057e2c647a032b25a89a
5193 2 32148 7098bef1906960a1c4b298250362aaadf3e0f3cf0bc750011e6ec5b6dd3e188a
5194 2 32147 2b8e8907bf4935bde41bbc9014ce7649a501c850b05726c1053c0d470159a8b6
5195 2 32147 2af192b8389bdab1dc33cd27d0b37cd40f753d4cba91d36146179301ba340d73
5196 2 32148 406a0d311d3de1f2b95ccebee8fa71c5e53ef1b090c44acd2e607437de913992
5197 2 32018 0f628e2189dde30deffddf51f54ebe7d171eeba80daf7996b0cc687a19311106
5198 8 30946 d31743c530555b8b2a2e15a7d46105a97071c0e4008ba2d2aa342f66a69d316a
5199 6 31891 d3bb1f34fb84b27e925a9063c07eb206290030e757b32b7f66e168780b727bf2
5200 5 31938 7c340a9e263eb24458fa02c9ff95b7631f5e104fbb5abcd5d6b7d449bf3fa45d
5201 2 32380 42fde5c8ea237c6c6dcda0e95fc7a1c6f1b09334af546a06fda504e450be478b
5202 4 32951 02ae65d72ac813ff3dfcd128dcdb07bff48bedd368210f27b474afa15e108645
5203 3 33000 db361fed7ff3d3ac7ad9fc081686cd14189b510bef05192f306aa3b17e2a1686
5204 2 32661 9b45e07fbec113add7607d859d9b7f19ac7017a7a3a8b853f9507447a815ab57
5205 2 32993 4ee6fc2d8b1c46bb3774b0a0b57ffc57a840822212913d840dc508ce5b8b772d
5206 3 33946 4f88add0505b1e693edc52521d42f81dba2993aa3cd40aa5e62341bcc6c7a285
5207 8 34428 fc777a04be145f814a003b1634e7cb42dc1554c800be7767b61c04898bb93049
5208 7 34042 98fd33fe5ec003d345e09e3ca119d422cdbd85d978d3216d0fbb61c4bd8d2d1b
5209 5 34984 47abb293f9b8c28721bf6f4098b4c499e9560885d1ae7c0c6f912e6b97bd4994
5210 4 35031 b4966edc306b10485290b118e3bd3f7c1efbc341e9d69d8cfa3662526e512cfd
5211 2 39634 50a2546524f7887ad4d38b219526044f0bb0880870af74518b4dd948228bf9bf
5212 2 39560 d0fc57d2997f907bd7989ff797d277e8a998cbe583287ae334350309d482043d
5213 2 39486 b7a6893dd1e026ce083669ea1dbb41db23742cb2dda55557e592f58e8e3fefda
5214 2 39485 5e116cea94fe8a69a09db4ffe9e1cfcdaf1f4c313640e440c7d699b92a1d37f8
5215 2 39411 47d45b847fd68ebeb0b018a9cbc885938468401824f1f81162fe26b3367c2a62
5216 2 39411 1e96fc789a9662d271a3b5e83ace2acd0282856d3114e29208bbc764f405b49a
5217 2 39337 ad1f46116a849e595e2e69639235dc25be1d8f87211e94f86713e5b80a5cedad
5218 2 39338 af97b6da8278ab6007244bab15cbcdbcfb9365e1a550b0fc8133816eeb991412
5219 6 37975 212fcc384d858f8f3007473bfb87959e466e5746ff2059154d620c68f23d984e
5220 3 2501 60d121d1d3ef587c022d9297ca95577a9de7585fa71657eae3691227f3b745d2
5221 4 3453 547c7f8aaec64c1711c1f9924ec14fe3b2e7783bcd7e07d8667557325847e73f
5222 2 3932 552874ac62acbdcebfdd763147e07de28905704d40a90e092a582a696e2ed802
5223 4 4643 1be5b6c34b45b381d7d6b452a7bbd86f65bbbf5987e0e06f1b61c8b070485bf0
5224 6 5595 984818887be128469d8138196bbf642b5dd6df0999fc0cc8ba0ddf61cbc046f3
5225 2 6539 1aae938ebc69250567e13e9c85686170316dfbdd2ca351273603192a7e498f47
5226 6 7250 b451be77e4d978d742192d88648d84ac57a0bb067be92fc3e86eb5c98861da54
5227 5 7568 22afaa25a33bafbb131977af82a99458acabe4b753261e3b94c18ab9aa1748cb
5228 2 8510 cd7f182c96045ef884a44bb4d7816eb288e957bb69e1467639ae1981e4a416a3
5229 3 9460 4116d230217e339870cbcb2f58f13cd76b59d9102f2c633c35f579de53422181
5230 2 9507 457f8c8d1907909fe7037f8e11b69d13e84201e663bfb3ca62c1af7eb9e5bb08
5231 8 9703 549b3b22885e394180300c4c4c724f9fd931be41c2d8fe8349f960624cc7b49e
5232 2 10182 128c818ff6dbbb5991f70fb0c0058dca69f95f999157057af0eb05a7122d7d08
5233 3 10646 9b5b18b8acd84c314b5b93e67943b4bcdfb5e22f79147ccb43699cfcff97df1d
5234 2 10658 15b1dba9dc0681774436c4c038405ca0626c8ed9b92129e380a282cd3a6a37f7
5235 3 10646 d4cced79579a8e524934ceca3e967a27c7797c83db62826540ba2a71fe501ae8
5236 7 11599 9796cf7e07e53d0e2c06131a411f964bb9bfa06c883b5726ad79eee48c7caa01
5237 3 12543 edf8851caae97a4612d0743fae6443267c3babbf078d67ef6adcb93429cac842
5238 4 13120 c3e270a64fc30245ef6a15a4fd1921a4abb5d53b873c556c395a2fc876d4bf39
5239 2 13546 9c058e10f42ec662f435ad4f6e5e6683983e2cfafea0befb605b6d87eae6b878
5240 2 13088 e6daead15ffe2ff014de08228f41cd56d6595256a0689a276ac6e6d64a14e4cb
5241 2 13128 cf66d52b7b87ea0fb0946d1cdd556a75c298c2dfbf6823d9fea057d0fe8a0c26
5242 8 13642 5abd67fddb639429bc0e3b124a468a47c81a595ebcf94f16a3bb4727d06c0ef8
5243 8 14595 44f9d4fe363f4314983dec067a9ffd45148b27b7b398115fc60ee9fdb62126f5
5244 5 14607 b4cd5baeefcde465be00c1c23be845c5b5d8e7145595cd8ea44fd266464b74d4
5245 7 14643 79429b6ff7ca8a2e939236764010e31ae75556e0a8b3d69acd1d29e4bee0ad0a
5246 6 18151 357da55a6387215f64243d5ce7a61a794bc5c0e8b27bb17584b6ad7612c56f94
5247 6 19135 00b265536446b567a1d5859465933c506730286786e46fcfe5926b4d29ff85ba
5248 5 19134 794510f71288e08480fdc5088538acf93545307cea6c9b977a325b3c996e6f0c
5249 3 21136 f71e9d958ccff7c7a0d7bd4365729451f36829e0c023957d288b01558f1b5d24
5250 3 21137 0e202b4052612d26b9fb3fca887e32d20d9c891624f56e4d839e4ceba306b452
5251 4 22090 226b520dee9e1450e12f50c557e2865f0058cee1d930dbdcf77af5f668c7afaf
5252 2 23034 3a025e4354999566cd8ed1f263d69ac82c0ea4a7b9db7c0ad46ed9f97c943872
5253 10 23209 d35f17424e91b440cc5210eda9e35553e4887cf277ef9d5904289430b75100fc
5254 2 23351 4adc472358aaca85f9ae1a18ce9576f4ab57079140ca8eed6b5a608bdf5e1510
5255 2 23793 dab250cb52f14694ca593c65be283c47eee4c87949622d94bf4a65eda3c09135
5256 4 24924 389cb41ed2c62982358deedf3d06f144c537ce7dcf0d3011ca2dbec0beca5918
5257 2 24275 b2140ce325e868515ae1325aecbff667ddb9dbab37928665898eb2c6b472394d
5258 2 27404 4892251e2a6eee0923f63569041eefce3869a61391256c119e318ca9203e32cb
5259 2 27404 f5c1dcfaf43d3fb77d4d1c43092bc504fb49624a92cb58b8aa972168f9c7392e
5260 5 27220 dd003b14c233d145b2e9152bc8bf3e97c220fbb9bf68d905ac8e44271554f979
5261 4 27267 77a05fc96cf55d6f987abe4b60b137116217fa6406e5819411dd98cb8a474268
5262 4 28212 b827f76e36ae66e0ad3a37fcc2c7eec03bba05fa349806041ebc4e21ba260c9d
5263 2 28425 559d625467f555236afde6c42b105f68d5a55a759ada4cb96225c80229fc5910
5264 4 28298 ff15a7dd30692bc7f8fbe5c01d963a5e31a48b179dd5cbac360c04880a23ab7e
5265 4 28296 2da727611f91db6ed0cf37e5db3303ab2cc6280af9b4602765717230ea107832
5266 2 28738 e39496d67203796a748235d9e2b96af11ebe31e499cdb5cc10e428f9ad934bc5
5267 2 29237 1ce1505de1ea86f54d3e025bfef135c2510002dd5bae5aa109136aee078203f2
5268 2 29227 9a8c61beeae7f85ace947fc11e4ee3aaab79277a53d9fbc0d970afe94b4c1897
5269 10 29338 0b30087b843312ba1d6a5e9710896b24b479a27419f893b72b78471fce5cd386
5270 2 29817 d311864a55606027caa4827fd66a0aefd0d6452b8de332a9886199bfffc8ac94
5271 8 30281 92d4b110e4b47e2543a4d5825c58baea90744cff93d3dbcd3c1447dc6ff1c9dd
5272 3 30405 43cdc8fd3b885d6d81d413e42b296610de01c6e9a997abfbca00a7444eb6054c
5273 3 31270 ecb3be55f81f029d32898e430280f4fc3e53c1f1630ab30ff613005f57ef46a5
5274 2 30616 753361b75cb3caf0927b52233fea082a7240f9ddc69c376ce301544649a6fb74
5275 4 30912 f5db81eaecd4992318818663b344738474f49ef8d20b21cba2504df7682116e9
5276 2 31657 9b26f8d7cf348fa6dfe2260a811b41fe6bea233c2da4e30efe67b2bfb7e09721
5277 9 33071 29b88b4f87ac68ed967a35784cfe9200194b7de7b534fdcf2bdb4c8962495619
5278 8 33118 c6afd26a3578190a4cf0d8f6bb8680dd079e91eac01562c22cee2afbabfc0082
5279 5 36478 7579d8350c64496d37cc331ececc71dd6a671e678500cffa41698f05a1e5f0ac
5280 4 36527 43860423ca135a99b54f11e55531f1f3966f14990d3b4617c7957713aa0a4119
5281 5 36526 15a1cbcac2e96bdd750044f03aca3faefab514cb1a52a497d7cd2d92656dbbdf
5282 3 37005 3cc5506f0d8a5bc258ba14c8e642906885e2cf45923cf5976cffcca88b0fcd77
5283 2 37469 eac8d64b8ae9e424556e78eda581888dfd38fdb074ad753df4115f9374368d3f
5284 2 37683 b3ce24a6ee7fad1e7cba76f760e4c7cfd53df6080e54e27e62e5beee72c3bcf8
5285 2 37481 e368c9e219c23736ad0e473a381b20f3f272e5e9cee11c8ffdff8a4d17be170d
5286 2 37469 5d6f468143ca84c558a189079d2eaeb3f3616ee7b47ec7d85743545f0c88db36
5287 11 37536 ef0920d41c1270e733212a6ebe5ec7a2720bb0d523f1ed8759a0b54f9c34af44
5288 11 38489 2b9b7806354bfef2abd1f5cc05ef04c37a598bf843cb24110a04c752e5d5c1db
5289 10 38539 6f71d3b31fc2da66e4b9c5aa973a03cb8ab3ea293bcd7aa7562f1baa0ad8a388
5290 2 37891 ed427f89cec01c0c3437ca2e60654cdd52d993a6fff222bd53054f63df6d511b
5291 4 38662 41e4834247182caede8614bb8973482b734817a5d1282c872a073d345efdcee9
5292 4 38013 a0cd814b6d23548921111cff3bdcf8f150799e92f4942431eed1d595d241db46
5293 2 38460 6abbc9efec53ee6f40d2f2e7945f3e1951c3fa1452fc79017eae42414dd5b477
5294 2 38790 9b7da1f0def1ec05a91c96b388f20374b023ddc665dcb09da4a23ef459f67e9c
5295 3 39269 912cd1ea84b18be77bd71944d8f9137ac7f9da626caa4eb245f706d68b5697db
5296 2 39232 297759132f27cccf91bc0e73e00e2f242ee3be6679c9a54b5814f54799451f83
5297 2 39945 1e99369112992415f782c0615ecb26c841cf561426cc65e97be14c21c3a4e71d
5298 5 39202 4b9358edb9c151d3ef4c5f5ccb3d07d129872efc78014c81b5091812a4660aad
5299 4 39249 75f9adcc386d77062d65e55ecf6517f4ebe2ab920ba1cc473a2327898978aeac
5300 3 39298 1e4bc8a0a80ea1d1f3ca03e6d5ac162b1d21d7948f17501c605cc4c7ffcf0b4d
5301 9 39134 5a0996ddf7d94cb9c2e8df3395d53c528e17d9a34d9778a1bd8d171ad61d70c8
5302 9 40087 e6cfe7ef0f97219fc717dfa21f3c39361b5b3a40cf1b0e1e463f8ecc5e271999
5303 2 40300 29b8f9d606ecf9e25e84748aca4d70dd1e3c3a9020bcfdf37989b39c8159e8b3
5304 6 40099 a9032ce7cbae2f50b8610da884f453f3da1e1f992c3d5c7a398a1d9ab8fa4bd9
5305 8 40136 5f12151890f3b9301c4a235f78104ff53d12360bb34bfeb001ffd8fcc1ccb22e
5306 3 41388 698d2258a1a770744d193216ca6f3b91c0212a27183522a8106093bb90a005a4
5307 5 41080 5d2622b12dde463f1ae8a9dc412b87550d80c0faef92f7c89d4947a154328405
5308 3 42334 f870b0376acfdca56d97ccb4509febdfb3207aa9e95fb02dd457a242c083cc2b
5309 4 42026 eb18999cec1da612bea7811bd2fef727cb7cd8245d284d75e44bca4f91c077f9
5310 3 42074 dc99fe51e657f2f1025338b500306081593ac78bb85caa6005c4e84715dde7ed
5311 5 42389 e2c3b0f9d57e832faa29ddfea40b050d9191a5336e05be1bec2daf1c85999448
5312 4 42439 5813a0c04fcef22c0a61fc864ae81fdf38cbd927ccc3101b1e212355d6bdea5c
5313 4 43318 78fe1a64c5cf877fb5ce70c8bd9081f9ffbf47298096c602940126c6d8c12381
5314 2 43750 f92350fc1004a6780f443b4fa1349fe8d05dae7e4dd877dab6c6c5e9ee2440ea
5315 2 43959 ca419220563e9fe1c3fde89dc65404c7d6c328d0a768d945b22ad49aabf7ca68
5316 4 2502 f0b1d81c227d8b3fbc9b0af30647565068e09c6b83f2755dd68bb0d9b10497fc
5317 3 3454 53d0fbbec12037eae7882e9b26d1b4aad163a974c9b8ee212fc9afdb341dc932
5318 4 5681 d23fca87b3dcd9f766b99ef764ae60626a366667337230479016c7df7c9a306b
5319 3 6633 7936bfa09d464daab893a511f5250ba7ca5527b34b5cd7a8f417cdba7668af76
5320 2 6680 f1198e1542e28a038a7a5e388a6dd10db3bc7a9aa1080bfd626805e0c41ff5ff
5321 6 6552 dceaa6a7b7b3eef34d24fe5f1ace8c2f49e8afe3ddfca6ca394d1d12966bcb62
5322 5 6600 08d0ca4c7f486e453637c0e218ac4511d55b0242a60588923f1e9d55942c5db7
5323 8 7553 e27583b9055a479492faa56df502e998015492a7023dd0c99b98a6fca2b85bb0
5324 2 8497 691b16b4d5de53975024c1c7aff016472d6792696114823209b919e2118923f2
5325 3 8972 359fbb28634f4696537da5191a7b239b240382e70af850b363246d58df973ea7
5326 2 9089 bd9ef9d87ea718727a75e3038452b6a61110ac1262feb4c560c44d585829f030
5327 6 9794 cff98b224abfa46a54b55f450eee0053221e42423c58ee1948566de918609a17
5328 10 10747 84a67e0df89135724cc04df29c85364d72ea87b1a345279f6a99540247a22931
5329 9 10794 4466410cdea552876c37377241a8e37a2d96e99ca77a6f1bc093b1a87a71c70d
5330 2 11402 54c9af4013e3c3f4db98dfb9f5b023e9a689a05857a77df8756b143f015d8f2a
5331 2 11406 3337808aec45f4b3fc3a7e5b547d29e8dbfeb57bb05f940ee0c23ac886314e01
5332 2 11270 b628878406bb75c37d08d17c699f436ae22765df4282cfa2645069b15f4f7176
5333 8 12504 24c19be1575c74b8cad324dcb04035ffde54dd17c76c6a19a2fb41769d85d92c
5334 3 12533 1f522b4a36ad82ec7c3d9f99d5a07a0a0bc4f6de46e89f2a39ef301511682841
5335 6 13486 f3deeef88deed28f3b38de1163232a1111592e2ff306e18e871d6e5e4be322fc
5336 2 13965 47ed007b49cf02cfff6964b56a05d3aa33701c7f420b20a10c977470915cfbe2
5337 2 14428 ea72438da0e422ee563c740bf622651d7d89f4a926a56c152e1c0f5964349790
5338 2 14428 a99031e95484605d0b076f7496075f67a0e63626ba5577a9ab57fa7426175657
5339 7 14930 998799c73c601daf80beff2ae091c498a577696ad0df22333ceab9c96df2dbd3
5340 6 14977 83bccc4b107304df948b115269b8826db99b612112deb73e3430aff3dc5b096d
5341 4 14978 1b8eef6fa3124b21665a639cb15c6ecb7970c498b53a4bdfcb7ffefb566776c1
5342 8 15646 3a4464be240cfa82e33691c428f401f98e607e5ae26ff41493e66af1de36e34c
5343 6 15541 c09b3dc130df40d4ed5761af55fea5a13894a202a6cdfc7c98b03a3ac8d3cb40
5344 4 16392 d2534fee9028dc9dc2c5fb6b0210532d73bd57f97cd9ded736afea4c996cd10b
5345 3 16391 80b3b717369668eb97cdb5893e2c1e6d5af6404a9b091e3a99df66ab6ede5e29
5346 2 18525 0e0a6df08fbdf2dba19ba1fc656d5574cb8e59b0cf5901108969429f663fcf6a
5347 2 18526 a9c6aca20fd904a2ac0b92a97d5ad7f69de3064449ce2de7c82568957a5eb01a
5348 2 18188 3e4689cfca13b5beb1f43352d3cbb5d0a75aa7c9075880f41964d14ad08d2694
5349 2 18192 68fefc7c2ddd727dc183ae32321a269711c5615180961f463497e6c000c33f8f
5350 2 18137 41570d64db72d5c600400697695fb3e568e94532d326e86e122041b62e1b1d3a
5351 7 20062 e8427fb255d94e1f90dab4a4a6d5cd7ecec891ca8ddd311b4cd4588872290c60
5352 2 20541 2b847f355d93023d296e07f8b1d22b46f795159292b68c6e821bf596754e6ea1
5353 3 21004 a9582d330c5f600758c9afa7197c81892a2ef71ab10015df34952463205a5b6e
5354 6 21957 7c51282bd3485bf59f230d8ecfaf45969201e7cb7e4667b082e501aee7d1f3b4
5355 5 21969 70dd842041744342f5ef77aef53876b5a42e1d8f4ab68a53b424f2936a183b4d
5356 2 22448 34e147d1e6853bdc138c4c21ae1a5f27a12eaa8d1af81f61733e0c62a6aa44cf
5357 4 22911 1fe0182df7405f91181d30af147f0fc5652ffdd73e283a7f5401d7366f600b55
5358 2 23386 ac153bf1f5509e7fbb3df79fea40d8317ea226036b99dab5a733d62696b69dcf
5359 2 23435 b014abbdd1bb99dfd49686639537950501c6957df60b1b800d2f6e225a7a08e9
5360 4 23803 41325d5be687167035fc45b98f63dbd657e363439999b4b6ae1f4c6ff4bada5a
5361 3 23850 41ba88552f2bc14c4e8ac6bac7aa5a64c51414427a642ca8901f44eee5bd0026
5362 2 24795 03543b85744207ea3c6b45e4187f7ea7780e71aef6de7b58652daed266e168b4
5363 2 25008 872e5661e9c43871c8aef6f5fe4a5a602b129a5afe51813e40f2c6f6b32eee06
5364 2 24881 e42ce3e9249a3001c88a3d326c39873c91f7ca8250748fd8dd1d591ca87d0411
5365 3 25392 6c5d4487c3978428b6084837d0736c48a619f3269587d9c3e795109133701ea4
5366 3 25948 865782ae12bafbeb33c57b3995ace7f94108cc9bdfe540aceafb661f4cb1607a
5367 4 26900 7a13b5fc1bd00a456023c0434982c88de33f6402acfe2e694f982afa44ad0e6e
5368 2 28149 f96807395e23780997d1ab253b32b013c00edd75f7cc6ee659bad8a0ff165b4b
5369 3 27695 bf1aa9c397627b99953dd9fb924b768aa1588c4603b76e9bb818d2003a2c805f
5370 4 28917 8216253fe3db2176fb1b7510198f511d01d9f5658cb5a5d9392889fd6f99b673
5371 3 28964 8159cdbe916cb230e260168100f9f995725120ee7107cba6e6c1e12591d135ce
5372 2 29443 c13b6122815814396c65138a6cb6ad3b55857c5afd8216a3a99b9a9d1d7907ec
5373 2 29907 0f17cf0bc2f2fcd595ff118157e3010187b3c34f90edefc87d0d2d472ec8030a
5374 2 29449 ea5ecbeb98b99a98892c05da2a778179893523c02bbb7953a1a125916a4d565e
5375 2 29946 95c8199151e7219a889d4fce104b4293955706a3e5096662160518f493c619c0
5376 3 30899 fe6be89fa1473eb735076cb2a73e8b7b7ce80b519536e9a44b9365d01df6ba8d
5377 2 30946 c7f6f1988e617163ab68c9a1346fa277d5f7ce8ded22b7e6ae2b0249421880a8
5378 3 31456 00854ab8c526d5a3d0c54e12e7f95a583bc75635d2f87c97aaca13140eae9a96
5379 4 30969 94aa94681fa70dd091f6088037344c434e1fd00f1fa6f6be2204b29e29d148c8
5380 2 32939 8c8d0ab3fdf69df7e8e0bd1a50f5e96b82becaa828fa6c20dc5a39175f1eb728
5381 3 33892 308baceee249daee21a7cb2392ea1f283fac96ae10e5f4f3a528d558b070ba86
5382 3 33904 2e920d1f91392c91f63f56215071e7bd42202c29bf5f1189886f262d4edfd8ce
5383 2 34142 b739d55fe7f5276a14f6647d06084d74319fc5dd0ee11324ee89d6c8ad32528d
5384 2 34142 519419bef3bead83f26377fe52d43784188b4aef7c835942e9c962a39cb4c358
5385 8 33982 1d2432cf0376dd106d50d2e05c2545eb6a48d0f41fad7eac2ecf6d4b7e5982a6
5386 7 34030 275fc81f77a62f637b78736dd74804c8d6ce70a6a08bdc3118d5a5f30569f37a
5387 2 34638 3a795518978b0618be605248ed73a1ab0d27715f5bdc6e5c2dfabc75ab1a93c3
5388 2 34971 4678cf7ae596ac05f52cf3c612cd6d59ed8f1c5ec9f5f27008b31514ecb73676
5389 3 35924 fb9ccd656003f925c8b1d01cbe5a37af3109d4fa35c244b43f0eaa850db1e826
5390 2 35973 2a435c27a66ab5bd550e2ac45de6b82b83053c481ee6e7fe4b6e19b4bba3defd
5391 2 36187 19f3db2bd9aec9585570146556eba24242e06896e9fc419d9702ec585d305c06
5392 3 36293 94b4a22ec2e8439e102eb952d8736643980056fc82c06162e8d537f8e1a935c2
5393 4 37246 a2584754c4cbbce7a1f1ea175d45009f576e3bb5ff333fc351ee3a7c7b4be838
5394 3 37294 211c91cb6972ef7ef8eb3915725afac843c02823eab9e8b18e8c73d84743261d
5395 7 36998 38bc67a30f27fff4667ffc632fea29cf0638950713520d873a61bf861f21008c
5396 6 37046 72d8374fa0f8e22845eee0f866b8d7305fa0ac8a5ee3b2a7950789f4130a0ef6
5397 5 37095 90937af3dd3f07e2cad9b7e1ed22b54c4634dd2fb890b8467916413a141d4517
5398 2 37308 552602dab3d4bc4f75afbfd0454fe2c6dcd0767e7ca79c5a8de015e49f6f7102
5399 3 37108 59ed6484e5cf61c4a6447261c7c8e0ad6233b59827a123c0642e7f8465084141
5400 3 37096 1717cfe81ccfb42ca1a04d58e3aeb6398488e727e2310bbbddf11b34c5d2472a
5401 2 37539 eee9b77c61e93a8b06c9ecd0c9d1d5d382ba14a0605d8172cff94dcb97f1fb98
5402 6 37317 078f682859d07226ed6b3e774dd273f7af0238103baded6092e241741711f7e1
5403 7 38270 318b8ce3735bf7ddfb0a4fe4629dfddcbec5e4fd1550994a6fe9cf67be7e29c8
5404 5 38915 13f345180e865c17560864d4acc3c96fd7db021bfab6d7263a69906215035df6
5405 4 38248 f443546311cadd9c680f5eafaf79f2ac67b5bf33f103a112dfa2f61328c55ab1
5406 4 38260 d0628832592f2c3e5202dee2df0e6a13aa0f50b40e940182a73a67d412c20c18
5407 2 38296 5e6e52d09ffe2544675cf3c1c463d4e2b3b186ec3ab0634a69e861bbb4d1961d
5408 3 38771 4c0bca71a61b385183f4ee9c4c35f48aa31117a5756ac1c107333f88be78473a
5409 2 38896 8c5c387b174dc1e3c4e0d98fc91e4a9009ca08e809c851786d453a2003b38ce2
5410 7 39086 4be0b7268887f77ec26221b87671fe531408df64c7a546c29cca3f539f9dbd66
5411 5 39098 15fa5bd8cecfc47afd2cbb8c709af97e93aaad33fab42e29d54302338f690f2b
5412 3 2501 4ca2e9fd3b0b5a48dd22dbab7d90b27cdf0f50726447d153c10d6d017f7fbc16
5413 3 2499 ecb497668b9d1ac9ea66eebd85d12e7e05baf01dd27a4ee81d30a9e17e2f5003
5414 5 3448 c1733f7949fcafaaaca8095dfec4eb7f5f2493fe790bb51010c09c48f8fcf330
5415 4 3495 50ea1ed331ae8d5e35aaf17ef1968d919babdef07a68aab4790dee1f02c22425
5416 4 3608 9f2e1fa993d22a4e3dd35046c4b949271cb2c7d3174dbf64f759bd7a236d3f87
5417 4 3610 a3e5a3d105d889da3134a685d6148221f03ecbf3de88cb1aa768e8d27ca162d2
5418 7 4562 0fde2ad83ea6bbfd2690754bf99d397efa48a4d9caf4c0c130df13faa31b1c5b
5419 7 5601 b7c03cc9a4547a19ddc62332ff08f9b2975425592a222dab3f1cb7013f8865d6
5420 3 6080 94f002400e369339f26c38bf2073254dd6c6e87b8d04d98009e8831b175e15a1
5421 2 6542 5bae416ca35f4990b17d9d0939e792ab49093a553e418df3bb3026c33a184499
5422 2 6542 499133163096f7f6504caca6a4de00ec50a8c7a265e84b670ba3b5643e8fb10c
5423 5 7495 239be688d0e787ce78107317bb852478a8df1c71589cdee9c49f277c7eae6445
5424 9 7662 61bdb53b66a59a43874bea6b82d809e3b2a76fb855a0658b55abef990c20cfce
5425 3 8141 ce2183debbfec56393427f1b3d70d8d51b8e1376d90f71e18261f20f4b5252ab
5426 2 7845 a4b2aa1d8d80054badfd7b7f03ea24257f1a6b2dca28f890fc89a798e66ea821
5427 3 8650 616e085d8eec94aa7f02faa7fe4b4952a070b498d56a284c23529e925a0a4538
5428 6 9600 16c6fdfa65f38df70de8406ec5f04f69722cf13d99f0bf2f8b0b3fb0799ad104
5429 2 10756 425ae26a64a60ebe718ecdb90a2e3cc6cf220521654a266d56f3d1d9143a0c32
5430 9 10679 11e99e4afb5f0e68f29365eb938194c0b1eeac9a18c07f6c60704b10376cd274
5431 5 11620 d494417409fef26972231e9091e21e68f9eae958875cd9a895cde1a78597021f
5432 2 13947 c3e8e7a31e96d54338d79664f18073804e9ab9f562afc93205af6860cf375249
5433 8 13669 b1aece8b4d652198a8ed5932b143f667b234f6019f9519f8509d11c42181f576
5434 5 14612 9de63079fa784498fcd990247dae6c6fdb6555b8ce797b2707693176b070db98
5435 2 15554 9080a882591ad543fbbdec8d36f41bea1cdff47cfcfeb478c5abe0c1caf2efa8
5436 2 15914 2da7410fe53e29ad9f3c9ea7cd29121a306d0a18a511d9694aae5fc5d3b88042
5437 2 15840 cb758c962032f9647e2f3dfd53c4e1319ea3e979d741b58fdfe79fb4e0736e3c
5438 2 15840 9767ba012871d3bb00a51c11aa7dd2fcbc5495d3849f35acee81225f29f6c0c6
5439 2 16166 91c132f6fae2105e2969aba6ce747a1440af9fa2624a4816003b85455cb0027b
5440 2 16768 537cb611ce19eed49aeefc4a26bb40792f92eda3451e5ee5fb97996bfceaa0a9
5441 4 17721 9c90f2b5e52251480843967eb3ebbb346f3eab3a0ba40e19dcb4d510235ded03
5442 3 17768 857f7ae461cb7f3de1bc43a8afbbad24bf3582776bf6b8a1cec62d6cdc722c6f
5443 9 17961 f2bea651c28dd12d544f2e5a296ac3a3213cbca6d5fe41afe4f72f962d9b5918
5444 8 18011 9fbdd2c6e1325b62fec02924fb67ee0ae3cb22a5d4997ec862f98e77edf05437
5445 2 19107 128a52789c9c7df3e4eb70971d49bb98dd68d6e15a7205604b9f2b26f8c19c27
5446 2 19575 c9e04f2de4385ff4a644a4f39ba7f6e1c79cac4b3e8bccc23e6d3a2fc3da3f2d
5447 2 20485 619bbca86bb4f860546339c475708a3afc553f1549c6cd2fd5afe0960a7b5618
5448 4 21448 7ec3eb995875d81a50279b98e4bc1bfe217ae150aba7eaca14f5580de2f2f467
5449 2 22392 4cd37ec5159d93de0b6626a6bdfb15620c35ba61aaffef5b9aed6b95be0d097f
5450 2 22394 62d965674020008003f5058ed96ce1a0814e5c0da9ef25e7a631b8d5584ee595
5451 9 22070 ff0ad0bf3eddbf85221d9499c1d1c5dceef636ca231c4da7f14bcf6152de4bb8
5452 4 21416 27f41e59a103b90e6e12ec783420c4e0d3a94a3fdf6ccb14ada6a212ed228eb5
5453 7 21866 06db8e348bae96221d3ac91a8f5cc8c27667dcc86f2dbe493764fe24a74dbab6
5454 3 22345 84422dfc3edec74e10a9d6c2b1eaf9ed2a57bd6f17bcf259bc1a2703ad02fc42
5455 5 22808 b67f288aaba151bb60cb926df3b1f163b0be8291bd1577a4b453cb632c674400
5456 2 23750 1dd331e95c61e37fa26f9b2148c18c2bee8fe34388fa691daa70f085677965e6
5457 3 23568 71a77e0794940fdf420ee7b79ad742efaa36f39a99e8a0eccf49dcc6ed8a1956
5458 2 23781 4de7c3b5a78199222608ad3e9cc66c90c74fca759a8c71b2cdbd1be69da53ec6
5459 2 23652 aac8a3c288547314e4e27ee436233373a2b9281f2b5caef554a0fbe4f76d3a2b
5460 2 24322 73aa6f342fa715649f173ab4b08661557d5f4522d3b0fcca05a5923a8f9eddd6
5461 7 23824 c7f72f53046db90eb9b7df9ffea5cc5b69f9b2140a374406daa29bdb494e8d94
5462 2 24302 6778abd49b6fefe2cc06e0fc768f462335d433369973d5c10f490e4da27dade1
5463 3 24768 600730ef8ad9c18ff30279d0904be073ce72a5aeef7aaa16188fd787abc7fd70
5464 2 24815 b2335d64d741dbe56e1dbb6edf582392cb984fb3c8230e2aaa15a84a3802990a
5465 7 24678 0ea353670e4ac36ca561cfee9ee27fe72c87046fa069869295d0e0e9adc156b4
5466 6 24726 20f3e58fd159990dd62e1178078a94db1962fa9528eeb2260647fe27a4ea5572
5467 5 24775 f06de907144a5b92080b516eb69ea2a101ae3e681affc0cc8b21ffbddba928c6
5468 2 24987 c7b9939c280f2e7ac5de1f5cafb043fc52c18afd928af35bd5bfb6a02338dc12
5469 3 24788 b9d67082cbe53e2ca4301d74a37facc5e749d3d5838ee98b79e9b0da28b15cd1
5470 4 24825 f64df447e07eb5685bb8d6e5ada4c6eb0c1b05dc888ab35fa827aaef6d5547ae
5471 3 24874 2537dd38f9a245ddb9cae47b3cb4d85f4ad5ce531214563a61f7bc9051199464
5472 7 24852 51386a05a07098a6d93887fd52b74b77aa736ef80b8266c19099c752660fb0f8
5473 2 25330 333a721d21f3b6b74c3330d1420b3bd0176b762c0396588a06cc8277f73092f2
5474 3 25796 23598261a9b9e0a31d2a13b4dddfab587243284afa6f3694a08481a2f5fd3c91
5475 2 26009 6203aaa9298b7e78f41941495ecd97c5cd0119ae59a5dab06bcb2be27c3c2fa7
5476 2 25809 5203aa7ce49dfa18c97cf0cb98c5e1f7d6e43bb072aa8973cfe74c4a6bbd256e
5477 8 25791 1b91f79cfc6862c14d1951001626c4dc295bb020c661c07a36c55891f2d3ec03
5478 2 26004 b9f86297913c0d4abefac534578e3718a88453970185850c3fd63be3ff30f6dd
5479 5 25875 d7211476d180e829ed62ccb85f62fa78a57058ccfdd50d610505f6ea555c5882
5480 2 26447 33e0cd1a7804d2c6f4f9df1f397beb2bc2c20017a54aff3dd261e2cedc6565df
5481 2 26374 af8177b8f513bb7ead826be42bb9b22df86ba81f10ac0093ca30f8be04b61215
5482 4 25922 b2ede6bff7dfd70f4f78d8927bc728d70646bbbf8e0cf3b3d38ce60f6d3fee0f
5483 6 25888 d66a0a271de8403563e088cb53159476f8625991e67b741a06d42e651999722d
5484 5 25937 d38844d4dfb46a2340e6b1cb44ee9f82ddc4ee50c7473faa6498deea27fb1695
5485 7 25878 4bf54409d7ddf82c2e371748975b431cee81f86d116d826fa7e854b242cd4c41
5486 6 25928 1afd7b0084574a8a8173c95d6a7033239d85c155fb4425aea170bacc1b91b28d
5487 2 25849 c7eb3ae9dc7c1e7933d24f0f375a6a2e6c212156867909af9ab76c240622af1a
5488 2 26213 432012e9e6c36bcf8689988da7ac7ebce32e27d90ae8479d7e197957ce15669b
5489 2 26213 c92f99e1f37fef538c250ea81873a50c476077497ea521a31d78f500aff217d9
5490 2 26085 cad20149bf1ffa059a060e5e1179b1132ededed9aea62f325d6c36fb0e862983
5491 2 26017 0656d73f452229149c89488594df7effc93d263f839f352ec2db32230170b1ec
5492 2 26083 e48354dd04a46b23d36e4caaaeca9fdad34b35b995c5b7c88333b8e6df00bef8
5493 2 26015 21c990d9b3e89d18b8b50e8903b07a7cf58b64341099da3cc529f59dd0219eba
5494 4 25926 9887c310ff4b3d1456b937a553d0a0c410b0571585fb55c339c5adeb79b5b78f
5495 3 25974 a2bbcbf733c77c2d2fb4b42cdc35e7873af5c8d4dfc90bd4b4d1caf9f9161237
5496 5 26927 ad4de8931e3a9785909e194bda46ab014977d01fa328b1b9cf7cbefd6673885d
5497 2 27239 3213e543b1aa634941145d26924e1dd9bfe09516e25d0c071e770714ad988f74
5498 2 28280 84ca124e9f295fbb2a7b8fd64d5b9b44c2b58d9b9a57457b7e1761998fe981cc
5499 3 27871 a9e5b2d918a7a92717b5615ce426dd47e1137e83417ad4402dadb0da13ec093b
5500 2 28265 a737391dc0d1fa79659c3be19d23329ba2c95cae836d74b463d0517e74255c18
5501 2 31810 6de05266fc8c52f6be158df7432a580b07b64d730b7df83bb4f2ac60268ed9f5
5502 9 31027 4ee320f73e66043e3acaa694a978974b38188cd8bbb22626d6f94305a33c877e
5503 8 31077 7961acbee62ed98281bee96f95829ca9a4d55f24424b654ec99f352bdd401c25
5504 7 31126 4f818af8a27b7f1e0c5f7953700122b50129246a17d9072525413c5e5cc9ef52
5505 6 32069 a738f305916585d930e7afc956152c71540b418e8861fe77ad65d61feb18a9bb
5506 2 32355 02c7d1028db7cd2ff5a76f581f81dd36e621485b609005d35f51c375555c3f62
5507 2 32355 de1d218738972269775b42de8c814344d2c14aa433d686fe217e19becc709c16
5508 5 2501 621351ac08407da3f580b6c5ed66808db272772363162f642cad7fcd3153b76f
5509 2 3453 7498be4016025e56a30e8ddc4389640c04750687ac32f96f697c7dd3187c2acc
5510 2 3463 18e505008a0afba2cd01955319cd1730a9fcf8bcd6190cf57ab6479a0595dcd9
5511 2 3451 ad897f99155469b0615c8e0d8cdb43315b58a11ecee7bcab9cfb27c4492cceab
5512 4 3616 5f7eb158a14c4a04156a91a1163bc75239eac645e910b0555c563bd60124d947
5513 2 3454 6f71d4cb46ad24352c5d4e36cd2c42b0c8d67abaddd282ec4ccd02ab63a3bf5e
5514 4 3666 f306a63b78dd55a1f52da2163d82064e471bf05515669594515e6ecb198948f8
5515 4 4619 59091779a80be2b826a9e46e51b18c72771301f4dd5bfa260e504e451cb3c5c6
5516 3 4628 75a8136a96f702159af267c84825c5f0a8f5b368c78f2be9531dec3dff26fdd3
5517 4 4616 c47cc1fc5caf2c149313e16fc25aba78e9a58bcd50a04939c8377d80a3280eeb
5518 3 4664 7696c5da1a737e59d630fe6cf067161aa98ee9c8c8960f2dcc8194e465273ad3
5519 2 5143 c6066ea07ddc72d39f896ab53a2fa3e716b526f5d990021efbeb9818f9c767c2
5520 6 5599 81e79b942628ce58038dd154578dc25fec9dc22adce1f4f5b93bcef7178a49b8
5521 3 5613 1bdfd8cb2418632c6705d45e0c42fff5e0e0c2466fc99f89c245ee6902dd369a
5522 6 5601 3dda4adc765948b807eb44adab486c8e4dc7f4ef1f113e8520fdc52305ca5d10
5523 5 5596 e1c7e6014eb193dc2634d91f33f5a5d876cf4eb951ecee542fc4d7ef40a3c6b2
5524 4 5643 beef4ee45ff314531f81e96a6beffffb3ab65631ab36b938c7056010f198f5f1
5525 3 5964 237eacd0bee5c350b928cd038568712b5e0ca88cf1e77f11b4116b331f894e7a
5526 2 6448 f36780514b056042f5670a5574897f76ee35b546f004120a00ce4d72940bb192
5527 3 8641 47d37b782e886fdb3dddd489c58ddf906116b337d7ec2500a220e24d28b23b45
5528 3 8643 13c0565e5ca37ac39a72441b0971f461f21e64c29d249787a049d562851d6b4c
5529 3 9596 7690a0c21a437f143d07b416e9257acfb2faeff1bcd721cfe9e35d27ee75c549
5530 5 9736 b1c9ad9392015a746309897d291fb4153cc6a6bc3ce14260345e59ace0f797ec
5531 7 10689 e16b0ba6856ac6ad9c4335c87ad4bb2bbf0658d1839ccdceb2c7a70c622b4e16
5532 6 10736 7505bb5f17a8b2ebc7fa2853b9a8fbdb7dd2d97d37a0d6971aa0c1d2bb3c5d3d
5533 5 10785 21aff5730cd0750bef584e80e4d4934a1bce87ebec0ded6976a82e4d88e7aea0
5534 3 11004 2a5212139315b8403c63827c6929e59b605e8b9b40dfa1e60c761d3f91b34e53
5535 5 11648 8a7079eb54e251038ce1f8b6f6e427395dedd578b7d9607bd38009162853ae9c
5536 2 11376 0afb016b44486956135aab4d51f5462cf82acb896140eee4fbef0d7d37c692de
5537 9 11685 1744bb1c8e7a7178d4bd6fc6162df376f9af3c0c19286fe65b51d21b070f8347
5538 8 11732 84c40cb54aea7fb8dfa351069732e719dcd1350f60f191a1ddb04b263d9f644e
5539 4 15092 ae3ffb7df97e0315c818fad2746afa26715fb4ddd68a10f8a67d35ab723788fb
5540 4 16045 2961ecb59076ee1bb856bddeb706e9ee7ee37dd0d4cdaf8ffc1e857d7f215613
5541 3 16094 da494fd058165f2e56b5cc721d34f84c1d24280d9cedd937a1f07adfae7b0172
5542 2 17323 73ae3030b799b463339c4b65826f83fd667aa5217b68ad07bce53bdf9349eb02
5543 2 17323 cc9a5a834b6c7911d0654d9a215f7d211dfd6341d3ac194ae3a0698caaf3d9b1
5544 9 17255 d2205674fde5542fa3537fa39f23fad5892bc47f48482ed2c625cda29fa3fd76
5545 2 17862 0b67c5b6cb04840c6b6098ac1aefa983e56713dd65d00223b15526337f8f276f
5546 2 17866 20ef0ad4323a4a512df4f619a825e5fce14128d26a2ca7be866cd27a6dacb011
5547 2 17730 e3034876f725f2533bbcd03e99d8910b08525c9098fc7271d6764eed7d2b9ba6
5548 5 18340 62ed59cc27cf9699469259238c28295da473e9de4527990813608c192cb975ea
5549 5 18341 60deb2d5628b88bed3654932e28dae7d7983d59b298dcbc213dba5cfc2a85658
5550 2 19294 fdcc8f78d3bcab7c54b8386197954f2f288cbed8a985acd7cfbafb11952d4687
5551 10 19082 e16107983aab328de957d19ca04dfa80b09b85e985fd116840ffa07f5e91e1b4
5552 9 19132 36edac5efc845c42f2a2b98ada20dfd3fbc6b9c58ef5750abd29919fd6b7a9f0
5553 8 20074 d30c0160d505662100d3d9fe27e9bef9ad7b6d5396e83b87922bd9735b5bcb0d
5554 7 20123 d0da4d8727761c46f3564d518c6cec3ed39c6b778f85dfcbc53c9494a5ffb77b
5555 3 23483 e5ebf629b120480eda85e4d0fb1cc54cc9ab92c44733ecb992ddfc45975b357c
5556 5 23300 f810def183ec82b838b6dab2d66b33335f0015c02196b0d33f20801b8f3babdd
5557 2 23661 6799c25b753735a1dc2bc4c8039304df43aeae3865c9cb7d2bad055eb2a27b85
5558 2 23660 c5747e3326110dc8c7283c0545c3c1ce3ad93a080942bc6285935d41a79cb188
5559 2 23661 3e65536f7291c12539d453d4e68a6b0c5635a3dd372e314feceba84fadae0728
5560 2 23460 dacae81b0f5c44417499e8da6d2052415fc29ccdb3e3d4a98466d1de79d19beb
5561 8 23493 8d20103a0de2b75d790f4ce83228ec5cd9bb57fd3fac0352ab45e40afab41996
5562 2 24101 5b05484fe1e037c59fdc3d8264cfe8fec2c577e2f45e7fa66850c09311d8ee38
5563 4 24434 f8ce101798702cce3bbe09b622ffd349be2369be5ba7e3ba694c4e79d7492a42
5564 2 25387 0b2b77aebbff85736b9f9f71c585e4251e8c60a963a32e5d499ce3d3a2d1fcb7
5565 2 25400 2acb2e0a97a94f58a46ce2c8de0712dd863fce725a2b4f923dc794bd731f0696
5566 2 25388 7efdc55c6cb1ce38aec43d73c03fc2f87a78bf82bcd8d6c25976a33be6289553
5567 10 25161 206438813fcf9e5dc678e3d00198359a99d5f3b71fdb2e5c15810679e41c5d03
5568 10 26114 67622ce78d7cf88b3bbbc39fa583486a9bdd440fde434ec22acfee84c259844a
5569 5 26239 0283d9f11e78e85176450e2c91423238471a09bd4f4af79e30889f78564ad595
5570 4 26288 8251018f0018199a877bd95171bbc1df904e4fe27697ad723d34e38dc1d6cb1b
5571 3 26337 e101f43c3008c883f78a55aeca935ae559b3d67892dfecbf722ec830fdd7dc62
5572 8 27202 71ccc819c4cc72a7f3453365a8dfd209397ecc370dc118a994217e32e3313463
5573 7 27019 b1df1333643dd03db69920dd42cd04677f72c7090f340f4df469a4c679bf62a6
5574 2 28271 a4d1a6a60d85bb2494389a80e7a459bce64fa6fab2567dcea21b5a96fa2e3554
5575 4 28012 2559e3e368705d5421f488f821789e8200abb71347258ff54aaabda86ccab75c
5576 2 31301 e35d43383300b1c13fe1fbf3e60437e4a7e4e24d5acf75892fa2d0503b43d8a7
5577 2 31226 e597d5b1fd3308bf595a3fbff23f595341f7890de4ea14f5316f958f2e4f82cd
5578 2 31152 b322d512e99920db5e8f030270ab7e063452f3f2314333c0b796629facd2b98b
5579 2 31078 296f728986bde4e52b3308db2e3921970e3fb13e03d941d54973d5acbf312100
5580 2 31004 6d91f5954086a39435b847f01071b3350077be22178320363f09e4b333f8718c
5581 2 31003 e39af26764196eccd695b7af2e036f7e4795eba7477f40553815349eea702299
5582 2 31004 f1bd56afa4d57039cabf150860ed93c92fa561d0a93797d9282ab4c068431e43
5583 9 30257 44e701b03215773b2adf2810d537eb60b7d89638b51e825d211102f9a25dd04a
5584 9 30736 0ea49f0d2ed12fb06f3daafe41f01e97491c57eb27e3fc6d7f8bfb9381d07133
5585 4 30165 70fdd6d177096acd803263fc817bafee01bd50d0478bd4217efb5170c4457b25
5586 2 31118 c3d8d40f69552f89dc077867d0d241d9d7447ba628ac714027e93538efaa083b
5587 2 31130 b1f13581df9d8efb616e83e01a19c15641a8475936ae515700da1ca42abdfcb5
5588 2 31118 4c4871bb6f4419acfd653ca824428180bb0fee99134e8cf384c3d32b6a258eef
5589 9 30909 9bbe999b07b7867e035f3be876c58e60375a4697790da995b21d4dd016ec2a55
5590 8 30956 11c023d819b485f81bc689bdb9aa11943d4e1a9d79e6a7bb0bb0424e5caffc6d
5591 2 31489 9111538e90e148a53ed78191bcc0d89925f81ec7e5e07637e6dd3d40da0426b1
5592 6 34753 54c74b9bf386f1a4473869bdb1e67c70356d4637238683265f80f33aa582aa3e
5593 6 35707 ac074c886fea471f1ef2b8cfa7108d428948fa3454eacfbc58af16ccbf1cc7b6
5594 5 35756 8bb9a9d0b9eef14429f1d3a8d06dcb4623cd56a2e9d0d6a7dcac4f156ada59fd
5595 2 36912 7d3bd7d685d593aa5bf628398457b6032d0f4313750191a433603c06a2c8dfeb
5596 2 36484 d87ef3a5930a1b58d7ecfe1684e648a37444c9c7ddde25c56b2859dade8dc922
5597 2 38022 6686144f20815768f0669492b9deb3aa49bc84fed3ecc124edbfbdcb0f492fc1
5598 2 38756 129096360ce22c73783fd8915ef70cc4790d0567a7598902e37cfb704a1ea3f6
5599 2 38755 5c9ebdaaf1a4547a974270f35f1319460ba69e5aa0793d3fd5a1ddbcfb3120b5
5600 2 38755 6ecd93faf7f5e35c3177a7edc157959bc9caa0dff0fdc7957e99da2fee634bf7
5601 2 38755 c5e38af2cae99a612603582e12d3e0d7caae64c4237162f7114e73a3c851c041
5602 2 38681 8e5ea6207f6feedd67f3ef4f0a9a7bd1a2c989efb441df7f437234d401df2fbc
5603 2 38607 033b63d9ef385370834900720ad50280369ab66ed4ad3ef12d51b79c2c9f22b1
5604 3 2501 a3ab025cec737a962f917134cdb11f166985ae47e796ac9c0a7b76949c261c80
5605 3 2499 03389b8520555ad872e11825a3c0202da8f11c52dc3da80f1a5c577f7b2911e3
5606 5 3451 124e35d8015a70a469e6c3d7e2379fd57e626aebc6cba6092035b2400802e361
5607 3 4643 e7f146775219aaec03ca98f16745ab93cff71d80e6e42fd77e6029060e3db2c2
5608 6 5595 f53f6136e45ca4cda6de3aee0ed82cebfd6787d11fc7c93f18c20999c2d0f8c1
5609 2 6074 476c06f647cfaa8c2220bbe9aea1d4680d7b2d0c7d5401cec20cd72a801b1850
5610 2 6536 7bd8b406d889eff37c33018d64dadc7350e0de4b8aef1ea4c6d007265ad2f379
5611 2 6079 e0062cd77a4cc6db4fbe30c78a815ae648881b2988a60c02079b3aa71d7f251b
5612 6 6529 213f0daeb29a9bbdf978e8da26fd40652557912edacba6d66a9e76715aca54db
5613 7 7482 54cca97b2b1d6700da7c8c88ad5ee2f5b19346e9808cda2ccf535a5e2a0dfaa0
5614 3 7494 927ddbcb4346415118db3f77ef7f2ecc8541382ff07703dab09318026c1639d0
5615 7 7482 6bc0ed5dde285c0c9fbafe419e39312ac4640172351c1ae068b7dcefa3c23259
5616 2 7647 b799ebca4d0364b72d2a311049de9bd558e3d09ffe1446a9c7f4e4b5fa2f38a4
5617 3 7485 ecfa895d34f87b13a4d2d357aae9040fc4d428ed24320b7a456908b5be550e0a
5618 2 7533 f183464e5b68a59e20c1bb03533075c3f044387d5ffc0381bb04c1dfa65eb9d3
5619 2 7746 b544bc038a0a54509134ef3bb597120e4ff54b19d63b9f49adc39f9de6c6d11f
5620 5 8699 08e2079f2031101a2522976c20b25baa8c728dc7073e317f02eca85f9c7bafb7
5621 2 9639 d1b9d799ed228dd9f441363fa9e06d85b61efa70f1994f99a4fd50e5f5135f2b
5622 2 9852 eb15de4f270af5bb90828fd55fda641a91e7efb2de0d2a136cf0ccc59beb5f94
5623 2 9653 e4808484bdeff7e2136380c568d642488df9840fb7668340776f0bc2bcfe2570
5624 2 9641 bb6b2122b061b75d00c11954f390ec1c12d47e3593805c5849043c380b0887c6
5625 5 10285 3f3447e480f5a46e7392f12464b635090ecd7b3c43b18fa02c7cf2066872b0b6
5626 9 10656 4c54ee95a1f13fe9aa9f99403af3a884651654598db3515ce1f703f3bbd54ab4
5627 8 10703 11a4d055984620ed1321cd87662671ed1387c995e9f6dcc7fae257ebbcc9ad6b
5628 2 11182 6595224de2105e0a3910b2e4f72a51068a8862b64585c4d89ac5343761df37cb
5629 5 11646 2af18eefcf1cb6c2a5d8c8213dfb83ad313c50dbe97467b9c6ee7a9ac5981c31
5630 2 12587 e19b7b3067953c49205f78af19add308fc79d22e9f9518b44e3addcf422f84d4
5631 2 12800 24af528b264e7d75684baa5aadfc063ff262391824ccc9d336417b60893cfeb2
5632 2 12589 07d1a49941af1406729e10529e0a4da0264e60103c9d270c90ab1a69b8d23dfc
5633 5 12698 91d3ade75a561071fc2d193ed5fb0cc14f9827ec2815f9db7a0da5a80ea0a2e2
5634 2 12710 e68fe5b361ce9f788bc944703b747a34c9a2a353df082096e204bc514a34e098
5635 5 12698 5a1128182de22b5e81f8ae299b150e2bdf20656f6170f7c313d7d242bb2c28a0
5636 8 12625 f238a80ba782caa9f819c485e40534b89b202df362f0fba00073fa9cb4ffd143
5637 2 13011 9ba44ce96efc69d9de32c938880f30007a3daafaee360a143f7c396727054b09
5638 2 13883 75ebefe9d3472ddceff1289be98747b87112d436309f79b0fe8743981682c56b
5639 2 14114 d17a487f3c4c7323db55992b1c899b2286516d90fb71920f224fdb216e7c98f7
5640 4 14794 745d6ed8105550859b0d26b029757e6f5645cddda8d4ed647ba9d4b92c608971
5641 2 14982 6786bfc2ddac04c4049551d5de2cf5c878119313513094f181fe38f29bb8e4a6
5642 4 14846 092d59026e1ea7587dc77616341cf27ca359329c26843d9dbec76d3be55231cf
5643 2 15055 6aa35e4107ee1d2d4f08a72451c22b3280eb18e9d7a1e2187f5269dc3379e02f
5644 3 14844 5a2f3ddf2a4d6b74b562419946073eb8b763b1c2720154b2fb7488c777839f28
5645 3 15797 690b429081abe7d1ecff569eb83429623f3c0cc5c0d19de26f2a3cf4790b9a3b
5646 5 15880 6438f02effca819f68773608a1db08644a362bfe8326a155e7e888a6efde3543
5647 4 15928 48e8530326552a64534a68a35f54072cd00f1403c548156efc7692651321c16c
5648 6 16881 afff9080e4ea6baf555b006ed77e75b840d29d7e47cf21b84d29d9f6427972e3
5649 2 16944 3ad5336571e534a92314fa2a791f025ed4f6764ab27c313c50b604449159f69e
5650 3 18131 7ac5f1b958ef4fe739b66ae134f564c029247e1462f40c6cd81b73b7c75b06e7
5651 4 18610 325ef08f563cdf0dcdad7196921a04850c220ff55671083e7c76d8bbf0af763d
5652 2 18663 746f6d06b82e0e2b9b2d07c6fc4ff059d64e285d05862a4aaa14e4f461db3d25
5653 2 18426 f7c4b764bdc821c149281cb2c6abaf8ffb012b7019d6f791e10008f99961ae55
5654 2 18943 1c9ea0e7a6104bbfd99e07d71dfc923ef46b56ab94c6607a14f0963d5f4cec49
5655 9 19752 347e5dd15f3a321ab7a1f3ad61a500059b641f6ab930574d6683d5c77ebb2f65
5656 4 23401 e885527d2458b92c7beb49ae94f4c0383d55020e5a045920f3ef923f7dda96aa
5657 3 23448 5e11128a0953bcbf152fb6eea38b2367c9a53b4326fa546cbc9481edb5ce9fbd
5658 4 24398 22872741ff6dbdfebe60947102042a4b5178f57762783fdc6339c85964f935f7
5659 3 24447 b554654c4a1396b00100ed6e86dda70b18a7f36d31e12c0210eb3d4f8d18b3e1
5660 2 24808 88807ffbb1e5211f2902d2512f4617a6de4209f72d6cae947b1337f3287beda8
5661 2 24734 15bd9ec31c8c71f725b6a50851753596de83c4f09b1182e8a8d0eb45efc97597
5662 2 24660 4eec6384d01076eaeb76979a6fd2becce0fa181d3d4a1c1380538b235945efad
5663 3 23944 7a6325f4ed97db0ecfb0c6cfc55d3cff41a2bc1243db718136e82d9a90b47b15
5664 3 24897 ca9cae55ddad47ef938d09f2a32df6c13d8baa59b5dbfb23f9e2a8bc71bfac8a
5665 2 24945 bdd4ed9c2f0928b612f44dc6cd7bb4899a2ffb02f9436f14c232b369acebd339
5666 2 25158 dad9777b3a2db308543984076e2277a0bcecffcc3dda98fab9791aaa0c17a2d0
5667 2 25452 3015d1eefc5932ef3686c9a941b54e363391022bca491d9afde41033332e21e5
5668 2 25451 537587042aba719488cb05bb1200306afaa3c97d9fa1a8961f08ba8ec46000e2
5669 2 25452 2275e6b54cb6dc42bcbefc30a420f3915ad132046771c77598a5bb1408d81a5f
5670 10 26003 8f5fd595562f57f8618b06e32c59c9fd380260487be172f1bb2c6e0cf81e2f42
5671 2 27543 0397d4756ac0a797760feb0b65efdc79da5fa9fdadffd88898a4e9bc32a51618
5672 4 28228 6ce1f441f77483e454ae7ed5a5c94e4d6847402f2f30f98d82721fad99e413fe
5673 6 28084 6aa152792aa955550f96b50e0bb3a491f51ecffd4cf1aafaba9d0bf18b55b17b
5674 3 29027 d6c20ef58185b4bd66c66e77ceaf748b299e99f37201d67d284fea3dba21bb01
5675 2 29389 7a3ab1b018d4e7117e44b15c1ba2e07f70caeae289a938c1b94cc5129bdde8b2
5676 2 29314 03e21aea63c303a6d315a4dcc2b2300df9656f3a77748ea93040128209d6c0df
5677 2 29314 da438fab4b7737eb97e73b96c601bbb5c039df2e635fe43faa17f94695f69ebf
5678 2 29114 d1425226d8d910222522e14d6f573c7eba1af48ab18147c9913b90fb2a2d53ec
5679 2 29112 41e4ee182e6ee12a16be4eae7d3b20c98b82e9004c2a6e229b1d1db4ebfa230c
5680 4 29067 ac37f559e49603d078b8cab31a636f549610099de2e8341e72e15176e3e3d5ac
5681 3 29116 beeacaf4be1e25d8dd5f934cd315d84a0f6b9d154469c83cdcf77cb59f1ed2b5
5682 5 30069 7fbe55e83eea8de8451794d8fedb9484803d7ce21526fa745a83fe3172667e56
5683 4 30118 41334471e942b3810ae66d146ff127533848178163160fa0583b7c9cd5e25153
5684 4 30696 e5b74e7faa6fb0a7fbccd7f6aac56f9ea274652ae3953ff414fcbdbee1a12267
5685 2 30771 24ce6d1c6de98cc29a5388d63cae6c3d559bfab2d6710e1743ab0307add82c8e
5686 6 30081 064fc198f819e4cf222ef4fa483d9f8232e8c789478404d996bb83358da99d64
5687 9 28882 25120f4ab53c18651cd2197b3c8de0683bf6b9e4da05cbf9b3764f4ee03d913a
5688 8 28929 299da00698c15edd441c3e07b48652fef468e8c3028b800a2b73d579c37f0559
5689 2 29407 c32dbea74da05b66a83c81531d438ed0f0ee0d3f77c40a4d043f9eefce2bbd12
5690 7 29873 d55f6e9f66699cfc796326cb640ad6347c8a40e6e1c77583b27ceb571ea49219
5691 6 33225 8f962608659ef519b45e10da580f772f38543e6aebe9c0149ed7daec43fa5426
5692 2 37461 1ba2dc18201d7246d0e11a08f26b8138d674cc3f6af7f899832af4f284e78a48
5693 2 37386 fa63b9236ffb3e29b181f11b7a4b882f60217f39a164c2d4d6c96fbc7bc67565
5694 2 37385 011524c570aa8be87c0eeee7a6002850d5f377097707f217a50491e50b3ab41c
5695 2 37311 12b47b4331280076a26e7e76314e8f59915f9f2fcce59217385ab9c2c7d32471
5696 2 37237 b14e6648ded6147cd922aa4a5fb8f5b0fb91aead698b1befa220d38f3c64edc2
5697 7 36667 2550409cc431300ca94520a564dd7c08173d6ee21af6b6e055f4e4dd62b4ca6e
5698 8 37142 dbb157d437499c55025c6a16dd2388903a1c476022ad27e068ff98f332d5aac0
5699 2 37267 cd4530231f6e2d209482096a6802d7dc0b1a87ebaad065dc57cf22b888985467
5700 2 2501 0fea01753533e1608b4e01e9b466528fd0dcb7cea4bc8b70e456f63c1c3b9677
5701 2 2499 244f47b789572805d7b5ed31a5a5171e6a08ba6c099918ad4e50425ffea04f0c
5702 8 3248 1c4186b9fb3f96bf9ecf94c80c373fa072ff68b6cf2249115550837f4f4fc89f
5703 3 3605 be6298860e830309752e133591f4b107a7247572dbe2ac00a81f37092093d2c6
5704 5 4557 b3c9a91ec8b1c579f06b1ecf62f8cc1fcea002888abfe05edc3cbb9404d9a131
5705 2 5036 486611dbc5f0adc073634d8aeed8d41011337ee17bc1e078c7aa51ffbc515ee5
5706 2 5498 ef249dc5e7e5763f5a35be2a3e5b6cebc78117c4444a8d55127db7b8c2c94270
5707 2 5041 680911cbb31cb96b52d6b5929c484dee2639c72acf74d0eaab668c7043e85750
5708 2 5653 c92232de36cb38546b11f5a01dbaa5ee124ebb7e2feb0d22cb3fe34723fc85e2
5709 2 5653 4cb4ac61238511a653f1828d4a6f527992141d95789551cc8f28e1e4d0aef85a
5710 5 6605 9658b85ace40788348fb580b5f4eac09742e3c2fc2a4db6eb1b12e504967e9c1
5711 2 7084 ad5800e35cd82b003caaa8513052093bf129bda4e19a0bc2d66c6a684626f3dd
5712 2 7547 8d9db45d9603ee37ec3c1cf7ddf882ca6b72c894f42bce2d3737b22236d8c992
5713 2 7634 5faf2bc7076b77f25dfe4af1733ead7c78a1588dee8ad65a2b70c96be7704d5f
5714 5 8586 044bbd03a91f9458d1753e1a6ba81698ad71a111fd1bca36954e951e79e69006
5715 4 8633 95e11a8d026a126d9a77d94ca3e66e1fdfc332f36a785aa630f3fed40c0581e1
5716 2 8948 3cf6f733559affee8e365724c93659f46519a6ef11f00433fb0d191a72e48d44
5717 2 8495 8ef03d561f9eb115bf56bba5990d0e1ea4bf7790953fa5f5f757bf6d420e12d5
5718 2 9565 9ccf92a0662519942b466c52edabf21f240a3936535b85af0ae0b7093bd33fbc
5719 2 9778 5da86f90bed7bb5042798c8723d94f402b331522c581ffc4c527c912d682b298
5720 2 9579 aea99e751fe09ed630a8307113be4d3939ee364051ce142841816aeb55eb252b
5721 2 9567 47b1ea27ce4a3ef8e384076db59bb93651f893087c08922c365e9a67322df9ed
5722 2 9683 49e8549c1099c4b7ae29c10c271a9c7ee5f52c40e00e1a497b93be285935c871
5723 4 10635 385659d3156c727cdc5b12a903e3c4c18ec4f01e1d20d9757d78f30860ba4bef
5724 2 10558 d204dfe23cf1f3c3d300b195281f0362f41a84e06f658a1a16241db6176de75c
5725 5 11201 56c263963d09543f87132306e0a148c776e3eda4a604e300878c3d8c03a0c573
5726 2 12133 b4b62da014d90036665ee664b1e364f4d6245e562fc7bb623ae366178cec0a41
5727 2 11994 5a0d89eecddc25f9461de36b373744d88a24099f6db8cbef50500e14da5384e4
5728 2 11541 6a40e2defa3698757638b0948ab037a7626e344f8e8c6b85fe3b8eabab290513
5729 3 11693 c9527d406d290a042eb5bf3ec589fb3b689b921ecf05ac6c4f47eac5b44e7b9e
5730 5 11728 28c2873806b22b973e11a9c8727e2cd39083850cb946b31b22f2cbfd65477818
5731 3 12672 9aeda245075dc784a7776e3b95f4e39b7c7247bd66c84085892726c7de454b0d
5732 2 12885 8b7938e5a714c6f809905bc0de4a0de30fa2771e53abbd8e0ff3f5c2dcebc1d8
5733 2 12756 b987b92568798306614726f8482273aa6d84a9b3c200590424b2e9f2a030d21f
5734 2 12754 dbf4a01cd7731b8ad99c9c105f678e80ed059b614d984d61a54a8b4c309c0def
5735 6 13466 703f08317357d21bc0ded889d27adc40034769384c1c4f325059eece1e8c345b
5736 2 13687 f875bb64e91d5debf950dba94bcbe9590ee1e86bb602c88c53782f1f8165e289
5737 3 14640 4e2879fed81b602c043420bd0caa9f4fe9d6addfed637a6436364dd749068cc7
5738 2 16884 fd7f797697642035b071f73fd5e6e31f9c5fe2e6e5aa515ee5ef780a817107ab
5739 2 16884 3c7f2144bfeb9f5cf42644e1033707b7594ca087fb97defc64501018dac3d1c1
5740 4 17836 2d8f932a3605c70367baa63521e194db358358625bd86dff9779bfdfce9a2864
5741 2 18780 a709f2e04e06dc2a32468a57c071988b8593cb5e6b346d75482519b96ba7a4e0
5742 5 18770 fdbbfacf7e0b38bb460473b50bdc79ffa3f926e4bb6e4a4c454f82556b5b573e
5743 5 19415 56947dbe1a1a65d9d338d5d601670f9c6d9c63cf920d00c7979e950253fc767f
5744 2 19247 7fd03859e0a769babcb67e94d976199221a4a274072e2bca683b464fc071c4ee
5745 4 18749 5256146f2faf8bf9f9c274b3192fd46d3000a49cfc5487796050e94947d563fe
5746 3 18796 a8341a8b7029228707ed25b90908de3555481f0a9c846ad1ef9c623d95252e3d
5747 3 19749 c454624a40a5c67c4f1037dcb78176bdf3a250bf5421858c20c22494317669df
5748 4 20228 d355a4519c82f724f4e0390981829171ffd0eac21dfa5c4681c88e1d3883e913
5749 2 20207 b52461637fef6963d3a44b68dfc97a97f833d24a7afb121279761bf95ba8d98f
5750 5 20850 3910a9459584e0fe9853205c0dabba97513904c1ad0906c14507ddf3e4474439
5751 2 21508 8e285d690899ddd278732ac2773303df777e61e979604b05821a4474e71138ab
5752 2 21027 8001c00bcfa00923b8ebb0fd5ec9b515101ed1c3781f17154015ce3ee23a1fd5
5753 2 21217 58d3defa3ef82b8b6d018a39eaf1a9218ce17eced898adf0f681f12faa703d23
5754 3 21713 2f05c0d535b36f4358512d1ce881beda8e4996c09125c16c39731befa7507dc4
5755 2 21762 ebe03c62659ffcc8154dd8e3e57b108fce984bf9296af5de623c3043287d2504
5756 3 21304 0c280c0abbf26a03b2184d2ed8baf36f370c58bed2dd1401bb397b09de4e3fa7
5757 3 21344 3044b9b6e5738e1cb13c4f9fe2771e94957bd4f7d70e7d66af96781f132661cb
5758 2 21289 020fec1988a8b4e39d43245d7b8228fb229b132e9479129fef559382c4883f9d
5759 3 20836 3bd9b171f99ac21cba60435c39fd4d40709c3fb976a57feaf8799fbae2482c0a
5760 2 21901 19bc7ec6f840d4179861d8b234199786cd6f748fe4a2559e67044d6aa5d63588
5761 2 21898 1547cebdc34cae5ef7daa8b5a8e652136fcca06d59bf18018b33321fcd26a607
5762 2 21898 e1b443dac243421d2944e5523bb3c7d38a7554934a1077305330147e5e9207b9
5763 3 21723 56d4112a5cd433f969a60e690aaed08a6b4f7cca37a06f76741609946057ba3f
5764 2 21770 bba5c56a168b298b1cb534a13a36773a06dc1d4a17fd857b8c5f7a5672063c19
5765 2 21983 4b5c19bf935f32190b57f69e3c77f96ec6e481f3c164e4d1ce02f405963eeb2a
5766 2 21856 83edbf6b858cdebf571689a41a5a87b2028df07ed700e7b9f38e393d70ea95d4
5767 2 21854 9ff6bb153b8e73d2aa05f17d101f28739f06a03230f8a6cf4504c82a2c357af0
5768 2 21770 c5661850db8addcb288f513871031f879d7183625ff138e41744a85fb26313f7
5769 2 21977 b7a3905e1cc9906565ff82f1eaf40cf5072de685625aed5ea2586b51e6c83d67
5770 2 21723 b3f55dadbf41a5435e900d9ed5f488fb1aad46e6b62f642bf8eb4bc69af8111e
5771 2 21734 622eebacdb5ca4b6c755478ec9e9a7928ca8aca1ce327d9661099724f656e17f
5772 2 21977 49741f82c32160a2248caf1e0ffca7b149a4919d947c75032a57d9b513eac460
5773 3 22929 30e756c6aa8f7333e8f1efe0e574b353eaaf3e0922b14a0261a63714425893a1
5774 2 22761 1aa740fb424db33826c71d0c0bcf94d690358e3799f8521595a8912a439e24f1
5775 4 22839 9ab5c0f71e4af1ebeb8942a9cac324f7a0ce856f932cfa4c792c6b5964531d79
5776 3 22887 57bf9142c768bc9e4436e7502e16e03f00c87352c646863537b89432f5903714
5777 3 23293 5f2f36abc2b43fc890cb33765aeb675ccb35775aad9d576f6d750192b9b4d642
5778 2 23338 030a9f44cc887903f3310f782ac961ce0b7f022187a969255db947d0be07cffc
5779 3 23822 2d8fc3028ce276df13da173de8b490c983592ab5de02c5df9787f5d250b3bf44
5780 2 23505 3d49bb6cbcb8068ddd50a10ec4efe66662c0a4e5899bc7f8f9b1a224757a60a1
5781 2 24182 24f9f36646310ac2d1dabcbe8abfc60ca39a9612b42419345c4d178ade9a36da
5782 2 25215 53101713871d507cff2f20c206f931c593321aad54a9889b60e56920d1a42344
5783 3 25936 26c751cfe0329f525372d9733c52468d709016324812129cbf0e02df5bc2728b
5784 2 25985 ba0ee04591953b105e3aafe377c74d680ad0225938132ea5c179b50e3fe56448
5785 4 26563 456c82b0c3ec368b93bd259a95c171a81afc0915b8cd5ba762d8e95f77923230
5786 2 26182 82a29b1a613ad8d1e6c9783d9282c4c95a1b711980e1333619f4e961647175e2
5787 2 26009 da6b723548fcac096a9127ef4df0538f82792b7ca5ae16e39ea874f7c07b7d34
5788 2 26021 dcfb5161ee5fbf9a2c4342492f1aea6d81cf9886d7e12411e902eaee17bcf33c
5789 2 26009 008d34e7517345f3d37db95527a2eb71729e70dda405565a60059618da36bf09
5790 4 25905 a70ae650ccf898f265b142c68a3cfcfb239ed9bff91fbf24179897a078e67a43
5791 3 25955 d776a9b3951bea73eef970f1f040707e8da9e4350298de7c67a51b8925554b13
5792 2 26004 92eb241b39e1c696ff3ec2cf0916d34a4cce1f0508979cfab4c10cfbb5844ef6
5793 2 26291 006e5bc942c99031ffdb3f0817d1ad578aba109ff0bafd3d70d600aff0099024
5794 2 26217 ac81fd83695713d70faac10bcc90118c62e802ab766e7aa0f0843ad35b5681db
5795 2 26005 dd5a818e9efab77b1baec59d18727726b248783917fb54edd1b1ecfba7fc2b30
5796 4 2502 e706a5b995b357217c3f07cbbef33a0c5d70f66b183ea4b9c963c24206136d42
5797 5 3454 6374ea46cd7346bacf7f82e62dd3ed40714eecd618c55a94912d75a75b15a5fc
5798 4 3501 e5dcbaf04a78baf56dfe2eab82305ffc31e814140b1fc247a268c9ceb111ef62
5799 2 3980 88f261589327dd2c2363dfbef458be5106676bc556b78b446278e298f6e2a7fa
5800 2 4642 65bbd56e8dede33d58e8116ab51b0b4e0d13166d1382927f7cee209e0c439cde
5801 6 5594 0f262e22b9df770000ffab6fe9d42bb39bb124caf59b23091d7c7697c7fbe47a
5802 7 6549 9a531c48005dbeefea87cc2140577387be785c9269d70b949b326235e5c48c32
5803 3 6561 6f1d8075f3d6c7c3ee2a95c49f3337b90b3a28d2599e661b875f92a241d7e8f5
5804 7 6549 08beb8c943f37a582a43d465f355d99ce579dc89e108bbc6519a447fc8bae24d
5805 6 6629 606d30e866f5f94c525a0ccbbbf736845b89a9c6170e2b36e8dc5eea9ca316ab
5806 3 6859 928f7a91a3d0a1faa4975fa65b1fdf74877ffeb3ae65e75bf70a53dcdba79da4
5807 2 6907 de113e123c45c040a6dec8e8b6f90c186d791ba1f20a12329a21b5c020252997
5808 2 7631 06d6061213190df43a179bd7aeb02b092b1f84707a4da4636d1f019788869613
5809 2 7832 790edc3bfb7e9b450ac6602771af9873dbc341890bc20717e5ac6db907958594
5810 8 7662 16d06a3b9a351e30d79ee8f754f4fb39af3aafb031899b777d9d5eebdfaaae3f
5811 3 8603 29010b1ba67787479cb77baabee7cc2b10daefccd08850f3d3003ab33a31f9de
5812 5 9553 edc85611baba51ee04ebe9a1860047e88eb5f1f70520b1a9a978a355787eb9c2
5813 2 9766 f960c81ea20c38fb240442c4ba18f3f3194bcb36f0c650454ec96389a99808d6
5814 3 9637 9bb377f0d55b44ee4e291960e92aaa39c54b74bd3c6aa04af2de6563fed1a137
5815 2 10285 c1cb08ffba81913e2e060de84f903912a618f99c67d114264740c32a9fc56d25
5816 2 10212 d02669ea4808a79ae19abcef940140c4034dce0378c0dbf188868a5b3aa6edb8
5817 6 10934 57142c071083fe88c8d49996daf06a5ec895c57fa781d7a5e3cb13eb829bf1e0
5818 2 12163 1e3d7a79a9e050c5b59d69abd705b3d390217811df2597f5cbdaad9641eb4095
5819 2 12163 3014b46a2558bb90c67bf0bc54988d546aa2414caab5f92e74444c63202dd9db
5820 10 11865 e68f687cfdb4cd3f1e0cfcd68c402aadb16a55c826706ddc9edc77127aa452c1
5821 9 11912 011721314e45b09029971df04d79abe0a6d86be04836d9da44a54d26c62964cf
5822 6 12855 8a7d09417b61576f3c446c6a8fc62c5eb27afca61185baa8478acdaec86711de
5823 8 13805 467ab02162633f67839752ecc3e4aceedf9167080d55bd7b9ce925af323f39d7
5824 7 13854 63fc877ec629349a8aec1758ed222a0656e4e1cd3d0e9c36da1772773932754b
5825 6 13903 998ba5b54a5b603b655e25f8d99c06b403e73faa7cee9431b026b80953156798
5826 2 15153 d48d4902e1dc34ed89542308afc0920d37ecedf36174b19de22d610ddda15db8
5827 4 15874 e301af118efee89c6fe29d203ec82f6bedbb3cc4e862d0ad59ff5e2dc19b9a82
5828 2 17102 27a2d3ff735520c6287778d7ccf78820a5a537f6908c0ed09795cb769169c63a
5829 2 17029 1c658b157075c990fe21ea693da947935d1afdaf2de82fb39718adae4c18404f
5830 2 17789 774c4cea87a4be7ef83816d1aac22590f2c794aa6df8f572d1874e0593bb863f
5831 2 17789 10657706ea42cb0a527fa32bba5192a7de2112e198ea8b95e3e0965bb0935f00
5832 6 18133 f825e17d3b66f66974f9eb6a4b848335eb715a9870a7a75ecb6a6dbc116352d7
5833 9 19086 ad6d4f788f32ce408696ed95776b12e47910ad2bc55bfa9db58c020b5d03a2cc
5834 2 22808 b073fd58962803a202558f433b668dc5f2f258b9698c39251afec578d970de30
5835 2 22807 d2eee9639339cb63ea7e2fe6c0ee3c82a1029f404f7cd5faa593c8f898265321
5836 2 22808 c8f3636da4809a0b4f0e67c6b2034847c8ff9006b5b80c30b3c62b605ecabed7
5837 2 23117 d40552b60682d5eec58142e19216d201083167292e151f26cbd9c0e1178a36de
5838 2 23117 723620c8ec679b8787c94419446de2d53fb1f27fb9901e75938834ed8853de71
5839 9 22288 0854a3ac9bce2ad2e2a119f19000fc88e5ae174eff3cf5973a759706491280b7
5840 4 22411 005b9832234e74b8a47cf120c5fe3731e6717941bd1c604e347266cd73b9b380
5841 3 22458 8deb35de97fe84cd944cfe14bb102081a12bf7db8149bd1c4165245cfb84707d
5842 3 22968 97ccf269a6f5db6e956510595d4ffe5a9e2b87ab335cfb8b520e4fb4dfd8d069
5843 4 22130 f1594a3283ec1e50f448ec07b4b6d418bfc8f68e5c6cfe1ceee6e4d20cc7a482
5844 4 23083 9f99261bd24c8add9f456ba2b4444cd160d24fdef1b415b923f45a7f7a6fb53a
5845 4 26454 fef2e7d2e64684f822db60d97a9bafb8a3a4656f0059e0784fe53219c4502028
5846 2 26741 59f1d6d136aea823e89aa268d0d2ca1c4fbc33bd829549242d074294b7cd611a
5847 2 26668 89727680c28cb9664ee46a8f2745ea650fd3340d5dc072f179c77b06a2f43af8
5848 3 26541 e87ac69f9179faaaa92d23ec1c45a0f1b8766221d6d4b6bdf8e8fbda72c0ba3b
5849 7 27021 33803a96c2864ef36c44917e148e9e74b77796d0ed6131e0603907abbfd8aaaf
5850 11 27869 a23612d128f9a40ac5beecfe7285e684d5a39789606594a0e1b94f5a6c838594
5851 8 28812 e4e3f269eac5df7cf67dfe777857ea0faa5def1c02ac863b54ec5c2844ef2d49
5852 7 29291 a477ea180f0c6a562fc694cba8267831a5fb67c249395c8206720c9bed99d48e
5853 2 29755 063c4b862acff69e7a7ef16b09105162ac964b8587c3832966828d80fa5cba09
5854 2 29968 28f61ad055c286423448a7e8fdc9e93f11c5fe89bde409a7d379a21443c446df
5855 2 29995 325d974d7538ccca366439d3c1ed1e98c297ee9b592086f790aee4e98c6a2517
5856 2 29995 67f9758555c37b88eec378fc9b73a972893df01a7d14adabe8a87b02f08733d0
5857 2 29743 ebabb6e040c2abdd3cf93a4da3d8f998fbb2e6baa76f78c7984b75c22e8b70d6
5858 4 29560 7cfadd4f4df42f4572f6b4a667a52a36922fdd191efec4af2fa5189c701f47f5
5859 8 30104 22eea4216dd1438e78e2f1e74c30baa1ad5fd363b620644bf1bd7db0a3e008e2
5860 7 30151 7f2c68d684b21fb1d08d528acc85b136f5d21974bd37fc8e582bf9bd310dba5f
5861 7 29497 43c50c5474ff5b3e053065100826299850f1e8f0b0d69f237db3ddeffa766e2b
5862 2 29827 3ce24cbcbfa710b2e027beab41f9124133cd8d3c8fa924aefe59a16361f72825
5863 4 30271 aa6af15b6e69b7b03034b4e082d1ed7001c9b7a154a0f533c588dc4e81a9a382
5864 6 31176 a0df5c1691d3929afb6afb4ac31aa763e275ed0956e5e3b248055c87fb748389
5865 6 30993 5aaf7e094251d1d67b6339dacb9906517003ab808160ae3106ee2b49bd39adda
5866 3 34362 c8a72487d1c96f1f1a81b0014123c067b11642951ae13a0f451dde0fd2161ec2
5867 2 34723 99dd37036311b84ca07e0489fcd31a7ca6605ad8d2b609d83d359e0d249099f3
5868 2 34722 aab50193757a8cbf685f218eb574dee263cc7d8a37350a0db7b78af96acb96f6
5869 2 34723 3c7b6f6428d36154aab2f209667662e6fbc4788c0703b8ec44924f7c0d798c40
5870 3 34522 664341d72372cce34e3e17eb887959d96d375ec80614565744b7ea4626d2b587
5871 2 35481 1bfe46a5e8ad0bcec09feccee3e38dbbf04a1be0e40bdd450256ab7986046476
5872 2 34727 3e47f2f2edeac1eca9cec77d7486c61d92ed49453fab90d6470902ce54a0b589
5873 2 34388 2482b6f501317faa864db07e8b9990d6a2493a84aa38098de42672d42247987d
5874 9 34670 bda40b8f8cb6d3509b92a38ab2b13fb04a364df89677945abc5f862b8b116d39
5875 8 34718 ae794ae8ba124783fabd30073b9ee4bfaf650336a95308c4fd65238106a9d040
5876 2 34651 e9781da966679a686e2cf4dfd125b5e621e1c73e8076d5fa16e7ec731f0ba9eb
5877 6 38088 7d0242a73af6d080510edebe577fec187bdd88f12f5d46f9687f34666dee6f14
5878 7 39036 23129ce9257036b8540eded36c258db4246e954d085deb8213575831d0601b62
5879 2 37942 745edc2abfc4db537ac30f55d422b0fa96ed7298ff36d436086cfeadd317ac87
5880 2 41406 ae4997719972cda1532068453681c053252cc9101ab16839da3208b711f67ccc
5881 2 41838 bced2bc5a1dfd6fe9f44a7a3c275f9551f67e3252fe41f4cb0b6258c73bdb07c
5882 2 41838 62c4b9823d0dd0d0406001ca5efce3ea0e3cb52e5529c1facb6907b1a381b8d3
5883 2 41582 081f77adfd8964bc8dab2b82bfc82e7cf8dad35a557978f56c6582750566ac9a
5884 2 42176 e0475d98947b63d116cc88ac635daf1de72a71b2a43c6aca070fa009937752da
5885 2 42016 c6b2895ccc04734d305356f365a8ecb35c43216abb97ced85f783bbb4f84799e
5886 2 41580 595e821f0767dfebcef63f6e914a2b45c04f4dfba3ff80d72d04ea280f6045f9
5887 2 41406 c0c8e6fbcfc557c9d6c8591697f70a9c2ba50969ad9c8826b4c16a8d13366616
5888 9 40558 52cd5a2ca7a73f8ccd5c1f075ff8073b512a8440c56b339695d29253d53a43d9
5889 2 40845 ed091710ae8b72a3875aed8b1284769e1c67c43050976386bb6975f2dbbab4ba
5890 2 40845 992761f14879b138cc290db7cda722a651e0bea908fcd6b7531accd98e9a11e5
5891 6 40643 9efb96491d4669dde4e00c860b68982616a77366536b25f5fbf48c063d779506
5892 3 2502 5bd8489aff90c3d962a1a54b47872a83c377b8664e3425cb5bb51d8093bdffc5
5893 3 2500 efe5312e932861688d3063691e460a160e5e0731abca376a89a3479055d907b6
5894 4 3452 9e285c10d6fa5a594fdd01871f8e02b03f6a55baaf370826d5e875744103f67a
5895 2 3931 c92e0f81a3b98dd2e5ba8b9109a23af9d9672005963db8975a55c0d1156f5581
5896 6 4642 724eb8af347cf4a32d6806bc4a412e13ccda4ef75a13a8182bd9b387524ecd92
5897 6 4642 791388c4d3c7cf1ec369352a893846df7e91f5b26d50c5276c316f847993d3fc
5898 4 5594 3b2f75179041f56e4bccd31961dbaa4552298ba033d0e9aca3bdf8e53cf20c7f
5899 3 5641 f9ddce7e56d7734ea04bc6d0d0134fc7334fb62de157cb0de2f2fd6ce6dd0be1
5900 4 5513 eb28d638a9aeac77d1f816f93e3164f214a277d63e3a8f8551a461fe13f2b88f
5901 5 6466 e63e47b9b0e752e11f0380597c2ffd0b1eaaec0a7faaf8a70f75eafd16460ee3
5902 4 7345 53018bf136cf408ea132587c6a1772f73bcf7649ff87c0a3958e6089aeb739c0
5903 8 8776 33bb5be4905ff1c10fe8177baa44d883d15814faafab6408f92d071e1dc8e6a7
5904 5 10897 ef3cddb94f132993dd6da180631a6d08eed61f409db03923b02d14b0569ebff9
5905 4 11847 04577e25f5ed7ef43c286fa0b2a1a0621ce5ba1b62edbb412e112ec8ebc70044
5906 3 11234 b35bddedcaf55ff3efcd9478a2a66ff997fae9861c68127095a809c514062645
5907 7 11704 b246c1a73efd532c2cc24dae94cf4ea78d173032f9e77da14953460e55d50bc9
5908 6 11751 843c859a1b2f9f2eb991b5326149a9d1170f1679494e7eeef6125e44843113ab
5909 3 12226 27769744b693ef3aff23a9ecf4580f1f84ac1a8fcb078ebc8b77eeaf1459c584
5910 2 12279 bb1669cd64d61f164d18d3bb59ae3a0872c96e06de2f2f4e9083b0533da32057
5911 3 12621 c57c28bfd3225c06339e9fc424b72caaa7c5645790ca5c68f52afbc796440ecd
5912 2 12835 5815aacbc480a44ec0625d3e91cc632c15a8de6fc492e15ac434450149113629
5913 2 12623 652c225d47236e599c1a12cb68b191a27cdba7de5ee7e0129c31f177fc698148
5914 3 13576 b37c7edcd3f695fe769b171ce4265f06e67f99af7b80d6102bcea749fa3eca72
5915 5 14493 248700b4c09f5f70195d799496ee8bfdeffa234343de6916290d95572d1f7050
5916 4 14492 34a673171d35c20fb81d94f6d614aa56b156078451b4d1a4eea2fb476f65ab9e
5917 10 16920 f1ca10c185eb70ca4699556f3a164325c32802e35f6cf95f416ffba01cd99f77
5918 8 17873 2251b5b32565f5fd79d0e508153d287f3814319a4b762398d1e809f40976815a
5919 3 19723 a6eb9181b852745e3fd446a0b9471a0c9905d7e29e02483c29a4d6a5ef71e687
5920 2 19937 0f6e431617d46639efb4ad3e1778dd72cf5eba1efbe4a19732f271fdba95aa3f
5921 3 19808 0324892017745c58512fa026a2f0bb87c284ae1bcc7f31ce06851844cc1986b0
5922 4 20287 5324d34a68634ce320742b4c9c2d443561d8634c354d8174ffb405df4e45216e
5923 2 20750 7db3203913f7da4f1e66bb7e1442886632b94ec1ec54b660a0f21e9fbc64afff
5924 4 20292 eabf5f539771779e4777f4fbbd085e8c45196d31f7a5f04422604580be2d3699
5925 11 20988 869f73317fe4e5f5b06858fa8e874110e4b66298e9d833922e0560a74a6c456b
5926 2 21202 e9731a8ba212b5e321aa4a5cff7e52fd37e25d0db007283e9ff6bb43d69c0c38
5927 4 21000 a0fe15a3edd17947b758284a484449da8d9322722c484013cd575fb7319d7533
5928 10 21036 fdd07b822f8e859ea888c228de95e2c2208279cb9961547685c5c89fe7dea61a
5929 9 21085 02d0a65137ff180b35d73717ba11e8fec54fed181dda07e450d98ab38680cdaa
5930 7 22029 07e616f4849493c7c67b10ec2a26836182855905776d8f490b26e74dc9b59dcd
5931 11 22015 d8061c5f68a8986449bccb06ea9ffa105facc18a92cc7f148795da8658572d44
5932 10 22062 83655d8ba4684e69f84369845a76e0d63a102015c5b118227f2512706b978c0e
5933 9 22111 8c75a16d77fbf2dff5c8b32158d070f50a9a54754c9f9c351780a35ec5a876bf
5934 8 25479 e6fa701f1236760a9bd9241d4d76dd0b9c5ef371b232d0ab8073bde3aea51054
5935 7 26429 c990467978d7a33bd42f8eea5cffc3fb233fba7ce20aeadbbcf812c87eca3c1a
5936 2 26716 0146030b9c311fbb0ff147e115f772b44e4fc5eb8cedbf06259c5f4773c04299
5937 2 26716 deea8674517ce874ee5711fe73d5d886ec10d3e35cbcf6f8d73cf94b0c8d8a17
5938 3 26517 18f12137a13df140c4b54e572a91b489dfbf7385ea9daf86030c22ca7f54eec3
5939 2 26563 4fff73e69e2f516ae1b95a34b762b9e55a8fede0622628f48525d7e0a2b1e3fe
5940 4 26479 85798c504d3013b6a70c9c447a5737cbd793248d08bc3feb85098299f437d22a
5941 2 26365 33c81e78568fabff52cacb7d30518c6fb61e2743e7b72d55a897b0e332b5cbfe
5942 2 26335 9c97cc5118fe9335f307d1fc4e8aec8558dae2924d225e4a43a49beaddcedab1
5943 2 26346 14a49a1a611023d5e4e11ebcee1b2cd511339cec27ff77c5a130a84f56db791e
5944 2 26414 fac5f78f695964afed977bec11bbbc6803f8f441a9429ec13323acee31c1bfb6
5945 13 26412 e005f17f9f8dd1d54d5c5e31c49d64df728f92fb10c852120ab2b23ec9e9b439
5946 12 28637 a86ccf7e0c222b9faef648c4bc17a3578ae838869fbe7bd5c4fef7bb8da7e687
5947 9 29587 8feb454f839a0baeee6f7f939fed47d52b671295cb5bbc82aa5ce58e9dfdb8f1
5948 7 30529 1886b22397699de95c516f0c2da7e967fb2e24bc729ce5d38d68dcb9b3361ddd
5949 4 31472 7d45a1d9e7390d84a74e1bd52b3cba01de5882a7dbe0399f48acdf2de199e155
5950 5 30818 0ad9886a0e3eb9cae871c86afab4913a4c25d944e93deab0e855d0c4b141d03c
5951 2 30780 65ffa16fc8fe58b075f0b881e7376647cdaf2f19c549e1fde666856eaf0dc1f3
5952 2 31567 45e48e56b4c84d8047e5cba9d57e77cda820d348bc5741b9c4e0907305230bae
5953 2 31567 37353bbba5baa0e423752be91983c2597eb00ec860f87db84264524ba27a2ac2
5954 2 31591 92c17dcf424546406bb34c9f66b25181365460eb470facd6fe39fb0e50757f09
5955 4 32543 34c9d1126f07246dbbc1762401fe1c0114310c880beca50c0a3ba8df359a6406
5956 3 32590 2ef03e057d4e09c7550725ebac8e719d3938006f96cbfe475b44ebe348fab7ec
5957 12 34471 8e0703d63967f9bd313a5e47c7f7c5a4393544a4588a68b0d7cd78cb15b2c3f2
5958 10 35424 3dfcd13ee12e421486a640326a79fa04e365a87daa3cf56c08c466b4d72bb312
5959 2 35785 fc7be90882218a057862e6820d72e96528d8e82b9f2f3e1faaa3d2743d88aa48
5960 2 35710 6fc1c8cb5b9822b16d0b433720b3cb3bba88fcb46c64723a4683bbee6c4e295a
5961 2 35637 f3765bcd76672c0aaa3454788db531e01e42dfc217b4abe72d17c6c496a6e929
5962 8 35436 05a94c99b77291c389de8472c51458f89af176fc120a2042652e68165131a7fb
5963 9 35472 e468b40c526b26ec1a93ddbb1e07843f07d5c19b89ea8f4dad4ffe69a856f8c7
5964 8 35521 74086491a41402d1a0a36aaeb25043d7b751a8d9c96150f4d4b33e6aac8c4de3
5965 6 39317 23261797948fe0c9ca24737fe9da71760ac4d6e23c156d922e3d916baa285e02
5966 5 39366 76eaee492d1c4b48bca44583ebb5e51da16dd126a22ebcd5122a52e1872582b9
5967 4 39415 b9638e0702fc5f14c4f82ffcd13f859e9b641b23e09613cf26fb4ca62eb66c7b
5968 8 38761 313d8cf51436ec3829f580014fc1829ac974e95c155b7c8bc4c1c160f2bbfa33
5969 3 39210 9496d7a9e82dfca553e4b219e33fe7a93a4d5d647043c9c916bbfd7f9a1cb60a
5970 5 38320 280f03412502b537239fd3b0b56d49cb1bcfd21bb143823546e44f7d3aedf6f5
5971 2 38337 4b22a3ce7a443b70cd55b9b5eb45dfcc06f8afee10d30721da1f68d6ca32de84
5972 2 39313 149868aacf14a159582216989c67cd3183613f1a1bd8d2c8fcc2c9163e638668
5973 4 39889 e4a65953887cff79b0c95d217f75ebe7c7d700f8887520b672c6c248ffeb77ab
5974 2 40540 90f4d5f5cf19f16e39622312afe9d2fcca053e008f4d98a3efdcdacc1ddca772
5975 10 40168 c9c3a9db8761a818e9119bbae931d6ecd7201af9681553978c6fa244bf9ba234
5976 9 40215 7ec15c5313a933a281435f0b0215020f2ad6c02eceb9dee0c2d76d89a1001f11
5977 2 40651 9ba505bfc711d7dffe943b4380887a80f891c02d02ab10011bb7857795f838fb
5978 2 40650 e2c75321765e30bf8c7b9564651d979a2dbb74ee5d04bbc6cd44075e0540d338
5979 2 40576 19e0c6cdd43730b43c10316faa48a13397e05e282f1393c05d129abe455857be
5980 2 40577 b076745234e09b70baef3cfa95df14209b03f56bb2986f6c6ddeee1ee70e3d3a
5981 6 40450 96d9e08a94c234fe4e051dc43f06708c962276226b05f6b2bbd40501b2072037
5982 2 41401 050b91c4d0297bc406686edd0f69bd88f5f40cf1929f28734d09abdf82928764
5983 5 40658 b59ba937526bac3e5da05ff205c193ee2e407a350a24f9a09a3013e5f6dc281f
5984 7 40300 6a3ac28471042d7abb16ea369bd557e242ab5b20c9acccabd67839e455d6ac10
5985 4 44171 3ef96f177ddea0add401b67a745397b03217f7243a90186baedccb95500284b6
5986 3 45124 f6a3652a40157b1399bb7b1a2e5520ac4055f8745f8e7458f36a8c3710a5fa94
5987 2 45172 c0836a9034a348e461977db4dcff6987064e5a569c1ef9fa5d31eda2a5b78827
5988 5 2501 4ecb2cca7651abad17a56be40e724b4d136b51039370d1d369b4606a01eab35c
5989 5 2499 274932f8c1c698ad8d3e8e57c4d1be1153090f41df823c47072ba656c032ce9a
5990 3 2579 cfc6a88b2cc942f2f85524d3e8b952d6ee31723957f8f2550f26b2f3a273bdb5
5991 5 3531 ffadd05b832d262e4beb87e54e9db86a6ec4d6e869170f2657509f5840cd04f6
5992 4 3578 acf724c9287ff0a9f9561ad7d70d1903eb7747f30b6a3487e1fdc4a21026c3de
5993 5 3616 d94da224397ab1d5c34149e7299c03b51abbfc2fc9767c7140d3ff766b39eca0
5994 3 4565 468c6902e2211f6c999a04b26a8419b07f806a1c4647dbb03240837719c38b80
5995 2 4577 4f32c790669d177a5adfaa896a6e461a2232559f1352e330f26566b261bf0ac7
5996 6 4646 404bd9207464f71e67361718c3c5f68f09bfaac209bc42407e8c012e02861ae4
5997 5 4695 7f8c1c6cecf1d7bdc343535f88fee62cc1eaa48f810bccfa994bd19dab647e78
5998 2 6666 4023a686086096e9788521b4c56180c05ac02cedbb561246eecc1b430d187d35
5999 2 6667 b2f8137310ee1276e0da75d125f59b281299b55f7ffd7094844594f3fa5a985c
6000 6 7620 7be305de95f06f614dee7818cc92c9049408f649339738e3e8fc77b0e87026fb
6001 3 8099 bd212743d1a33b709abeee9af74e17a0cbfa212a356813d4400eebad86c1eb60
6002 2 8553 3187788cde7d5e6e6753ca11715d39924c33a0d9b6171c61130e272809c3d0e2
6003 7 8779 ee8665cda34a39dd300dc388f24303f082cc6903a00ab5c2ab056db37dc27fa5
6004 6 8826 0ddeae6997d19c3625f0cd18ec9c0d0a1717dee98eb6e1208426ec3e47d2d4ef
6005 2 8874 466684d4e43921b98a826f51c4e1251f89c45248ad78d541657bfbf503c6dfea
6006 2 9921 ae67f118216212ef5ef0b046191b6d494fce233400dffc1837397426bd2d6839
6007 5 10940 2103fb36b9a03c917df1d4d8e6da77f932fe52b52551c991de1075cbb438fbe2
6008 3 11893 52cdbb6f49ab3731e4740c6be916e58464e3ef30ac981f6e411c276a42fd1a7a
6009 2 11942 396fca01af05569107c8e7c422b08dad1f272c209f2a04e1ef70613246027326
6010 2 10999 b819f74884904add1023dde01444b0ed31ad6281e984da15612499f970e3e64a
6011 2 11718 40972604004844d1f09938e92a0bd77ab26adf5590920af569cc62dfdebbdeb8
6012 3 12193 bdd2d8f6dc6f17d6737feea05db4f03705fed41d1d607660a3202b454a9b065a
6013 2 12246 0ad472e8efd5eded516994266f224c005c68eaa19cdd98555fb542f0c9467f2b
6014 2 13021 87243f757c1e38fd4c24ad6415a5427fd8420254218742ae28c83193e2737caf
6015 2 12617 da3eede37896267c62e22fd8d82404db60024133c43506e394fd48c718f8e2b0
6016 4 13570 3129c4b3934aac439dc96490fd7a5ebdada4cb6c705e1cd77ab4b7e20d78c11d
6017 3 14049 86c0dc6bf39f450a2c002ac936b98f9daec8215c6ecb1d45fa29a809be1a84e3
6018 10 14860 bc2ddc3f4198bb2607da391f01634a25978a08cb77fd33c9ae51117e4c1b629e
6019 9 14907 4b098c7941a51eb4c7aa33900c467a354381532f44edfbb929b19ea92f80ac35
6020 2 15385 7231fd1e50cf4a90dc04cbc4a48dd69bcbbba9165f5ab44c79558be49de722fb
6021 5 15851 e9cfb8a74f5e9161a6e5becdc62c1cb9a7b91d65865cddcb7f995b000e821979
6022 6 16804 436196f30a00aae3e5d0fbc1f244e69a42dc473477db69ef7d31ca8fee42cd77
6023 4 20156 40a74eb226fe5f64d77d83189ef99f841785d103a60b6c66e4a9d4f140a3fe19
6024 5 21109 ddd053b7b184b2cccfb26e106cab738660a60965f7ab05a9e34cc368e582d0da
6025 4 21121 e67bd6a236510f02866cb26acf5cb0b81bb48ecd19ad1812e2d55d33fa1d7af3
6026 5 21109 677a9a164c8f1c9a173ec5b46e1b2d2254c9da541d44f1d848b1adca60de837d
6027 4 21156 4f191ace0b9a7b6274e8ca2046a8d0e553131309d588ab979a76d513ffc47443
6028 2 21901 9731b5bd8478c3bd8ab9c7be94953d0fbf6af3d0fcea32cb57e4f3c5f2001723
6029 12 23309 6283e7a5757879b5f0bed8ca9a5f5b78e5e3d37783874c3f17328d7fe059f932
6030 11 23358 e41391a27295494b581383f54570281890ff67d1bec8f2d67cf4c145072997aa
6031 4 22704 cb21c8feca690caa43b270a3389e58334a5c0972864d8d67ae180d9e4d8c10b2
6032 9 23167 4c0abc72497e6f5c8a5b8241b2c66753833b41cf2a55a725b95e9328375ec6b9
6033 2 24425 f9ba72c0bb2f4253fcd08bd28cf43dc7f7d6aaf4adfb27c484326d595eb956f3
6034 5 25331 13f43452b78b734cbc669c63fe5487ded2fc71dda0b149d1c61c9ebeb2941874
6035 3 25130 b86e927c0f82844c3f935f5f7dcea245426e976f8b41590be24e9059c175626e
6036 2 25343 ad8d4575b42d2d329fb4ee2d49c3ee1f97895748f014da89399362b33bdb3c56
6037 3 25131 c8c42c16177d5d99b0c2467ce4dbcc0adf39c453277157bb946e2467a38307c4
6038 6 24879 e5b6df55e7d2dce9d08098a888b71d69f46c70816a2c8209e4e755eedaefdf12
6039 5 24926 ee6a77fc31f045d32b8c692b8894ae5e77386d0c163bc048ee87d303ce7261a3
6040 3 24939 75114c08adc8988f7aaf8ee763ec513d3f77867d4ab784bdcbe5fdb9bc96adf1
6041 5 24927 2009254614bac34533ab06a27e2f85d59a8b260b6c0fd5bf025cdc1397ac8127
6042 11 24963 ba0b9778e0785b840a3979c8bfbbf880175b7c493f192fa298e4bfcc309e9673
6043 9 25916 6fcfa27827d47c3a4a6dfb03d4d9bc57b058646f51ee1e42ae9f842f18fd0e03
6044 3 26231 d5adaef59177cd7f04dbdbc9c548e6b5fdebd809584094f6a79bf8914cf0d969
6045 2 26279 86af6ee73a251827a8a91be1660c6351c995156f5ca10f58b62dc33dd9795e22
6046 3 26180 299d16a3d29f79dbedf636a34d762eeaf83e7b9d3c008e185334e28d23919b64
6047 2 26226 d2514c0ff3839b35d6c5f57fc941a0ed872fc135e69a208a22d75390741971a9
6048 2 26380 e8f166329e372a3becceb946acb09bf9410d48e09fda5aa20684ae25d1c03d04
6049 4 26957 2993611972ac2cca4f7f5582bec5bd394b4e89b80dcc4403aa9c8bba837076d0
6050 2 27043 2b09d3d3edd715c2f291d79f966f521de2c510485651dd4dd188de6b41e759e9
6051 3 26353 88352017b2459e44135eeaa7bcfbf6180356ae940de6aaff4f4342b905978462
6052 4 26992 0a068e0ea8aaab2efb3deec5021648c1752ca69fe3dca05f1ad32d1ae2849016
6053 2 28532 9c4a6b9e6bc084356a74ef996bf73ac78c1f027b37454fbead5e5e39351a4d14
6054 2 29170 68a59e0285d4dbcc5babf8f6a7dbc5d5883e6f6736cf5b89d83d9c9f2125f7ec
6055 5 28556 7d61f90eae0357bb0360ceb95e2ab2940cfdadf095a6abbbd7dd9fbccf9ac1de
6056 2 29232 7ddbb7f78c41a55028ce5e50f21c6316e842686a8dd2833f9b970c0ff02170e7
6057 8 29060 adf0cadd95e667534de6e1727e16f07ef80c2733c8c118af295fcb0c72079d5e
6058 2 29667 b7d1f827e9b73b3fb85285480ed26fecc4cc1213d8070721a418eebfe4624a40
6059 2 29671 ab94006b1aefd0908922c787c05d0a81e78b2a996ec3bffd27191eab969ff1e3
6060 2 29535 f6e9afb52fbd6ab0e922879526df82efecf11132332a3dcd355d7152d633b913
6061 4 30153 cf155517ee76b77eb043ff65beec36cd1f0f1250ed948dbe8cf6ee82742552bc
6062 3 31106 7350833442412cec35382142324b1c6f2e0b6b7258f195801ff5b27761739b32
6063 2 31153 dbbec2fa59f8bc8841d19f1f82b29634afc5be1609e386eaab11d6a5c9cc72e6
6064 10 31033 00deffdc839126342e64834004ddadbf52f39ad167d1b3bde9c33b06fe2773c3
6065 9 31081 5dcab31f6c20955c85caf77ae5f439a2b0ddb2fb2abcce1b773d3b67965c97b9
6066 8 31130 f79923194da29ec985d24982ee5cb80d8273f2c030f096d26b7e32bfd43a725e
6067 7 31179 ff44ef457aec7f15bf95ec158b6a7c27a82901e00974cbdedda5735b7ce2a7f2
6068 5 32129 17ae4456d75429b651d92d1d7da9ac58bf7ff020b7c1b861aff3944a0c41129e
6069 4 32178 d5809e7c1963392c15a8b87a379977d6c626b24a2132bd60c7cfa6597b86c9a3
6070 2 32538 2f4d67c707dfad74e35322fca41f9a1089600ac56c890dd6c934ebfa84a26478
6071 2 32537 9944609006ad6a5ad4ebe58280f36ac02a7c3df63342afe7cde74ac38972c34e
6072 2 32464 12f388ef0b03aaf2cd0c7d0e485d1807e60706f69a5d2e7e07e011ff5f6fa5d8
6073 2 32338 1161290c106afed522d095b3e2e16c96348df8f2efa634f3e90199422d53fbca
6074 2 32336 a078668ab4bca9851a84596198339bb695b0db5f1d324ccea469bf4f66ce37f6
6075 2 32178 7cf25318bf0a6524c315c08aa2b3e3eacf0133ffdb445a2fe4f3f2e436a893e6
6076 7 32238 8207c9191e41cd604b05e334f1bc16bd66c9b46793411afd60c1ee3acdb705e4
6077 6 32717 65cb34681b9b8284df0a94bd22ec9f3223f6dae388b407c03cdb97ecc1a8745d
6078 5 33181 6709b2ecf15d0434f6fe80eae04275428997ab53107682bf10bf73eef2dba151
6079 4 33230 22e80fda55b3ac71999ece7e9e5b663c617070249e9a2f385c62abe5957f0d6f
6080 4 34183 8f29d075655c31f60440b745228efc8f6f6609d569b88d129a8ebd43d110bf14
6081 2 34396 cb586b152080f5089b46286cc62c4fd15a4cbee6df841d11875e009e258ca566
6082 3 34269 43d9187cf7cb30b58e2ae1bd52a6a517f203e6b8c4887e4f23cd26e33bc7d34f
6083 6 33811 a92d28adcd68bc71df1a5860b5a140af921477d62f2f3d6f538f96b1cebcd2f4
6084 3 2502 f17c25777d175ccd3f4f0090e8f00658f2f209057293132328ff26ca2f77eb05
6085 3 3454 2c68cb5089c274a05dd0d9e0f2227cd2d077256dee02afd8de34fb0b33ede8e3
6086 2 3464 8b704afc5db3bed4e45353074710accb53734c1e9c067e53bd7f1276c298d6c4
6087 3 3614 6817d54fff21f2e9ed5672bd178672cadce13a59985cb97c9c6897c760bfbb20
6088 5 4566 a8222f8a81906f4ae8c1c409736fe668aebe17c08eff914c5cc134633a845ca8
6089 2 5045 a68b00be0aa502edd96134bb152c5096efa40ec5aa13cdaf19bfcda54e6cbd8c
6090 2 5508 ff8f9a88e050d5024e8242ba19cd3acec132845731d29715410c59684bc2143c
6091 2 5051 12358dec17f6ab9b8bb9101907d5eb800a9c5de9433c3f823a1cbdf9d0ef3802
6092 4 5588 a3def2deabb793488a383e04265fd7cbdb280cd378f797e1c22bd3000ea5424d
6093 8 6541 c1617c1cda0482f5f32925a76288829b0c5862077c0ff3a8017a7d0da091e77c
6094 7 6588 47372bff7dcc531d0e264be7e58a5d0ac5ea0e2a9effb0e6969946b9f28bd644
6095 2 7196 d126f506a12f648cefb40d4283be5b3111b0aa04f2ad0374072e9cc7fba7f28b
6096 2 7528 98f832c40ee4b55668586d1c0e5b3d863abfcfd0a9c71acb1e2db508542fa96d
6097 2 8005 619fab57f14796f217f235ecbe70d20d18859acb15d50ff5d5872b9170050ae4
6098 2 8058 09b411cde48562c2e8b3daf3bb28c832498555bfead0f730d89bf6cb1bada412
6099 3 8657 6197eccfe79ab70282e5167a06f71487c2e3c25d0e97596609a1d8696b732056
6100 4 9609 5977d3aae9c9642dd2dc957af09102cb01bba9903935eb08f953430c902539cc
6101 3 9656 06d94e12c40ca971372550fa36d0c2e6d31f3b00f6b20b762b943d9f23830ad9
6102 2 11597 83a5cc3a77a17f039a6ac8f49285cb4e2716141abca9f2141f09e3f91ce14eaf
6103 3 12549 86323d558358b905fe339774084b0cbaed2d8d917a6fda0a9819589ac155b62f
6104 2 12561 d7ad7c630e939dbb6d2b0e463251c0f6c33486ae13aab4cb681d02cb88a49341
6105 3 12549 5074cd4de4f7821732f29b56d19ea2cccae5dc1cd1fe4ce5b43204ae5d87e30b
6106 2 13493 2081b7a09c23b15bc273b714f3d7d8809692616017bb684adca8ea4ef61d705a
6107 5 13738 3e68d89b6c53d7a91c276b005eba4a8bb4ceb3f1e655f6b7b2a2c164f10dddbf
6108 2 13500 228a23e4e61a3574f65ea0ae7a24da61f40fadf1c553172dff5983aa46341b9c
6109 2 13952 d7bf0cdcdb79b5be36c81a5b928561816b42e12b2c40257cb3a9da5f3b91e7ad
6110 4 13750 83fda9ed6efa2e1aeb8db926703ed8e4da9affb76dfb94539d0dd62cff7b3534
6111 4 14229 65627b1c0f9d8a64df3aa7ac11d3d87cf0f8520c85bba2bcdffcdd79065dc865
6112 2 13857 292204cfe4a8947e79a0b4788bf88255bd22eb66a40ac938a372b86ef4039c5c
6113 2 14539 627fc65a453f7c1d848ddbdaed4fd71c5f408a3788a0ed7b554b4c94b778940c
6114 2 14680 9a3c2f20702d489ff6379d26f69b6b02e9ecdcb82e6a580d59032cc18fb49806
6115 2 14528 d551ac6a7ed822e9117352a54283edc1a27ef8e4a4ffce6b5d9976f4f3304735
6116 3 15038 3f3db453a01cd4fdf8a4e5b744dae5d6055424dcab91624ab92f519ce751690a
6117 2 15694 5d62e3ff0490f564bc02df216fed14c332c0469c9b9491c6f1feca4d775a1909
6118 3 16647 ca0e1056e4e45a34138e5f9e50cec6c9b687f8e0eda2e826d813cd981a07ac63
6119 4 17224 257982b435693691af670fae373b5da9699c3de6b1b7475684750a590d1d431b
6120 2 17298 fabd3235a1aae23f8340c7ca6781037cd2d6a0eeaf503db93c0d0f9ce85eeec9
6121 3 16641 6b843d6525a15455104b420b00a17cf96901bb23175f4779961e49295095d171
6122 3 17120 2659d4e1406fddce90f2e8432063ab50903491ca9c21f5c5153971cb88844899
6123 2 17583 63bff78b7a3e53c47999ed2e78712bfc6ab3e315f0123bc2bff6028806d981f3
6124 2 17595 22bd6302f81d4339b4b4f9fbf4e1aa7c88dd827d2a063ac8a64dda676c843361
6125 3 17137 b443157e1e7fdf4bd5622e79076794b8db5452f855f35cc7121bdaffac3b015f
6126 8 17736 2a724ba4acdd9f5f1c2392daf20b432cac9952db64ef3a7e44f9d8a1baa941df
6127 2 17950 a1b1ee8e13c087437f34c96931636240cd72e0f1e558be35f662d3ee67f867c4
6128 3 17821 bc5832853f6fed1d79926784fc63220ce5ffce5f35b67acd57168d94184b9e1e
6129 2 17867 e3dc8177a2d9fca80d7fda589b80e13721103fe2e05b0e646eb8c81abaf39f92
6130 2 17783 f22b7ed135bcf9dee8b54ebdbc24ad3fa56dcb29adf1edaa68edab7a1dfdfc24
6131 2 17736 014e544001859b87b5555e1c5dca84bbbf96c8f6ac3e7e31f30ee7e208cba3a6
6132 9 17813 4d141ce1868b13673e0ed7c72ab683a0117224fc4b81f4fc550f53531642b420
6133 2 18971 180e90d28a87d70624bb4b420551d70eee56b0cd0c714db4fb95a7b1fe1641a6
6134 9 18841 2c50882f2dd7c24d900be74f1e90ae621acd2941bb68ef208e01d076674067c8
6135 5 19787 e88e57b3932b56ba97b8fb0ff36ec472210dddbdb6a89c024ebce4385cf8122d
6136 3 20882 f6ddd56a405ab85e56ce50d8184c79a04eaa426b9cac48beb505e749330641fc
6137 2 20543 48c5f800b3f30a9a561defee143397ae0042e0ae1bc9c659d1d2ac2382a34adc
6138 2 20547 7ad9e80b4588fec34e253a4ea6445fb611eff0bfc4412d2d6175f300097ed1d7
6139 6 20761 3d8f02bfb231f82fc00804240b7c92cfb6df11f20bf02a43b494cc1c539f1131
6140 2 22269 c96356a16e1363194f823d71f7ed5361bbaf96bff87c8aa73ceff3257d92c7b0
6141 2 22267 d0b3b3b8e6ffd75082a9835b15137096a88cba4d780f29475f2deb69b4f1b547
6142 3 21577 13b7ba481037897f9da6f7c416ee241c2f8a0a5a505ff8812d8adf43c01375c4
6143 3 21975 7ceb01d76a2d16e0e2c43fcb50cdc76d12b8a6a639ebb8a9e6db893ba45a022d
6144 3 22450 216fca8ecf7daa1d59570243600baac534716d5b4bb509413c2d58510e841232
6145 2 22503 0029c9160adae628429ee2e0f029ec550794ca799e4de12f768337376e16af4f
6146 2 22895 559c404ced956c5c0935e36e4125e1d046dad42508ced240c800fdd4015cc03e
6147 2 23109 a6f27ced6772528c1ce1053274faf17f292f238b5ad0b099d0a6f035bc07c9fc
6148 2 22895 8987cae5fc1dd23a1e0bf8e37052bbdd2beab19d494d3f18206436ee276b3875
6149 5 23848 bf8d80606702851b822af3c9337290fc29816a97848df81ef8fe7c2d104ae8ea
6150 3 24327 2f99bc8e5759e506a7d23298031ecdaa1b9053375b93639850883cbe40c0ae90
6151 2 24778 4e9627248d99d7cd9c9e345e5f51a489a46a21fbb40ad228571f86d7f142b7e6
6152 2 24320 8254a95c8ab80f14e6c3357d4e63add895be8abb0b6e103fe1e29335f03b5b2b
6153 2 24971 f1fa48ba3ced2a60674e08021fac8b459810e829393e4664719901b43a21208c
6154 3 25923 620f0be0a62663322bb27c9b6c3c0a5176d8bef40a3066637edcb5fd2e2ed576
6155 2 25935 20c3c0c93f8ed9de47794860c628ecb0b22f2b8742374f4b8a2fbb1db90c910a
6156 4 26004 412a5145b1778a7233ffce1b40c485674bbc20f89258a7cb27512dfff6de68ef
6157 2 26949 b92a8d9e0ea990190a56797f021737033294a141de9a08c271e8d7a9b7f42f34
6158 2 27162 92ef45ca0624489abb228e99d1987fafc9fd9e004051373be8ac0fe9194373e1
6159 2 26961 7bfd782cca52f0a782407d081ae39363ed95e0b1bba0b713bf898fc7d40bd6c1
6160 2 26949 2de7ccb6662095bff4636f8b0036d68a209a710ab2f26f44876132c76ba843f4
6161 5 27592 84cc772ca51f62711c700d1bc0527b8c3114ef29764008f6c56fcbd2fb9343a9
6162 5 28042 f91534cffae47e23ef952a1beaf0b251e7a38293657d8e59f023c82dd673e3b2
6163 3 28054 581f50f7a9d2fd02b3417ff92f24523cd2c9902f041e1ae4a1bf477417313abc
6164 2 28090 33181b8e97d23c42ec17cae7e4ca4485fa9abf12abb529ae8f203ad59f737667
6165 4 29043 1e213efc476a30ee079eff5aac10e7d2c9b31b48b24623eb04ae9d2af65c70e8
6166 8 31056 1342490f1f7bda167e38e6f310ac317193cf5bf5618552bb662cd0f670ef2f28
6167 7 31103 3adcdba3fd1f5d6c8d97cc3bcc629b6f308ba7727f515096c570e31a835486b8
6168 6 31152 194e876ef505e4e374b35934702de111b2f2448ee03b441f90d27bb268fd27c1
6169 3 31631 7a07992ac7ce171b4febbc50313788fb9d7ef3a50cb758bf597cf5c6ec0526c4
6170 4 32095 2813bdd191eb3d9a13ad890cda858dcb357a34d3fb9ddab96764cb67bb9d4d59
6171 3 32574 5d192fa213a976256c2e72b98407b9157272f712cf82c1633560be909689e0cc
6172 2 33026 465fe271802b83dda464031c5055dc70157de1c5f62909e0867a211d87ac0c28
6173 2 33040 9d9f3ddf5166aa9e2a114ade19c66e6fd5bbc23fd3246190d3d861d58ccc7b4b
6174 2 33028 8e17517214214d1edc46ecc96744fc6d40ac419989356034c8b32d3e774a3cee
6175 2 33336 00344e498bc0cf89e8dfb7248b4e034317517693bb9c1f1dec99c93f1ece0816
6176 5 34288 94c5f9044d985c5fb11aa1f0da92d4b26e48ffa752981ecb3135d059ba71b752
6177 4 34335 bf15f4bf68ec24332629aa5906583f38c27455464542a8af3be27c4e452734c2
6178 2 34327 af77cd2ba9c660bf791152f358b41112c9274f80885bdce67fe550ed62a830e8
6179 2 35365 72b3c23c8a22d5cfe86ebde17fd6701b342122fe8ec0af04f46be61576280db5
6180 3 2577 c76aa46d450cfc485938f6609dc0069c755bce6784513c6612057167f040d04e
6181 6 3529 0abc1dfefc7a75e31bae574cd5790d804cf5578e68a17d13cd8a9730ccccf5a4
6182 2 4008 55bacd6ca359f9db5b946766cbffd76f02757c9ef79b05c210a5d49eee4ac75d
6183 8 5312 32130365369266619f8758a1a0c48241f7cf098c54d0f2f835929b60cc12834a
6184 7 5572 2d46d5dea591f9b8e8717a475654cfb2c73fca66c94027e1c9edb26580a89b36
6185 8 6522 4a97165ee8ce0bb49ec5b230064f289544da291229fca26a1ef93e0462650255
6186 2 7001 fb532150eb99395cfae2bc0cb750c47cf69fae3da205c5927c46b62ecbcf43a1
6187 4 7464 4f98efa47726a7c30bfbda02db673e30d8e11d115ff86ff05f61ff6391b6b773
6188 2 7476 6914732abff9bb8f87e8af1480256c4b05973bddce0d1e21fd635ea35a4178fe
6189 8 8390 71b946b21dd9462d655ca4478b8b8fb3e331057bb496adb468f105a08cca198d
6190 9 8575 56e6688d489862ce53a05fc257f57d3dcb90e9e2e8e87cc491f57189fd4b5773
6191 8 8623 b81ce3c9a374a74743b682cbd95bcb7f30550a4ce203f8fe0f07926d532f8f99
6192 5 9565 ed317a645e3866b86df75e95922e6f2efec9e847995fc386ccb4e51fb1888afd
6193 2 9778 aac9dcf5c90520c741d88d5668839b9070219f285de8a2aa429c3c3132b3dc73
6194 2 9651 94ea49183d04ec36e6539995100f2d2e1136100242640c7d1c5865a70a43fa26
6195 2 9614 f73c72ea1d2a94e07a0d5db1dd21740c780ccdddf2385dd6c257dcf52224889e
6196 4 10567 5c20fec02eefb645b99662bcac5c8b05035a22d52716155e16530d0b04ad7122
6197 2 11850 7043bb235bd5f9de54b085c2ea34824b6bddbdb34af8a96fd8d5bcf0d01cd610
6198 4 12802 46917992a1c808e9d1cdfebc9c63d1d3064561a283666c97bc3edc47d2203c09
6199 2 12814 602e70f9f758669752e19d393201f830feb4ecf8d4d38ce91618589d79996c5b
6200 8 12541 ae1fb5f2e1ebe90fd346732ee99044ff98c48f5bb82658d12c02a9bb7870bd58
6201 4 15903 f6801c73214457edd8f5ba91a7d743e7a04e22e40cf47b6172457e7872c447ab
6202 3 15951 c4ad880bea500314a9ce40dbac54b10d3ad907a0e4f671caade7bf01296a2337
6203 3 18077 27e2b236b64f74c7b486535e1e65e4c5079dd642da81e5344c712e1e13ff2926
6204 2 18363 8d6313a065575eee2eca7af165b206fd0752506abda2898724f3239ac43886f1
6205 2 18363 13b3583fe7ca8dcb128f9f60f6598df5b1f9b230ad80e541a84619f9c8ff1a0f
6206 3 18077 8683c1d6a0b54c279f3cce16f85251ed6b5fe4aa8ebb8b4c4b6b920fe395e367
6207 2 17933 34fa3891bc6b27910f85a6b593507ddde2149b6dfe3c452f9cc49018a8fa0801
6208 5 18458 24365fce45367775b7c6d9f37a936ee5bd0fed272a312bf58d414fe90814bd53
6209 4 18505 ccdef196d358f82cc450c3f1ad9b49777b2568afea297ae819470848721b7baa
6210 4 18984 97e56d1b28ca8a147b3f50688272e29ab114915c8445563a55b4eb28be6619f8
6211 2 18361 fd49d0a96a88392c06e04fc549c80c27a88df954e4c3cfbbe70ca2ca4b2efc84
6212 2 18961 bd94044a33f48a547299bd578875e4274bf109135a652173e8c80ea78b8b21c5
6213 11 18991 6ed9d4ff8739e0ee05a03f81153c7774565c028484517d05de03d62fa7e9aebb
6214 10 19039 e71c94e15212f29eb04cdede9508360e204e79684a30fc2c6eb13c743a40a936
6215 9 22391 054c6c47cf86ffd162564769d630dd246bda48e6607e6a3705e798e581423132
6216 9 23344 4177f103aea51cd8defa9e3cd25d4d7c030ef281fbe3b6a1cca6557cb695bd40
6217 4 26994 fb2c9349b32540de431901150b57de64702e94f5c5b906045eca30cf5df0dc5d
6218 3 27043 525c6bd14825e13326e6b5d12a1dd34bb8845d9c391435cc376739b9a0f609a0
6219 2 27404 ffa0cf3599a706d3954a3a63b250c8dbdbc6500e0c22b7dd98892faed59293e6
6220 2 27330 2de6ada6460465a3f9b21b8aed2c692c847f5e3c645d6f151907018930f6f00a
6221 2 27330 80705aba3f545bef1d9026b38bfe97659011660446415f3d0d4ef87bd2d5baa6
6222 5 26665 5085f3ad2743677975434e21c9f57f8bcfbeba6c20c72af5a1da6d8707f0ad44
6223 2 27607 9535a5b530fe30524dedbbbfc51f588e8ce39266b093929f4e5586e065f9c14a
6224 2 27820 1bc41ba88a51d056117bb846ace6d346f299a4e3613e44de696dc77e5855c329
6225 2 27607 21c6d13aa1e9c2702cbdcb7d76b8a8ca57324328b8aa6607baed7d6597660214
6226 3 28560 e3ad26ba88d37b4d6f861ab568085ce05d76900549d38b7876032c614628e3dc
6227 6 29039 4f27b760582ac3c65d2442323f12a75c0a9a5aac71a9f997d5c818d45b990c3d
6228 2 28647 8de156e70e42f7cc59af40b2d2a92bd3dd0ae43bb5d071a7e281cfe4391a75a5
6229 11 30278 fb30d2b8d53beac984d314e947f9b6715fdd414feafabfd6ec432612b1d921a2
6230 6 30402 132e7ee96b69b5579a83abbdb6fe3c894f12e7b2e238cf724ac67b77c83fee60
6231 5 30449 12c16dfa7638d52544e4b979e91933bbd3fc7b652f50fca4da7b6618772abcc3
6232 9 31169 d429d1b0d618996c374447e84a0f242076a0f31c16119c4f7c7239dcfd50477e
6233 6 30515 72fdf3537ec2443ea30bcc2a246f5b65b484853149eabc841994568839d76c98
6234 8 30970 065c895a096e83192d6da4ec5c299c675c85d9feabc20dc091f2b9c683a3381a
6235 7 31019 1d90d250e8385a54629f2a0e5000f0d2ddf7f5f8e2049e807e360df7b625db37
6236 6 31068 a52ff80ceb7b2178b383f2d5601e2f48d75720a2c31ec5a01bab6822bbea01b1
6237 4 31053 ed5fda400efb2acb220de8cb69545e5bf97d87882e17774f65c7d09f05295d17
6238 2 31179 174c8b44c9e20d6e02131d7465eaefab72f47558a4f727647f417b9eed443d8e
6239 4 31900 80dab454330ae63c7df5a7169f4f09905eaec42d4af43dc40aca74d356f4c0ad
6240 2 32188 0fca2ab30dc683390faad06c30d921c038516c07fcd98ffe95640e742e0a9780
6241 2 32114 e857ea8576eca48da56b3cf365e8a72984bc5cf802c87dbd9871de787a44c7ba
6242 3 31914 55003fec209d4d54d99005164d78ca37d74df6f88f564c01a2c398b2b56daa4c
6243 9 32267 235a946e599fb1c4cb0e15f405da65a33016679bc013bf3e5c8dd40ade34a2dc
6244 9 33220 02faaac264dc15385eb68ce3c4a1c16d957e903624a29e20fe4a829f2aeb4815
6245 2 34471 ab03b4bb474ca2bf500afb95aca6288cb8b847e17997bf10822f596141961902
6246 6 34163 3391e57c5adcdf911195332b25c5d3183d5f8ea4927ab9d54265d0ca73dadf77
6247 2 34376 ac8fdfbcb0e6d8ce69436704ad776d435808916146776205d006aa3582cd59ad
6248 2 34175 51d5f35577bf565e82491c6966f3db2a5b4d3f483bee6399a8cdc4f210e46bc3
6249 2 34163 ecc615bef084f5379505ad5ab5b2970bbb27269b3094d5cd974af0a53b2105eb
6250 9 33905 27a2af93f4765ec94b42227aa55510bff574c0100847b799281c17a434100678
6251 8 33955 b6e05b6fe902181bf668c4b14bc0a6e9c796ae67bbdf9a1180edeaa37ab9bb56
6252 7 34004 6ee854156c82d5cc7a5b870c5c13b931d049abfb3f711bc25fe65a2d155f05f5
6253 2 34366 c32149240ccd6fb65814ab44440c38fd6bbb13e8926094d1e40ce006538c568e
6254 2 34291 8a5609917ecf3c42469d94e7bdd0a22cfc6915dc0575550c50bdbb531ed30477
6255 2 34217 2d452e592246cdd0c657505ad2a11bce2c9fbe9d21c358c9bb774c0f5f97d81c
6256 5 34090 4965758347bf41bc3440d211ca893d9322b5d454672c59881403fdc1244f5094
6257 7 34569 90794af58a8e89f5f6d705bf9f044068f8a3003cb7fc922040cc3ded7e260e03
6258 3 35342 5e32c2d1966f890fb9d1bc80d51db06e9d4307e0061f08e48be5a6f44ef50604
6259 3 36255 4e25b1d0a84809ba2f8f032d6e15fdf6903db63f13e8f226528e4b3bdf7eb216
6260 2 37073 dca68c44f15da42f1d8005413767e722c166adcf2fb4ffbebb848e43ad81a14c
6261 2 36461 c11570f9628f0924a192d89ced6104828c0d601fa72f9f69802a55fc67972361
6262 3 36206 10fb5a642a456d05293287908c2a457d7d82badc656cfe18f736b5820de25f28
6263 10 37487 876a224a36aebbee5831b50f069da7dfcfd040428b9f7155b667dc5ef8833bbb
6264 4 37966 d70d35b75562ea8a9982d26116561e5db342379cf5b9bacf76bf12b5538140a8
6265 8 37395 48cc5c000f8947088086178b42a97c3ab670f6b492d6f3dc01822df802cf4ad0
6266 2 41044 3221236af0d21a67d7b7aad90a0236f1b88d41b5385b6fabf333b124daa917b1
6267 2 40862 b1d6ef64f909ee4fe61d8052429a9470154e28085fad9c5d30a3fd02a48ba43c
6268 2 41196 80b5c966d21576e3a045ea60e7dcb07e35baad43435dade68dfa5848b39c4bd1
6269 2 41122 4164c9fc86e7c45ea711822a072d1a2f68e0c2259492e4cbc24abf18cd8a14eb
6270 8 39973 c4419d01b83a9bcd0a3a1ecf4a04e4fa6bfec5efcb9640aa07046dfc3518d8ec
6271 3 41511 5e17cb3dd9500953fa4c39b981cce79c8155e96ce9692f786f3f4d9dfb2e6c20
6272 5 42149 2ac44416c38d9bdfb34d5dbcd22415e8316761f914d15c491c9aabba23e82755
6273 6 41535 8e7198f21ad99f9fdfaf98780e3df6e873cf9350d66fac8512c11484b5aecc82
6274 2 41633 ef9313ccdca7f8dbf804523e3eeb27a1b12a80458bc19de0b0cba6be1d2ba19b
6275 2 40979 b65bfed83cf92caa8609c2aed31d3df4e6b5d88a9d1da031509bbb68c5c547ac
6276 3 2502 5608bfd133f4896305179e69a8c67a8d7ee32231d00247b16aab4b00f3390b4f
6277 3 2500 818feab4c854f9618cb0031a72dd29562962896d116fbf5ced154669fc11d77e
6278 4 3452 a01414c5adaed194ee9c760a16ba9f0086bf1f4e46dbdd0503405e65615e0ae6
6279 2 4396 4c964527ce376d425f040ba86cb8f4b27469a2e1daf7f2ad4392f68b6bd2179d
6280 2 4646 04a729657788b55a08f273bb86920b202570ca3581f0fbf8f271c4bb0390b6c4
6281 6 5595 e9f61b6a963dc17fc7d788bd6ba4c90be1c33898c145d76082d9bb0572be6223
6282 2 5434 089fe070ac6acf44dafc593d847cb283964b3118492dc66ba55e4e187fda1bb9
6283 3 5607 d17722dc0d83998214b77b792c8322c87820a6722dee374e00a59db40677a1f0
6284 2 5498 c40b551828e4a445037b5a42a4e675fea3de234c59514608935ab13439081cbf
6285 2 5482 4fdc85ee543c351d439f403aa086a96c08e568d42681da6ca3fa17c0e344339b
6286 5 6126 1b186cbc9da8620090350733dfbc1735988af8480c2b2c47c9c42ec5fd5bf94e
6287 6 6521 003539cbfd2f3e8b262ea86c81a94ef4e38173bb831e5f87e11814911f8820ec
6288 2 7000 9fc24ec28e0279ce3af46403d296fa4274ff31031290c116aa2eade359d33d32
6289 4 7463 63733e46fb119182f4df9333c66239da0e0de4cdc9f16cd45a433976cfe0949f
6290 5 8416 9b1050869f38c7a27bb10d7d03ea83478a1b346fcad4c2bfe50b64eaa6313aba
6291 4 8464 2edf2172e39093da3babe0a4d2ea2064fabaea897caa38edb69aef5d500b760e
6292 3 9714 e8ab2825f49ce9374310b8228c0ae0b4049812df0e6af9aca70f3736d80c274c
6293 3 9260 9783508a207e8fadf8f5e8cd078685cd14175494142f0ad582e6c9aa177a2b27
6294 2 9300 48792ee67bd813a12bad016ad60ba98601b2dc73c7c8672ffe14566f6ac85d4f
6295 7 10815 4242283b8522bbcb23117854e0acc396b4ae8ed636135ce85b8601438bb08512
6296 3 11294 7d33f1bfad806ef7a73c615d016f99e73827b3e8b02ee26314b2535944c710d0
6297 5 11490 544ae64a067315f021df2dc6c0dd5bee027492ce6da05f3655f4e790dacd0c79
6298 2 11704 9e6e1362667215b6b1f17c6d187aad57a07797cdd6e0a902d441788c456c6562
6299 3 11575 970e5a2796122bd7604e2cb8a88227da4b52bca97a6491742c57969abbf09fc3
6300 2 11537 4ca4f79aca72bb79f215a3e935e0400610db744579fe8e4d12ae1914495f7343
6301 7 11841 4931e48cac72a39cb4cb82a55ffb3a46bf8db1d2417448fff9ff372639cdaab6
6302 4 11853 8678783ff57640111d1b28d47c08ace7f5d2554336705b97971e905af1dbcab2
6303 3 12332 32577282ada9d2ca2dd457d98f3729eccddf6b27ba1e790667e6702c594bfb32
6304 5 12597 e573ce2b2f650f8fae7ccc3725982c3b274cd3789406b293461dede0acc7dfb5
6305 4 12644 2b46a45eb39b525ae519a3e7263f329343ced23462c8ce598b248deab154b71d
6306 6 13597 171bada538fe414233a5fd6f75622ee5d9bc24dfe50c4cb9a42b70c78d26e47b
6307 5 14542 9c888fc46256a45588a2b17c0fea1fd6882643ca83881cdebbc96194f3ebf046
6308 4 15017 45a7b1f6d20eaf44ba21a072151eb8fec7b2032e24f59053c84456474b8e355f
6309 2 15070 f9a67e65b5575e868e093f2033b781fabef1ccf1df609c9c026c2f679d771004
6310 2 15416 ddb0cacd59735c9df178f4cae7bb0310faee1ddf2da9029e00cda3b43befc65a
6311 2 15703 e9b9cc6476c51fd64fea37b80a6e9dd84eb3aae0be25589951408baf5fa850e8
6312 2 15703 57bf8bdc8edc09df0f978db54d3b7497eadec9660f0445580f7b0732bc4e34bb
6313 2 15503 7402ad96f2c0d47457690c5a323cb5e0b09fd5f01bf80f8fa7c4140a3f03e035
6314 2 15945 043ef3451cb2448c38119c0bb7c37c0dc0b7592a329d418b7f8a3c8973f6851a
6315 2 17180 7688a72985ced2d61c58607e87bcba883a06693f8728668bdc8e7b71d34162cb
6316 3 16490 6a4cca71ec182b6fa49729b9a9a4182e9a35eeb92c54c7d6d9ec97efd8255e7e
6317 6 16964 c929475382c08b0a3a2f11c2604a1b93dc15fd57933c2d51b26ac6cc010247fd
6318 2 17756 0627e29174a0a6c4d098eb642223dd318741b69662d9ed605a49175a9a090d4b
6319 2 18440 be6d0e5bc55495329b379f26d9fc75eae2f0254376bf8d5e1ca7fd0ec194cf60
6320 6 17967 a6c9afda297e86b775cc5b42a734829e6437daef8b56562743c311e95347d016
6321 2 19937 d1dbdc8bc892d86a98b1cc17502baefe94952024c7498479d5b0977afc093ca3
6322 2 19937 caff303454ac3483f214a1db879099327e23928ec6f748da4f5ef47a2d35523e
6323 5 20890 7e2dcfd1f6dea19510cfc67044426393d9a1ab5336eab323191b041ce012d2a2
6324 3 21369 e276469679ab3b4fded7ec9e089f6e8df35e5a22ce0fabb52ee55fcf2cbf9533
6325 2 21728 bed21722b24f26b8c4f7c50221f59f6cfd6d993679ef8fc67f3654be692e45e8
6326 3 22681 0fd101861a38ed7ab2cacc214b5bc89af2e36bc31bdbf6c130d20e5a3b4680c5
6327 2 22728 974f37f2d6c6f60ce71e5e960ee7438ebc9f2a4239861b04cf586fdf700b1be1
6328 3 23238 ce15cbe652d60479b0422da08a09ea857f1fb93128163c834115dcd5300d2531
6329 10 22937 77b01afc1d73baef2d9ab5651b500e764692280d12b20df555779af0bff22488
6330 4 23879 4a5fc291d80fced6ee98716813f5f9b1662f6b9378ecd558272ce46021f0dca9
6331 5 24523 8232186769ed4bccfc90b55439cd85b15f7252b3abd4e840db5e8b748312f28c
6332 2 24079 c8b50e2b45a95ec0d43d598ff89f3f4468815d30e2917ec8ab0a3c49bce53101
6333 4 23770 0b168ee8584157753da33742d493ae5df3c37eb592a403f48d326a537c366b37
6334 2 24714 2948161e8895c6865cc130eb775de8f7114d228299e626e7e4576e6917d8d313
6335 3 25223 bb6e66f8ce96ed7dae59849b3a362b4a94a9c7062bedb2b67ad63686e2566105
6336 2 25727 7151eee0cfe2a5fe353c363293d8922c1a2054bead39644c4636e953c813a090
6337 2 25727 a93737e4f8d853d14fae15205d6e8d4144b4e317709b56d2aa0fad7e460d4bfc
6338 9 26006 5e2e66021ddefc10f61c0e88ea957a295632e480c771af6a7dd11fa09712d3cc
6339 2 26219 a5c6e646b6d91647841eac2d1ec826820afa16624b8e695cc01fc7772d6083f8
6340 3 26090 ba4198cebe339261567854a667af2ad4ddb1f52954cda060ff6faf898ab1c26d
6341 3 26088 b520a73b1d6fd7afb075475d97837f116baabd9ba1003965cb1491d73e24d35d
6342 4 26053 0a7e9bf3bbe13ac0316890c2257a95925315c830c48bd7848ff7449ea7e25b3e
6343 3 26102 6bdf960493d24bc678fc7ae7d8f185523a9d702467d0345c703440a7dd55dddd
6344 4 27878 f609c105ae6300205dc5a99e8133f6debf5cdf72dd5521865f9436e52efb2f16
6345 4 28831 59c1d3bdc3f8fdf83816c2af5f20bfdeb1605e99bfa926c9ef897073b9533d4e
6346 3 28880 cf7ebaba858388c28aac5e59e12afe371464573d9c89df13ee25c6045290d443
6347 2 28892 d8a6f17fb1c6e37ca1e75685b0248005ad2ce1bf4c16a54e509de8ad3abbbf4a
6348 10 29100 56ca48f8a36569d1b15237fbdbef3299e439d7bd5af116005756e928dfb57f35
6349 2 32461 462c1e8abac6e8c2cb1c9258f7137176913951d6a2a06c8195d17780d75ee145
6350 6 32277 9f5e6d6154b52a6cd213f4bbede8c19dbadd9ce7d95f508f22fd1dec0ba3a73f
6351 2 33408 73726365e4347a7b228f02497399858681b5575ce6fde2c1669a16ceef2bb285
6352 2 33408 945e115b54415fd2b526b824b62c8beabe6f3d3e1db82c8746df7e420b819ffb
6353 6 33056 52007185f9aa19a946ea21efbbb0a2047554a7db2da1775f31e6e371f415ab1b
6354 3 33068 e74c702ec6c63ac04119e4d9965d210be0a48f45a31ad68041ca6892e7afe28f
6355 4 33104 38d7bac4dcceb917a72d554eeb4ee1d75074f207dba97e9c240d8d9f2731e4bc
6356 4 34057 c238baacf3f93882a15132c3a1653346fb5fdcf23ce73f961afe8078f9b036bf
6357 12 34257 1b2c8ed38d57149fc0239cb9b158c1152edf4582a70959641b0b55ef24f4f3e2
6358 11 34306 ba5b622cfa6fb378ac6550498105b65581e7a7c1c03947ab1d65862fae279a0b
6359 3 34376 0bef70dfae0a6980adac4c5cc2acf569341d0a7d77fa7070a86c2cad3fda1088
6360 2 34421 5a67f7dbbbe960c0f4163ad51d03dbeb423e1aee172623b0fe714e1b8985d282
6361 4 34621 64a917507c17208ab73e033475a44ecee80387d4b33e6acfd98c3dd6bde63228
6362 3 34667 c01cb7033dd7a09f2286b9a667b1f6af91995efa6245c022bcf2877584bb9447
6363 6 38103 76a08179b8614fa924258a41f268fbbf5c55f32931ab51e46a1615b860ac7702
6364 2 38615 019dcf8d1c2c5d3ddb268e6aab6e0a5e8b352132487a3011a0fda2af7919cf19
6365 2 38541 cf1c05677fc296eb9b0da6069cdf3b18b4b9700e816b8f1e402d6f39148f7313
6366 2 38540 6b4457de5ade24435724bf3d5ea39f0f89d2d06e17a0f79dd36e08ac1fe54f23
6367 2 38465 c03e3578c4c2273c810621105ec869931bdcef1789238e97775ae264fd54311d
6368 2 38466 00732cc6555b650ee01ab03799b665d71f9435f9693fd624a96cddfd6295a77d
6369 2 38101 300679dc023b712ed1fec223faded1b4b823ca7a9c1c497392d39736a28639ff
6370 9 37188 ab89e4d93c0cdaaca1d81be9db33974e7b01ecd72fd820facc44975d3b01a57f
6371 9 38141 240c92294a4769518722fab2a6aa4fa6adc411e46d7cb2d9e71274a698dbbf7e
6372 4 2501 80b0c20c327545985d6c09eff4b48a11342f563f252d242e321220618605f3e1
6373 6 3453 78ddcb3e02290b50535e09ecd2c20dcdc457cf642dc5c2c7e1d2a3ef196c265c
6374 5 3500 c4ea77fe15bc79fe17e1b95a96faa8026eb5a844c5b05db7c09fa764e5252b2c
6375 2 3615 1ddf039f11a9a386034df4de7bd381b413f44ae40601f1ee1a3596c379971839
6376 2 3615 9cb8de5ebd3c29c58dfb91301ffb3f63abe178aea680d28e0a57b78138ccf8fe
6377 8 4284 484ba774845262e0143a17b8a516c13d064b0b2459fa9e0d2b93d8d22458eb98
6378 9 4560 591e499924a4f1d911c2b7205bf11fb6b3bea7a7749566d1f3005deb7dd30eea
6379 8 4608 afb29cf8b698e5b0c3d47213b8250a193bdea19b015bcbc8752fe139c4d17f2d
6380 6 5561 862e844e035df9fcae1dc439128567abcd7e2e2ac835197b313ab5c0b4551d4a
6381 2 6820 5372dcc06ad816634d07ab6610e53eeac1445ad1b1d8a06ee23851dbcecb31ab
6382 5 7683 4c2d9e45dd1313ec6edb710ca40e0ac98c66ce4838fa635c6272694c94cf9fef
6383 2 8162 2391aeabee18606f5eef755321ea199eab93834b2b5c1fa6704dbf84f480ed6f
6384 2 8425 9f2253fc8c88d1cef8ca10b216fcc8be7901e082751434059fdddfa455b44add
6385 3 8767 51156fc57d91f03a38f3739ab87ea10b1b398538e49dc1acf474f752e2675508
6386 3 8767 058b25eb8ffcf7af336208aef9d335e03d1d81e03859fa6de87c6c487671a677
6387 4 9719 621746f0c48d570fc49c1aa11c3ff4d7dc6716af1ebe176f97a30ff71037ad00
6388 8 11621 db8b537402b0a6368567c54f3860f1c2c4eb7961c8200f2824fa8a19f1940fcf
6389 7 12574 2686e3b825dbaab891091b364f0a880e4b77c6db3391061a349db90247b2fb8d
6390 6 14864 f51f970d9efec90127355dd2b79e96e2de455b572e8cb339c7dce9a6e1a48bb0
6391 5 14911 44ae7c3fc67eaca5732bf81bdbe166a5bf5c4f5cfecd96ccfa4f0937f458ed17
6392 7 15690 bc26f5a936f26881db183ba6cc1d407a144c8f5fcb3e8d6cb012314eb0e3a7d8
6393 2 14898 ac1bbcaa91de436f2895236b1055b47b939714f9992fd549e6fa3a005cca0985
6394 6 15851 a9c8990a4df736f6a68cd1f59199540ffd90c398891beeea2d20a91097f6eb29
6395 2 17100 d160343cbcc2ba28bed9fe7490874caa5804cfec4c7b4dd36d9299ea455955ef
6396 2 17821 24756505318cd6f5a9ec43b88d4ed40c2e4cdabbca7120bd04a67ba2ae189983
6397 2 18035 6518fb72bccb60b5b97bb7e981e66eab72f20e4ac798c052397ac6d220c3a693
6398 2 17835 68485cbba68e2cd42985ac22a30b940e2acf4b79d0206bd475505acc240d04bb
6399 2 17823 e2d6204209dc33abadf0abc0ae0db2248e64b73ef50da013881de9a241fa8ce4
6400 9 17785 65575ce8010edb05bbf637a69633c8ae8117e2c9f182ebe06e5ad4e92aee3725
6401 8 17832 4aa4827f32bf38f7209ae9541d97dbdc82aabc177c86a44e205fa0787ea30d61
6402 7 17881 26138549b43b0f55e6f8c21b1b380bb9032f890e1e957755943f257736c44769
6403 2 18202 39c6f61a43676eab3d7bd866c011b6042e5dea8eaf781db1dd0c6366f66e114b
6404 6 18823 37d154a56566fcbf001504af99d86b4c535822f3281aedcbb48492260279b0f8
6405 5 19776 fad01cd70d0f843b7b3988787cef451d46ea2332db8a4581ad731e3f96472504
6406 2 20264 334c494c69659b70bdc0c6171ed323ff24b2c18cc457db50b8a107ce3f62b858
6407 4 20719 0378cce2fb9725f311b50246b2a61b803f7440dfb4a0d3ceb84fc7f22c9f75f0
6408 2 20988 b21b497cd2cc28e99e285a8f7053159cd2b027a0b68cd580e26a4f574fd71798
6409 2 21080 221eded13330a74f111eefad526bbee88f63e415de54739d13c2eb7216c6bf0d
6410 2 21005 ab05cc58f6b96d26076d870cd25b5a46b9dff55f141c73a363529fa13a37bd79
6411 2 20932 7b523ea44339e4967a9c5dcd43f3cdee19caef1d31c48884ad3adbebe97ea26b
6412 3 20733 8d2e58971fedcbd6d5eeaa54a481ad8b2e05708a7f883bfeb5c1a4d3f03e11c0
6413 2 21054 7b4dff2eab9a4b30e6d63334465a4742f9347c03754e2e025ea3156213f0291e
6414 3 20769 dc3a2aad372cfaccc7d28f51de30a0838114880a59138e28521ad9cd744805bb
6415 2 21038 9ef00e6650f34cf25d5d17b144e3ce0f1513170ffc466ea7611a9fa2a95b1afd
6416 9 20968 c93b6a2d5b9362527c3d4059b01eef3980872baf1b81f84d8823694a792ab37b
6417 2 20627 a01ad23dcc4a1fe4e08f898447423c76d56df5ac771d884633eb53e44b5b9ebc
6418 2 21256 70ec648390e3b77fe82aa9dfcc4eafc5346886bf5d7355b9591dac66efb810aa
6419 2 21182 764d78a03a1732b909de47ae29552324247e129595d8f91e553cc4366437d5df
6420 6 21053 f1a2c5f2fef49ce7520e65ed76f679856c17532a7095eb78b055700fa1acb07b
6421 7 21532 92248151c002cbdc2cf05ec3ec66eca0de50734bc5b9e9f34b07e47928afdee1
6422 2 21142 d9b0777a18ffa1edf262bbf22b701e93259939b6d4d9c02a856d10ee3bb7d9c2
6423 4 21428 5b056c4a1fb8afeebf727de8ba58eab997d87b921c9d4da38af97025d2fcb426
6424 4 21960 f480c6dd42c6f5cda4cec055c2aec797c6db0997fd4b5b5b78676974891385d1
6425 2 21996 4d5060597ad2e69eaad621cb66a38b5ef8e3c438b09190591696355cf80c14cc
6426 8 21732 d97e1c9d1bd9cc3d7df102b43773d4b5d00f2bc1dc0afb961dac55f1728f6d0b
6427 7 21781 61dc8f1b52101b59afb3b3ae3cd7d75fbc520035a3b879ff3df5ca86842adf0d
6428 6 21830 31299cf479031862786b332f6b3f79250cde659c1d712ac1948995cdb870d651
6429 6 22780 5d3e70b1d04672d0f640f81baf9304e55f352cc8cf3bf03d7c9e6aba5754fde6
6430 2 23359 f035571fadbda25771988b340c9f8c41bb329016af66613e99733c38af6844ad
6431 6 23839 53c5aaf22c3ffd5c038c79fb9d38de72f7131b5cf3228f40c52bd23b2a803989
6432 2 23964 0bc54213e6e4e7af373cadf3eb9429a64d33a4201ea762486c65481935968e50
6433 4 23555 282d4580392f3fb7ad52ef9c5dca4ecf4e194ce698314c5fc17f683655406c19
6434 3 23604 662b41bfbfd51a9fa6402eab661037f533b0999e3cc53a9f799f601ed881f7fa
6435 2 23653 e923dc5922e1fe3ad96d822b011c8f6dad8a85085e74615aa6734fe67d081536
6436 2 23857 4f3b864ed83ef94cc46b06d4f360605c43c16169a7ff1ee366dd66d85909bb26
6437 2 24143 adfbc1c9d42789e481e3427780f908bcfa53ad850cf385e949427846bd19c3a9
6438 2 24143 ad0f6e092aa5a8845f59e086f42509b953c9612a0f69a872bebec7bf1ee079da
6439 2 24643 e645f2a304dfcda7e9a27ffafe1b7a3c9fc390222d8bb97f28725b2330119afd
6440 2 24157 09010c083a2e1194a4605cede47147e8fd752514fefef2402645f7398004293b
6441 2 24209 128e5c75e7736d4bf09e76b4c9d59f45b2b78c8b6ea3196ac769706a99b95818
6442 2 24136 7a529680899213900e97a6f1f67dd77bfaa49a7fb5890dcf40f28f2ff2c9516e
6443 8 23698 063ab55d40b3d1ef01e4a7515136eafcf3bf38eb71e34a1d2843986afbd2da9a
6444 7 23745 9a363df508be9e50daab7dbd71e95a385bccd0bbc020dd8765d002ffe53d35d9
6445 6 23794 a02a8c15dc234107d94a214c81dc713f17a0d4d8c070cb657ad758856603a43c
6446 2 24153 9353342bc7df24b222800c5c99a0c86ddb44552835feb23edb1372e59f67ac06
6447 2 24079 ed763cd795bcbabb880aeda9c2055b1e2ad67865ae03bffff4bcfb9fad9b38c0
6448 2 24079 0622d3502e89d467de7a9d75207f36045d172a67219fc6751ac8ee0dbc1cdced
6449 4 23879 56a36f0e8f84217e8b70642ce1baef5d87efc5bc5027edccf9b9fe263ce648ac
6450 4 23877 b085b60bf61eb6bca3b9f6acce4b84078bec43ae0f9cc613b3a8480ade733fda
6451 6 23794 ef27e8d03fc6115e09051c8a8fe1e203b00c4fc1b1c7073489db95bcd2714a40
6452 3 25053 0e18d33b468508accae7aed824c55f4ad6a4bada305dcf93665381f305f8b335
6453 2 25100 dd35a340c4be2a6d1a6ccb235184a40a6aaa8a563e4e34a9b470bcf3a621b587
6454 4 25966 2710bccaf07532c4d428c2b524c4a1aeb28aee38ab8ba453c86bab76059243f5
6455 2 25665 671f897c564dfc03b300bf58e10d91fb71441fd5ff2564a76c4f1e37c367e2bf
6456 2 26307 b2cd2e710341b13fdb0687778d9aa1eee346a76972c6136c9a177e50c6b8fb41
6457 2 25678 2913cf012be4283c733091a54008dbdd0a95a65b5076416a6c8579e658cdcfc8
6458 9 25750 c76cf314ac7e8ecb7669511fca5224287c128e0e84c7e9d1599a232999980f70
6459 2 26110 80b08d79f7fabd5f180c6345a119ab02b995baf99880a2186da4be2b366562a4
6460 2 26109 563893fc613406c5ba27d1f9892a3844954eb41283e2ca1856f27c32b68604bd
6461 2 26110 ef730464bde8bf8acd4b07e6edbae46756a1214306c7e78f5dd9084763c37d90
6462 6 25980 ba76374ac369793fd4bf45d20fe6411763e05377574b2f0f0ee99c7408226cca
6463 2 27162 3bdf582b3afd7d11ac7c8f2e61b250009867bc3668ca95505e6e064d20576564
6464 2 27001 46a54599546833d1e2e587e37d456e5e76d640bcf2ab99c2e92af7815acf2df6
6465 5 26187 d839be89ec0fd0e034a496dc3282f5eb50ecf9500cdcaf05904b6fb7c0f126b8
6466 7 25833 e25a456e88e9d714f4d3f4101d3380fdf044cbbf31f361da29b0ae5c4c9a146f
6467 2 26311 c2ac48880083236c850f6a6a2de1eb9e45435b8bbfb235b4dd5c10b69f7447ef
6468 3 2578 6a10935f5427f8b7315e5955217ffa5d43a7ef5c9b9beac79e161e30914ee893
6469 3 3530 9b34bc698a22ac2cc9ff977e6f2992fa86bed61f5d262fd44a868b8944926fe8
6470 2 3542 f4d92cae445943c651014776c69b353a6e0efbb2e8f41c9e45904107286cb1f1
6471 3 3530 e273e8c69a52c14c4b408e20009815eacec7f8bada7a1ede6d8cadfd57ccada6
6472 2 3536 f6fef3e4173512df0925cbfdfb1932c72be698f50f72bd4a044297f247fd37cb
6473 2 3547 bece421c698ce56f1793e9cc38fbb2bb2930f3b01ead2dcd7a6f6fcf77a7b114
6474 2 3536 18f3c0646e2e3cff672ebc9cd1976ccadf3b4873e2aaea938452faa0640eb073
6475 8 4287 3deae3d11d1eb240f28c80bf021593aabcc9411d04ec6cc4bf4993c71d29fa52
6476 4 4640 95f6da53b81e5dbd965b9d78fd2c583a346605cd6918cf83af29b0043099fad8
6477 9 5826 abda9cce2297665326b213d093455cbc2f08897d4062ac93a1377c637365e428
6478 8 5825 e1370aad053674b6281557d066c1873d660de661ed12f5935224015af8af3a18
6479 2 7914 870d8742e648ec307fc439a934714c83bed5c00a9045ab6bf8c150901d922768
6480 3 7623 2765955f0bfc1281da78a175a157cc37a665f4fcc044188aa7ee1a365f2ece29
6481 3 7623 c1ecdead7da4715eacffba37907a7e83c2eda3fb924a2aa93355d92e7f21e868
6482 4 8576 c39aec968d389a39e32e3ee0a445f80ab5b4352c213ff0e9d2bee4c9ee5527c6
6483 3 9520 f110a17d3d149a97db5464f0564b0962a6a6810b7dbfe83da80a0b3c6f3c979d
6484 3 9529 fdae158976615f38e9f656320892d2990da7101b9eed502fda5fbcd900f418aa
6485 3 10004 e6beac4c8054a55cb2bc7dbb959e2d0ab9f929b2b25c128a1b8708561044172b
6486 2 10057 bff3b3d55b0904718ec42d598a6223ce8ba3adae36d3d0b23b8be09b88b353a2
6487 2 10451 686c551863843a13542c3a20dd9f31f4629d5b364ce80aad75f4db30a505f7bc
6488 4 11028 4940f791fb61e69bb6c50fd91c5a8a7fd91b442c77eb45feef35b9dd8b78294f
6489 2 12129 dce6bc3abce3b7a69905e46f3f8ed8a8a9bb525200d99d17adbf27c3dcdbbbac
6490 8 12495 e97ad6eeb7a077141322106f1c9106dcd147b7bd8fbc59584632917dd823a076
6491 3 12566 3c37351e03c54b0503e72d09933e406bb31806807e59a4d1ede2950641b9f214
6492 3 12566 7ae970e1e805a0aada62796feaca1ca6781993851c5df5b8d03c1960393b878e
6493 8 13516 bebd6dea4f63ed8fe0e7f2f7ddcbfe8b0283b2a6cf264b19a178741c07dcead6
6494 3 13666 f0672452b7a054e94c5e4d2bab6870311daf3730a20d90b232fc35eb62675f83
6495 3 13666 de26729d67a621e73d833bd518b54858a9e2e7486bb9d623279f2fe43898dbdd
6496 2 13861 e497a76095ba37845a23ecc06d7c75c8785da7e64dbfbd1c82450425a59a9e40
6497 8 14813 c23856f5d71dd49497ba9068c469d9704437b7582be22b379fe2a800a22b9b17
6498 2 14355 871e6de24cacb1296fdbed84f77ea4ab6b7106c0991b4e841dcaa35a82f32f8d
6499 3 14771 231e66c2f1efbce628f4bb307ee001c7424eea6cc04e9aeaf579943c296fa1dd
6500 4 15723 709cd731c835d30b0df2d4a9bd38df0284fa78053c03f60b7bff90a16d643a17
6501 3 15770 dd9a861058d01c37c7eeba378b822248d0933a960776ea45825dfafb6d0242fc
6502 2 16715 056916d2e5ee250d196dc8181eefff3fb7b839d06cc76b940dcdc3de586f2c4c
6503 2 16928 c4b3fbfef1e236e189c48503f38d3f06f8c7d5047c3a62e09c1848dcb8f93aaa
6504 2 16729 a1fe708dac84550d9daa11a9f4925b92196959fef2d87b3951ac4a47984ab2a3
6505 5 17374 5a7e26a13c26c0f7dc1a5785676400e9ca318893e2c86ab26f4f760dd18e2f0a
6506 8 18638 f40b57414ec78f5691c95e4df7c8f15a9f0724de0a63ab963b685c90acd6f460
6507 5 18792 f94d7208301f5e0aedb173debf020781364246348e50317849c1c11342414f3f
6508 4 18839 908b2e228243999134f3660c00a2119b351fb2d63163338bfed2f810cfee887b
6509 4 18840 f7b345879ada2f2d48fb89da71a126e36cd583f1237a36e0c3e1f8b023b2959b
6510 2 19793 6fca4ba1d1ed2d38df942ac8d7203bbde36e9d4f30dc09e0bce9129bfce6dd58
6511 8 20702 2aa446de84d1c769101f089ff267434caa24bb1cc4c71a8cd5d2225b2521c81a
6512 2 21271 ef3e0678ee6e195069c8f641c10e6e51d79d6aa6639bee1e35b9a6055b8d642f
6513 2 20581 d33f6c06815834a3029a52f62a5a521e1bcc96a839d0f1923ef7dbf9ee377da7
6514 7 20856 c8977037afc223655294294e73ababdf703d6a09ba875e6c404fb199b27ab981
6515 6 20903 07f6a8c36f842a7ceacecf40d4373874bfc99f3c36dfac6167401cbb72b597da
6516 5 21850 c9ca6eec78d68944773bd39807c484479b7ed141b0b81cc956dcdf9d0daf5546
6517 4 22947 38518f60b76c336e64a516bc7d8ca953c7c9ea222dfea953cf82544a2dfc0cf7
6518 3 23900 43810a401d53ffd329d4f8d00d60be643ea8cde3c883c52706de7ae75b08f039
6519 2 23949 f786f38709606ba5c3171cab013772e04df1528f554a0ceec387bced859c0add
6520 8 26898 a5de1851b8707bc251e680b90d6d1104d7ee3b759b705d8167f6e2fa856e23e4
6521 9 26938 1011ff0fe93cc6ca0bd50643a0d5f0989979ae1ff89b4856083514e28c9e7146
6522 8 26985 a8bb4885c9cc2aa40624811a2ec40a9a87b4dccfe7d63675183a0e5e34c05f0f
6523 2 27198 92c865c8c82c5bcd95ec9b5a6b6a1e4aee6fbaf132b32b61c169c5b5d12b64b9
6524 5 26998 4a61062cbe578e5b3f358d3dfce0a256118e01dafccd1d27b3747afc8f5c3bae
6525 3 27477 a6004856057ef5eadbad397ca89d05e2693dd0eb9ffd69a2d9b0f3c9f9ed80f5
6526 4 27941 4b0d93ec07d1d0c5a82f48b7e1ea996ce6a1c8c4bdacb11cf9a2d0cd7ddde7b1
6527 3 27483 08350dfc2d33046e42ad8755921c68ddb67933d8d6f0f09cfcba351ea53aa7f2
6528 3 27591 8b60dfe4bd1e40a6b613b50d4f8c694e0b738b69bc29e1ae289a48cb5cf859ee
6529 3 27864 952f11449db17c18c23a674393e2f582bdd2fe42e54a9077e4ffee32b49d102a
6530 5 27852 396cadb4b5e693c0e74c20e0cee4268a42cc69d3cea5809e18bc1c1689734c26
6531 4 28431 37aeb454e91e3f3f43d42ebeb9b948db05166d15e6496214241a9827d568b97b
6532 3 27830 2fc9ef320865219a6e55a24deaa4882830838d346d7f01e8d11a8185618c31eb
6533 3 28783 6661810be85bb8deecd4690d88175bf73a683b5aa13713c4a0fdb32d541b7236
6534 2 28830 d12235de809b3c0c294aac80cb2345ff07a9e6adefa9dfcfcbd8cad45c489689
6535 2 29775 c3e45e369d550b84eb0519b15d4c97c538326fbff5736e241d74ee0c490dafd1
6536 2 29734 856bf77ccf17adebb32a719c3773bebf432a1bfe2c9b9b491cf53d17ecb13173
6537 2 30177 0eeb50435d594cb47ec2aa0a1df571c92d104fc39ebb32db13d31e3174cef3a8
6538 8 31984 46fb094f73431be0f3bee6d7d7bff001eee126ba56691b60650bfdeba0320438
6539 2 32552 624e096ea1b3285a126f6aba9e24258726211e05ff9958b709e5adc168c3c065
6540 2 31862 118a623a1ff63b21f749a7bdf77e1bafa434a6f0dcd9676893470dd210e43b92
6541 7 31847 8954cd9a52caaa972ebe5aebfe0983b875ea573bccbefa4ac895f2ea00648f0c
6542 6 31894 b8937f2389b1f373b0e72eec443888e93a77dec251c46274e3addfed24631cd2
6543 6 32847 58d996a551702d31887820dbc35a2f79df14aa6ae6e87b48dfd032cd567717d3
6544 5 32896 cc9925d253440bd2830388a2f05a8359ce4d87fbd930ebb4f74615680434d28c
6545 4 32945 debadee721cfa9d0ebaeafd4d0b99ef34c53476ca9ec637c4ae40589b8fbf6b8
6546 3 32994 eec64992fdbcfc839b4df4691ee26fc700fb60d905a86eca1c15b5307af337d6
6547 8 34046 ac19d165b129a955edfdba32bf4ab739ad1e7651a1e62d558419c2f8ebfd674b
6548 8 33901 22f9939335dbb9c01134ce7fa5c4a5a67b1584274dc765b297a5aa7237423c95
6549 7 33949 79f2845dd6fcb2f4294f9b33f03a553e5833991d49b0de84e509daa42a5c7e18
6550 6 33998 09f36e61d5274ac491792ba34c2066847dcf234bb0b7352626f5218381209c3e
6551 5 34282 01dd4f06587236f2dadc0f8f45a39cd8cc7b7fa954ee130e716225dafed74f70
6552 4 34281 2aefcf03acf87f040f12f9c8b33e6d62f5190e22c20e034891a69acb88f9c2df
6553 2 36350 1208409178cce7bd8229ea122c55cf7f6288080db93cd49e00a5ec7a7d728e0b
6554 3 36655 5d1e059085adeba7973ad19e32ec2eeeee405e132d754a7d1f0c6b752affb0f1
6555 3 36352 f1e821d15ba3f132c679db6be0b872a6af760374054b49e10cb53054cbb966fc
6556 3 36830 e5509d3a56f19c4413c64d2343769389a3c1b66a6dee09de890cca5dc56a0c07
6557 4 36879 0d16716077048f14db68f64e84edb63e0232a2dd46c9d542175e2e8699ffb04c
6558 3 36952 9076a15b2b4ce038725bea4211c0f5c11b0020a158ba34066cb0d5f0dfbdc104
6559 2 37474 2401971f08787777f4cd8d873280a33c0a3bb8cab1efd70fb0f963f14c384604
6560 2 37474 b210580942e7f9929ec2ac647c3b47252a76b8c6278189f1414f5427df24b0da
6561 8 38141 6d79dab3507a5aa42fb832b6da2d4926ad265f55ec83a077444bb05af5469776
6562 6 37992 c1c2bb07a37b396c106aa024a22fd7bf7117fe4007e8eff60391ad88aadd4b10
6563 5 38039 59c2337e47483b0a3eb244434734d5458564a4bc15791d7a16cf12495c15e592
6564 4 2501 7c7acd3cbecaae946b37741bef1c81cce35aa4978963f1b84976a43eae772dab
6565 5 3453 1d01479227c022771483ea86a05ae1a94b843fb9bd370bab19f372aea0dd13c9
6566 2 3463 20181060c7c21798022eb935538ecd919c778faf30d76dcc452f9d5e7931e8cc
6567 2 3613 9a3c5d325284ae280ef664ee566e7e8f7d68f3db5b7802a649fad38b500f00f9
6568 7 4565 2d338f8f629a856d3c1313f1d3247f1ac6bc3fb3e96df5f89e7e848b428e8888
6569 8 5606 35b9fd7c002395e9877387d8f905e57348491997fdaa01a56df55054e397f7c4
6570 3 6549 40c46af649eb40a9291c2125a9d5c9c01063ec90c1576fc49e4097c77ed3ebcf
6571 3 6549 15c6ddb80415e6f841d4f15ef7f19a77e2a19135a1ca5926f856fcf743b3f391
6572 6 6630 eac4bf4d695a0edd419be11779bb5a6aa34779793f5d6afd030cb68d912186d5
6573 4 7109 8d7a657d718bfa440f7f17aeef0bda75898fc2ad781310453060a1d85494a0c9
6574 2 7100 9d3daf7012c09dcf3a6822874f38c2c57d01847092e82b3abd421f4c21656770
6575 2 7784 20f0233862aaf737a3a4593b02ba8960cb67cfc704988fc017703bcb0270d265
6576 2 8105 13bdef74f2d35d64c4ecb56c808cee3bef3c815b7ff7700e6c70c4959feb671b
6577 8 7648 3634ed92cbc489e77359c006f006330e95d982639515002e72e45cbae4de610b
6578 2 7660 fffb32fb47a34e77391e4d618cacc23ab80cda4e528ee63792597ac051e02dde
6579 3 7696 6129b577520407916b09163135a7b6971f0ca799cf7e3d8dcbb322ce47237772
6580 6 7640 90e6a0501327eeedf30fe18e1a5e4ad98aa1f903cc9b5a6ce6b64be8acbaea1a
6581 3 8119 71851db6662aa28d1a6929eb5c0f6551ef074c261fc967392eb560be156958ef
6582 2 8796 a4bf8a2500edd8b0969d31c2dc4feda9d1b18d233069de30bc803bff0690c3fa
6583 9 8755 92a0690d16495719f08c1fb799093844fdcdbbd498ca99359b25a9e32b40d6ea
6584 4 9698 c54b2408255ecc35b6d84206237ebae2f088f85a7fd44ed6f86c5ebb40d217b2
6585 4 9698 198b2b89df8e68d697b3750f32123523c3e9a0bb53e659239cf22a4df29100ee
6586 5 10651 1c9a4426baf0d5efb9c954dd0e49b3f65d043d03e0e9522f4067d3906d73e847
6587 6 10731 994c3b7bc9b6eb10a494b25c5c8d659d5949e2d2aa6527d7976babf0a5fd48de
6588 9 11680 9949948ebc0e8ec4b1bcddd640a42a58f452bc88d3dfb54f019e92115379dcf3
6589 2 11691 715b5c29bd97b6063b985e11e8a82892de8644dc2330615f1823164dfc3fd45a
6590 2 11893 0307c7c5b947c76f17aa6967edd5492e4d98736825d69da0659b9a576b897d3e
6591 3 11692 fd54dd0436375981468a41cd7193ae1fbb6944819110a1b4e1cf7e6c94c87311
6592 2 11702 280e00b30549454d1089c143b46ea079447548bc9c09e9b2017c63676610b9e2
6593 9 11680 33123e0e085cf721208eabaad4bf8a688d08688b5864383f554cd12bee88dad5
6594 2 11994 eb7667de5f34868a2cf53eacedf8a9a1cdd6881f07e7a41aedcda698ed081651
6595 10 15271 346a6bb3a3a39e3e41fcea95aeccab14626647f5e907309c5b68b9bb265dcd5a
6596 8 16224 29de59539462ed8fbd28f85ffaf3ee99e96d7d93504ae9bfa72b6d20286622a8
6597 7 16273 4b8bf761095b82c2d0f613de2445aa6dec080e814aee7f97f3035d1ff903d3ea
6598 4 16752 a066162306a1644373c2ad74c52781cd4b2471595eb554bde674acfb5acd9222
6599 2 16835 d735126da727e3ec1e60f6976baf7fcc53e90da3cf472367a5716594cc1886e8
6600 6 17204 124660d912261d0b7fe939578128be749dda4b1fc7156c52668689c8b8136706
6601 5 17253 a70c71af7c7aaea47302e3373e340a8cd7f3f2fd404771928f7f4c129703c4e6
6602 4 17302 2a8c3f3648cf646360cdec7f1fc676b4ae12b7184f81d41cf207d435a8e23134
6603 3 19425 eda458b5d2f8bbea8e7b9d8a8c17f9f407ff63765a73ef17548c7858295253cd
6604 2 19638 8bdb94abd35cd6e5e27c05a046ea234d94fb8e44e4615d48d4c01fa763a84502
6605 11 19254 93433bcd0cfef4e80d306f7f03bbc90e3945b30be46802a0226500490f888c24
6606 10 19301 ff3490facddd02c12e97419e1e3a2c52815f19bcb620ca61b10fdec95fb04a0b
6607 9 19118 500bedb3af4a25237e0660a8afeadaac6187657cfc1a3f96ec77e30adf272644
6608 8 20061 3ed6ab33816ef4237d0ab6085389a5ab9cd1b5a1d7b11e70c1520bfbbb6bf42f
6609 2 23645 66251cc474f493a9058fdcf6e220adc6be4b4cd9853e2da1a457d8114dcb7570
6610 10 23340 1b54d5b9acd2c206915de0d58588b1d77c3ba1fc86f595b5c7cf549fef638e31
6611 3 24598 2f5d9cc7fd2ad3c43d875699c6912f50ae1df7494ec2079c56884cc08742687e
6612 2 24645 81d66a7c556fa3a0068ffe71a18e6e61f143bc882c51d62ea22bf9170c89ce76
6613 7 25512 e662c7a8aa233a91254d2697e9ff199c95906141c2eda289458d025911e5b2d6
6614 5 26456 16f75f70c07a67c775a6b6106211333db6d1919b592a4a12e82c829699c6b9cf
6615 5 26312 903fcc9e76f8070e8c2e08a6b140ab0cf98097a16b1ee77fcb8ad8816389ae2b
6616 2 27255 fad8026ec40ddacd7801c1199d1a2a7d9d30da41b2c1952088391e20548eaf97
6617 2 27541 068cae60f3ccd48b4b0143ed1082426f583f105801d0c25dbfd2614604a4359c
6618 2 27541 4d900590ac3694d1df7e57fabc236ed6dbc958b796bb3e417e224b8397e485b6
6619 2 27414 bcb84ddb8c82ba4890226a75176aaf2bdcf769deffe5acd2e402d2c1ac5b1565
6620 2 28203 39be0f8c5252b119ec35cd827c7b4c6813c0e12a30d4761e2a6c7b43b560a339
6621 11 27393 6b182eee5ad38ad3c5f69d4769b02f9fb02870786c11da8394908077e9de7525
6622 9 28336 7de8530c9888ed86038fd13ba789a187be6c6dcff85cff61ae67b9ef05d8e334
6623 6 29277 d604d809ea72ece4e1049f077b5998252519a49239683149c9dd5d726f64a012
6624 5 30230 567d4b1cd95d3e59815bef14f6acbd79603266b18a9194f01a39a7a946d95a3b
6625 4 30277 8efb8c937056fc76c829180d3d9d899e613c3ac6421181135e067d1b0af37b9c
6626 2 33916 d3e9eedad6acdf93632c19c10b03e550599f5427214aa8f429822391bd913c34
6627 2 33843 c5fddcccce7baa52e505a12853054b6978ad8a133646f4b9e1717f195a11a155
6628 10 33450 dffa22d3406fa694001e31baa35241f67a1cfe9bef3a6a20b693ded8a8a7437e
6629 9 33497 a8262bab46a4cddadb9cd499780de5edac12ed16d520a44bfe7b1b831f157548
6630 3 35038 7bb4b68980ceffc6d054bf8e38f56813034d386ea5a2c5ea214346220905ed7e
6631 6 35676 194f0eb9ddcfe46478639d430c63daee30a9e0c7192610423306075463095e16
6632 5 35725 e9b1b38f8f936733c6ef63e853dca91a0a7fd935547d47079304734d177f800d
6633 7 36204 ee77280a39ee68db9a3ca2f5c097d41e3099e5c2d6034bd0902f72015553edd3
6634 4 36668 9f7bca492313977d33e0f578d7ca8eb5a406e3edac0d9683e4cd56239a444801
6635 2 37621 5246f7686c436f9f888478883813d721b78824e04aa792dee5f5a679a4fb6162
6636 2 37907 5df4d4984a589d915c6c388afb7cd89e47fa71be775dfd2ca74354a58b41a5ad
6637 2 37834 28947df95f5c7e3db603819b4ea6daae36ccbe8447f52007088aab649590e086
6638 2 37635 8badbada5153a2259684299623cbbdcd3a2781982bf573f8235264aba304b2b2
6639 2 37623 afa7968019a956374a38bfd8413fe4db0f41e24621312b03ce819c3196979545
6640 9 37406 0875155b3b2fd5a7db6d049c05e52d8a6639059337e7e3197214a47c533587f3
6641 2 36758 34b1c3d0b558fb52383661f63ec73a5c60caa4de010610331898baca23c104d8
6642 7 37223 1a8b90393bcf78f693328f757ac2d747d13e7c19f76a34b2c82a3c1837a8496f
6643 6 37272 b5306bafc8c33f0526ff035ca9b3b84f78ec3c51270e025418b6ffc27aa120a7
6644 2 37557 df07534173acaaf9abc7721fba8153a6de7ca6104775dd2f95630a2f57f46db7
6645 2 37557 a181070301859dfd9f842c5e4e8850f8354c202af0e5efa950c8487eb3be13ce
6646 3 37357 47ddb38f9dcc9b0690677e2f6ac1252e19bd5e60c82b627e344db41c18318808
6647 2 37946 85c764e9893094cc87b7d0603f92d2557fc272813e8dd46d54d4e238b44846f6
6648 2 37872 4d67b39e31a4b42dad52fdb5b4896aa7624025e8926ebe3e3a15497a3faa1982
6649 2 37872 bb8e36ea11c82832e4b6417f7e402452da6c556fba31923abb9e1b3ffb70b9ee
6650 2 37563 9fa3860aaa6e4098a3a249f457cb262c58b121574874b10182fe258da781bfcd
6651 2 37347 e53d0b82a11fdc44b946dbb0ee2f57a83803f3f3b0df33afc4c512762885984e
6652 9 37036 b020e2ce9f86bbcd7cb79167a1c678b6abd01d0acce20eea8d1441c6f1be50a7
6653 8 37085 9537334e529d0f2fca52254f774e850234b0fb477b361737f3c30dedffa81f4a
6654 3 38619 86bc3b7e4b5e243718a2936d2ba97a461018be8da81f47709f8d62aa47aca0ac
6655 2 38668 644c037cbce16e2db507ceedf4e22ecfe4fe9651b1be8e6db4358c8d7959c387
6656 4 39355 54eb30d98b29f152605d6b8014d83f63fd615a0ecfea03ab036f047c96043bbc
6657 3 39212 c83b0504586bf872c5744bc99ad77c593312ab2bc4d6b9472dd2294ff342ca7b
6658 2 39499 020690a15fe86f19d80ac257def8da91bd6fcff0c2daaa0eff10bfa138e2da44
6659 2 39426 f6994a8e892640aafdc30879010112516701595ebfb2868bb779323ad6a0f60c
6660 3 2502 7f00f46ccc6152d4779764cf237b93b810ffc4da1d290841fadd0f2cdbd6bf62
6661 4 3454 4da1252e8596b35b479f96bf1378d88f2a6504d5dbb348d3b4f5ed782e23f932
6662 3 3501 703727dee77b725b310c0fd9a750cfed349698580c42ae22b06b486e3a9fdac7
6663 4 5680 21e5b9c881311e68943aa78f8fddaed1785f5b93c04d674095615cd0e07a879b
6664 4 5680 cb258a3e5d7dcec5b864d5b07d04da26abc0d4c9d2e35c3e8f8bf77e079ba750
6665 8 6347 d220d30a2813efac0625bdeaf32cc58c1ceeb19bf2e3d4bdce6b3f20a9255bfe
6666 5 6540 2644b7120851d77dd452390c5accae0a629a2b82e0231a10d955c58df7276216
6667 3 7019 1338ac67b95b5e669000eeec93fad51bb7daf34c7251684e5198a54598c34e53
6668 2 7481 4bcdceb5d44a5ddef421eed88b53b48d5bafae9cc1ce11a9a46824c94798d1bd
6669 2 7695 f4e7e2c662c363a0ff522996a61c6fa522075346b6d8f60a98b3b088dd96ee57
6670 2 7480 d62bed21ef90fcb8284291bb06b986643fe65ba6f3b74bb6ced4d0d0e3fa7592
6671 3 7739 84c9737c587d942aaee9d8f08537e6f2939eb575b671dcb83e6451f3914b6497
6672 7 8691 0a3567c4b4b29c5cf6397ad9b3f83d3c592ee01f0bb6e164f170dbe34cfb55c0
6673 3 9170 bc465836fc7f8e295c5590548e5f50d4ed9bd1f278b758103df820f51537d477
6674 5 9629 107207fd94dc183066c1a0b04c5d0049ad26a336e3d71817c5f8586e44f6f75a
6675 2 9843 e87239a61a755e165eb6eff8718adae958c0dc89b93708b4bdcdd64c654b4706
6676 3 9714 42879c497e9c1ae71be5903620a83e0dd2dc82728053273b7a98c448652aff6f
6677 3 9676 733bab6dc9a3a97a25e78ab4599b3233e6e23e285a27294d0fe5a9738d17ab61
6678 3 10629 a4cbd279fb0e86b67119b25ba405d0c99c7d84e45bed72776b5a62f2e747f301
6679 8 10754 2cd10e5e6c4b8c653e13f44293a5d082c138ec6eb3ccacc2215e58400bf502d3
6680 9 11707 e05c4f85acad0bbd307244c7cdaa04112267973ecb07e166a0966a6b22c4cee0
6681 3 11623 2f2f70e8bada9b655e3583b86f8c2204cd7d9719903557a088540446b90e8a2a
6682 4 11719 70aaea488a6eb0299565e5e82bdd5466294a5e6866cdd9831fcf3d99e3dd5834
6683 3 11688 b22a0cd156178ea4eb0b515c922d553c8691133d2ac829b0db81b9ad29aec122
6684 3 11820 c00734f69a428aff7b7d704fe00753985aa239e943aff4026544f7a993ce7c08
6685 7 11805 e30cd9304612552b7f7e3f67378877c722761784bfc43c6751f0ce7e74282330
6686 7 13778 98bf16928ec5de8369f066bb63d0bc334a6b70ca8d3fb042a06dee29d5e949bb
6687 9 14731 1e158e2849c1419a29a4c39961ee35337fddfb341484ef567d3ec7955b09e24a
6688 4 15609 20e3de42bd0c0613b473a199428996da159e151c4236c5b355e5d034bd63edaf
6689 3 16765 8bb39c175a11f6d2d275ef3fdcd21e0cf51a547e25fc18b0c1d3cf830b70d2b2
6690 2 16979 a9aeb258158f8654ca79247cf248c2d872420b4f0b2b7a4f9a7a2875a13208ee
6691 3 16777 dfb0199695d642503ef39c82b21f9338c9a7fb7d43a6a5c0e06cf244e6acb7c2
6692 10 16861 a84e210f8e14d5b281c31f668ede3f5c035b6e3ae6bc1858c578c864b9dd0730
6693 2 17339 ed3630f46278f3874c618e5688ccb9ce85dc15feb44a4cb8249ba7ebac282a0c
6694 2 18754 2a39723e187907e343e8982d17ca4079c2224be2aad78771ab77eaeb5ba70a4a
6695 2 18680 00052bb872dc5440fb29135fc26cb9415a2d2efc0f27ff385a2f5f641d7397cb
6696 2 19003 e749873763e9ed254264915d157fb672511d90eaa79a24ea0f81c61142136abd
6697 11 17884 de36ddb4415e9acac8bb2994234e92d19ed3260fa8a3b4af0bb8cfc7029c1b9b
6698 10 18837 28edb07cd821c3853164bd65b310e8aee770fe7a893c77b0d95639e996da0f4b
6699 2 19444 2934a1da8cfc490ba5600f4de1a61c85f4a7d9881c9a61aaee8ebf1eee031edb
6700 2 19448 1a573da0685eb5f641322af3650fd96ef2089fb29130b31c30c1ba8b51c668b9
6701 4 19528 0628b8f3a28bc3ad1a67d5709a12f09034601d7bf2fd54d17f964a42c3c5abdd
6702 5 21177 0309ee141f47bc23c4f2a6d2dc2493bc71c5d22cadbe5320b365cfab0dd8d466
6703 5 20876 0f9eddb1494371590d1eeb2a76af70cf90773d932cb0c7de62b59dee1f72bbc4
6704 2 21090 b554466544d53d4a64f686bb812c4ec67f83c4732173914889bb1281bbaec80e
6705 5 20961 bf626425918f22a6fbf8aa98bd4fa81f94f88a1ecaf60dc0964e15ac9fb27dd6
6706 2 21486 a98a1a246ffd788604e9cd5e84c0e0dc72d692bb2631ff332f1941b8405d437f
6707 4 21007 e70449cedbe4b2b111a08e5bafad81175a9c6db3dcec345cd944c577c6ca8eb4
6708 4 20923 1f2de694a919e0f32c22a612cc8faa79f024cb42dd6055e6a0f46a5e080e932c
6709 6 21398 d666cf0736398895cc6d21d457ae8c12ba47e3ad3facac42dc574c6444057f2d
6710 4 21447 25aefebc49404ae19f292ac77ef9ad059fcb285fdcf2216f24be6f67cc0c4d5c
6711 3 21520 41b056f61239252ced3e816305cb0eda2a38b30f6e581563f94eb58b4f8fb443
6712 10 21998 39af8af64e3418b59269830d379ce70f00d5f9c9378edd268863e1ef20d3942f
6713 2 22285 241c28a3267bcc7dd0e3e49e314e580118b8cc68cd0d97611af540950729c16d
6714 2 22285 e60172b60466e41e3d47aa82a21967ce4369c6cac489c7e9c25bc037a24c077e
6715 5 22083 1d239861cda50e235f085bcf429f613bbd2da810441f884a33137ccdb88fe7c0
6716 6 22794 94ec22014fca2811beafe0882b614360603f472d18e3089c7044441f6087fb86
6717 4 22063 3bbb564f0357b38891cae64d703f4a3afd901f1b7d1d8b06ed7e3b3643dae6a1
6718 6 22542 47d9fdbf23e14ded9a5bbe5a7abaa40f2f5073714f9777819a1752de6247382d
6719 7 22883 192c422faa30dcd2c14c72e23de4746c4181a97383013a465d69b1d547043a75
6720 5 23362 59a0d3b0ab65bf09b7f9623e62c6a1cf599b7fbe87a0c2af4a691dc421ac19b4
6721 5 23824 172c514938017e7a7893d35cb7e847f6872044999626c9df46cb9a4def399644
6722 4 24777 7ee54f0ef3e39e0e7bdb92bf69fb951fd17cabe3da700d8f3b0ee08b25539f37
6723 3 25287 e82a03af81e6b37ca78972e5aca65f82000045b97c95c0763b50b6fbbb968888
6724 3 24766 3898fd631bfcd1bbf00d0c5ec8b331dbb19370c8e6d51839673d2663022213ac
6725 2 26950 1252d16f26d4e43ef30e970d4866e48288f6de78ad1682ab5a88dbf466498d01
6726 9 27115 7b1b51e21f2c63f2458b7d19723839612b13e0100c4691ed1f27ccbc68b46b0f
6727 8 27162 c3eb5b19d94afb560df4070232baee6a328e0164d15769920f72395ad212a803
6728 5 28104 1865732e8ca3dc3c15ac2b7315723bd5284827cf634d16dc1e3742f85d7b9266
6729 2 28465 e1c387b8637f0fba0f6b46024fc3df999b8d0f4afad275d9c22515fbc43b4932
6730 2 28464 ca9e091e79259a9867113e8fb6a9bb92e7046dfdcc731e4a13e3fc8b0ac1dee2
6731 2 28391 7b87f77f13a1ed8000f1291a09b355f906d47c5332e599d536dfa8f117fabc28
6732 3 28191 71d3f257824e6b287f5a0691bd81bf19979408e8f9acf49f69236b1ac36ca290
6733 7 28670 a58bfbc9082f9bd65d1dcf7434d2b7a4a90ddba02c708bf2801b7c283c002f3c
6734 2 29448 dda3df3b8d2701463f89da13f6bf6c61c724eeb0ac45b7fdd909c8c71214fc71
6735 2 29374 014e7c3f085ebc3457dc61eba2825f6e064416b33b79a1dee48d64cebd568f55
6736 8 28867 1b9cc460dea26e8a335289493e82915698a0f70a3c5548461ecf55a743128003
6737 3 29378 4cd290e87c2cef3b7e6c8b8d74864b35d18f7ec7f0a346e57aa491d44dc19ead
6738 2 29517 a186021621156f7c075016f9157fe2b9ca78f195beee79446830418231bf942f
6739 5 28828 bc6a57ae809954c1e9b7b85be29411ba37752581e6f289dc8ace6c3fbad782d8
6740 2 28615 de4b04ec7261d0b20322922a4946e462b5197eb21106b3a5c2e1622c946ac60f
6741 2 29212 7243fce7fb6eb2e7f4ef8873a0acdae0e662b5d6b6d93e0de6dea729e91a9215
6742 3 28887 be9b8121a3d46d86db2a337eb03f7f3ac6ce1dbd96e0ebce9b3b8f91d96b1dd0
6743 2 30858 fec5119333deaf7be6ffcca70d6dbedd9890d883a866eeca6057027a0ab5ef26
6744 3 31811 4236168f54edabfb74552ec9f97b5cb3202e0b8f3ef4c1bb518726cc997dbffd
6745 2 31860 6bea192ebc8f418b1dc15c1b2c4e652e63edb24d14c3f5d0ce984b4b29b849c8
6746 2 32073 ce8b10556d0e5766bef8f8c3f85046354774a231b2d8919227bddd0e349860e4
6747 8 32147 4c186147cbac0293ccdb0bd0c827884779b0872789b5db722ca277b45384759e
6748 2 35509 b89a8b5aa0bc1448e71836af2a8f7a2e0383f20f3121222d6507591278c337ae
6749 4 35325 3d814aefd18d8c9c0f149565c0fa36ed2623d96cbd649b8c53e9b184f094e977
6750 3 35372 66edb11b12693611e0544063facbcdd3550241835972b3b93b59abb0e00c43ee
6751 2 36601 18f17f2cfb716c2bbb1be8364e6826e4fd75ddde69e782cd4705c5f9599d4542
6752 2 36528 6dcbceeff3b32ecc4ad585c5a2f364524a79a2d40b8822051a2faca2f2b53eed
6753 8 36184 105dd3a0c2d5119f87fac97a90d2144f66118a00c73eca7a582e62be4a35d7df
6754 7 36231 6aba943385c8a7dfb68065f620a37a6d6c0b27933a76d16ada23e8c90245ebf6
6755 2 36518 51652bacd826a4d3eb7bcad40c224baca61b31cd3ab34b832c99cfde193a617b
6756 2 2502 349007367581941c29d157dd3c9e57ac9b5c2ae314af53fefebe8a1d77579cfa
6757 2 2500 8b1cc228c7581f60f334996c7f7c57f1e0c0132d15e626d004fc383e7cf1f412
6758 5 3452 e446ffb51f3e6e54c099b9182391b334bd737cf99f278c407d40be829b8e4afb
6759 4 4645 9369bed8add0a37b9f643993a99b29081719790a15ce66abf4d16dd8741ff99b
6760 4 5597 b8456a932089a2d454701001d7caf3330552651edb660769310a2b4d1c15de2a
6761 3 5644 1cc78af2d3d3684ee331b280e1b7ed100b8829ffca92cec762df72d0823d89bd
6762 2 6589 19e17a1c0cf7d92df628adfbb78a6867829685dca562536ecb4a3ec28c9b1403
6763 2 6802 2364b510d926f7e4a123b60c88f0fe9d8c28e9ac42679cdc37cb44eab145658f
6764 2 6603 8b1ceafcd0ffd61b1aef89dee7c2c3dad91d1b92c8f45a890aee6cc743857e05
6765 6 7314 6a9fe98700512a6f57806f2685d7b62467b79583c68bdd77a302500ffad7031f
6766 5 7573 65c82adcb1929e1b84994cb2a266dff4b8500023b7f48c8fa6d49a0f153f9f60
6767 3 8052 62794bf83cbc54e05edcca0a3ceb5f0b5e660703ac0ae25699499dec13f08ede
6768 2 8727 8632cd83280d8b3769c1bb429fa30fbc9c036f67abc40e72e1f9810ee390b578
6769 5 8671 aac83d4b29d3c8be77a3685e0733f9785b85e6d2ad4a2b4644b1fc5ace51c7ac
6770 2 8683 bde1498a2362c11686c13e445094c1028153fb1acddc3b115c9ad751776b2292
6771 5 8671 29681db74e7ef02c9969c2d0c2fe611317b752e386d65c1b9ef82e368abc6e85
6772 3 10641 7f17ee7550cfed80f1935b133605f3a520c02cd3eb4a17a5d7308b8fb76f1b4e
6773 3 11594 f783ede4ef8d0914c06bdc72469bd1fb2940b56fdf6253c8d677db922e032d31
6774 5 12238 b3cfcf1d75d84c2c9c3aaaf485d6e4554c86f054da7cce010203720cfe3279ce
6775 5 11688 837aa09b4a6f262f1d5cccccab58071bface9db13261cf5e1d7e97cbbc1f42fd
6776 2 13871 b6a63baed87cd0b97b4b84f00e22a70d2c70816b8b760656ce545294c913465c
6777 9 13732 943816eebfe1a1c7b5d8a601c3e1e7963c4c9858835cd446a17879b4fa8101c1
6778 9 14685 e2833be745c9d2fb081d8601c4d4becb09cd8278d76db0d2c300c19efa37606e
6779 4 15563 c7abea044119579a08c50df47458d6c721631a9ab266fa74b2ce71a4672e1505
6780 2 16725 7c7bf1bae616d62daf270465ba801c7f04d73ae3cf43241e7feb2241b0626a93
6781 2 16985 a37e11c11953edbafcdcf899ab37ccf2798f5c271771f106ec686bae551c40dc
6782 2 17408 4e2b26a47b68e4db8eeaddff40a8a88dc04a5ff1508beb441052672870c713b5
6783 2 17408 576d334f0b2588f88e9498e6354d6cfb3e244221ea6e8ca113afbc423e84e31a
6784 5 16821 756db8574b3a2f52a7e1a9ff6fb62d860d8ba6a0f9f0fbf7399219a78a923db4
6785 6 17532 d8c704f707e2c65be319d795c5267d27fb78672f3d2a3ef78835d99c63775488
6786 2 16802 61c7e765097fdc62d773fce8b99efd61a5101ad2d0ec2d5e4d85017a83ce9ecc
6787 2 17016 f8250fb9b856582a7d0468306d455b3c951c588667128c63afb70d8148fe2265
6788 2 16801 2b4e37c71204349aeb6d52e64170afc0956211aeb2376717a4dd81e0265d869b
6789 10 16773 6893470909e7573999dea8355deede08bb5e463483dd38c36c35395dae3d66bf
6790 5 17718 80de4cd675be19c3b47efed4f4b717dea5d1d8d740a9def2b92cdc3e4ace8b3d
6791 5 18816 c14fcfa1feec0698c28e92b1407e9672728a8bf4b49da69a965dfad6647da783
6792 3 19295 f6b3a179a8e6541db596222792d4ace56344eb8ed7cd3eb534e25d086f3622ef
6793 2 19747 947cc398f0adb1a4a1dd123db18c0a76ac94b94b005e45a0976d5b91727ca9d9
6794 2 19747 7d7e78ec1f9314ff42586b25f8f09f562c24e7ed08eddc827273a31a12bf70ea
6795 6 19960 e7aa95e584ead2242807c38336653cb3ceb03d9e21bff0e21891ebdbf7c9d71e
6796 2 20439 2639bd9a1c0427b96b7e15018e4451ab13c1e42afbd636d47e43bfd476af2db1
6797 2 20902 099fc48ff4de5cc04bdbb9b838b018407b07ac468e9dad28b856e8f21e285c84
6798 2 20902 8a6900f37d81d382bddb33fdf1410338d335575317871b3116c9199e71753d71
6799 9 20857 8a749c351aa3633faf80152a0f23024bb98f04c05b3071c3399d328d8f44c4be
6800 5 21803 eed7561be5f6102d2a34713d86de69c3647317be6c5e6b1d73863a76fb8f6a4e
6801 6 22892 c673477e57953712599a7c1a255194ff4eed96b72f9e370715930cacdbf91153
6802 2 24862 cc90aff8f6dc9082ca7bacab07b1efa0b19df2ba02710b6c7f154608c5814c8f
6803 2 24862 492c0a0f94d96013079e80d6b04e70b1a1da023ab5aa7916941219318bdebb57
6804 5 25105 39cba88bf829d176f79c9281744d68ecf5cf0f553f5debb580a91ec524d3ccd5
6805 2 26046 7d577e563983f6900abb177233de840160ade7739ca807bf0bcd4e139e053d0c
6806 3 26999 5327d4ca1e19ed58c8327fe0b18c1d4acc8286bd27c898af3aedbd8b3045361c
6807 2 27046 13ea696d39d582168f043fe0e7213a47b320609a1ae327b5a7d50a6792ed1da4
6808 2 29230 9cb07f1df94a5c9df9f74e0a155acfd2f94a4d609f9d13e6b6dddec1226a39bf
6809 2 29577 6ba58d977de009f50a2bd642d70506ba43613780ffb3337f90341fe41ef44cb6
6810 10 30295 d615dc17b2a211355c5d720a91e88b1f351532897a0b73e43739648101cbfea2
6811 9 30342 158bee4d09925f9416a91af381de3316fc637f6456c661fda7a226e73ef68033
6812 3 30821 f57c3f42b9ba3fba10e1ea73467fb338c25c43b9edc7f22773965567d30300ba
6813 2 31275 4173ee1105d6a9f35eb43d68411a4e6dce5032c87f4423339a7ac271ccf43e98
6814 2 31277 b304b73f139c45d8c67ab177419d88436fecc62fa8c23d6ff694ed228dac6f80
6815 10 31270 eb0620fb849625edb44d1503d8662007114a9f55e350f8d507556a407f9b9fda
6816 5 31282 07484242951bbc575e0c71534cef5d558b20caea411d1227c9a218340a18ad74
6817 4 31318 e38149e48764f52750657bda947aa11de9fc5b17ede18bb01bde6daafebb4a04
6818 2 31797 cd38552986c4d4c497af8eada1403fd7d4dffcc36a00effc97d170b4d4f8d502
6819 10 32137 c61d57f117d1a0abad913fe28be6f797d0ca8aa283528ff73b317eed62a90a93
6820 9 32185 abb39e71068e6406f32a7b8c0dfa0c11f2de7b297883c710ea9403609b1bd0a7
6821 6 32197 0383a2f00a23bbe9797c943233c0e866d7fe7354385634fa3ea14645638a4d19
6822 2 32676 fce1ea18d903b41b766a1b2c79fa14499616ea74737d592cc9dd5c8c0dd62f19
6823 5 33140 3b87909021cc6bba75fa38e3e4ba17d1526b1e4c05a4359574d66e0fb28135e9
6824 5 33786 a3e4adbdf5fda58d925da2f16e6eb7633cf8eef4474595fa81d54481a21560b7
6825 3 33126 1f84346cec3a0b243db7c9cb00599f5f43472c277b523f3705dbf6dc5226f720
6826 4 33114 46f7d42e6d79a9da4a11e602463ab65ce79905ef9e54ed04b15de3573cb1a14d
6827 2 32656 03bcaa4c7d12b90ad37ad7661dab8dfeefaecc104e6fb89c2bb0f7ab2c5700e1
6828 3 32700 d81b798c0391520227b18998d970a1067f37dde2a3bbec5f7aada6d6e3d74bc6
6829 3 33099 0644cc46d431aa79f8fca8c9b3e3386258958540aa32b656392aaddb9bc9fbeb
6830 2 32641 d8d341b5bbe664d5b2f608e00f4e86123924d9c3c94988e92083ab564e7b3eb8
6831 2 32685 32054c6acc8eb6242c432073b69b311cf63c3dc90196126ce0577b0f948029c2
6832 2 33034 0bbcde678419bd208d404f587c68f844a004083fbaedb80a26a80f9195660210
6833 9 33082 1905896e5f25b7e21f7f08bef4be71fd17c0dd4f160854c0cafde990318cf67f
6834 2 36442 3d28e9db78cb8304608a5ac82616a649b337ee1703e87bfaf3ad5fbda272d328
6835 2 36442 a4fc2f74f6f1a9b133297ea97e445c36ad0e891f2a94e639a97c900f93a98dd5
6836 4 37392 b25977a33003c7b002527546320841a20dbead6b4661ed272e504d20edca5447
6837 3 37902 ff57042b13b7a2f2ebfb32ab52250561a273fa5e69f65f9010cf269219ccd727
6838 6 37624 34e07f18e6333eb44e5978c3130b18c2ec1dbf793d586c7a15478d3bad9de46d
6839 3 37636 0f04d66deb9a9282db6f339e57859d441d5acff4e1f95562a7dc5aaf4f2e3017
6840 6 37624 ba2892554bc7a7d779602f47fc2336e2448a2169448a82017462306b940536ea
6841 7 38678 c9b5b66a399f644074eed14a227049fd1dc1dfff7a9b65ef9451fa230f9fec49
6842 6 38677 26774c9da743cc6f96fa9a6183674fb1b7439cdbd17b78b5a18813420767d4df
6843 2 40589 17ffa383d5f0e0e38870377ed366889b6b15e298f5018d90bc598135cba63f95
6844 3 41542 aae86254cc17ad5793c8ed91f951a0759edefd3fd7ff3877c8cd8a149b8e79dd
6845 2 42023 067f35610190187445f3b739fe7cb898a6b319ebf78b0f32d0217589a70f7f98
6846 10 42602 3a457d787971acd0b5048c4c2b6ab8f3f7dfdceb5558fdadf7685e6ba1f7f1c0
6847 4 42726 62257d52dec85bf02fc69c501f151686f18a380fd69b0450974497f8d35edabb
6848 3 42773 a7c275a548c7d573f11395fccee8a032c366fc4c025aa48435491c09402b0ec7
6849 8 43629 b6b5e758ec1050188110afd3b53e91ee4506485e3750bd2c3502746206f3cca6
6850 7 43678 e5590c4b602b6781a299333a582f4447e4ff7b634792f7a670830e464b792693
6851 6 43495 867ee8dd0a11f22896a59e4b3f7021357be32d66fbef765c12206406a8e7ab25
6852 3 2501 1f38791be86c07989e01571fbc81c7674ffd6fec9ffbf2cce678839b9313f36e
6853 3 3453 dc0e58d158ad99f486cca98349eaec478bb4d9b6156b9a93015cde8c01a54fd0
6854 3 3463 adaefe73a7494ca09b7bd5a5af22064179d462822012b9e601c3c447755f091a
6855 2 3942 ab0b4fa90a4027aa1c1191289ef20df56d745ef0431dcd47986fd601b94dbc7a
6856 2 4404 b8ab7b62c73d25b97ecf80e8e7e447154912ccf42db2dc01c59106e009f7c334
6857 2 4392 5b6f229ee5a46f99f83b027b7247e77e402cfbe47e90e045149eec2cdcc003c9
6858 2 3935 b50ce3e88e26a003983e39b58bc73668e9104e4851f6d4b7755c2e296cde07ec
6859 3 4633 6aa50594a77cdcd158c92bcd4f6424b24f7f05b7b1cd95f90b6ac62b08226b08
6860 6 5585 99c4a11ecc8d5ee266aa9f825d0fadc6e911b1369145bd1a5825933d0d6b3129
6861 5 5632 23e797c2d54320db9c64808497fbbb77ec0021bd2f8b2c1a49555a02d0b9e75f
6862 2 5498 03ff35a470b9437f93ab9dc8dbdd6c6db9431af4416b1c0a681f6ddd641f7043
6863 2 6450 d6143e57986eb1174a539d00c6f508347de54104de4fe9d880c60252d015f3d2
6864 2 6462 8a9f1b7e95ffc590779bec6f0d96dccfab40dfd6290fbbcaa66e6545b8fe318f
6865 2 6450 421a176ebd67b641950a0eeb1e8777f38932c8cad0df6fb2108aa3fbc246ba29
6866 8 6702 992073c4e6376e9ead669e795d5034a9a89077dec4fec09a7caabf3ea7577c2e
6867 2 7181 e2fbfd0bfdbea28736c86513940af5eb62f9b67711590e7e0ad3fe9c4d90168c
6868 2 7644 0f5795363ddba9a8c01f35ad208125ba37f80c71a151ec5a6483d8d7a3aa922e
6869 6 8597 f8afcba8598d0bde51288d4e0432c9fdddcc87e250e2553a38d23600820755fe
6870 5 8646 43df0a2cef8ff6f48a74220ec4e09fce3cb57af34c3b0b0f3cc04b79dceefca8
6871 2 10675 2f9e6b9a3616839e56e2ccbb94f5cd34c14972d3c98abe783c92c1ca22dcaf45
6872 10 10664 ca613e634239aec88d2e189a287c8f971dffe7a0a286134207ee7306f1a35991
6873 7 11609 db8cce5fe20c03b03c13cbb5ec5c34d82dd13f4fc0b04fbca50391d141979321
6874 4 12088 3f43fc564a444a0fc3cebec6ceb19d8b3d1f8b099d571ae262a09925c7309718
6875 4 12539 a2db17c3158e43f9f182196ee10de9f2167e0282bb19bb3e18db1c57efba7524
6876 6 13492 995e8a9dc519b3d132c72c48e1431d014ee6676029400ce5cb5e1955f669a2fb
6877 5 13539 64485e72ccfb902dd858052888ed62e7ccdf68ce882089a54ea9d3afd26bf4bc
6878 3 13081 1ed251646b59d2438e47025ca1b35a747652acb160e6df2ed603ff5267d12e2e
6879 3 13125 d480187c7b8d0edd65636a10d0eda033ecb63243bef7c31ccc6542847a131a20
6880 4 13478 7aaf433c4fb9f5d69e3b3b7fca6a864cd9a7be7dffe6bb31a2200f21c832a96f
6881 2 13691 ef0883792ef731dce87d10e580afb2a8272056080054073d7b021f5af80f8c3a
6882 2 13492 499515e0b33f8fbe055b07bd511f7c47899dd786892f5651cbfb6b3626b845e3
6883 2 13480 616cc8f39ee1eae068b0e0435bab4f50885e60d48b4049351b819eabaa401827
6884 3 13991 b1c3978c33854ba556ed0c4193bb16f889a2b32faf878e41589e8a3944e8516a
6885 2 14853 f84b904a6d0f1a4a2f364a7154ed89e4a8753a4187bbc85357f2e641df9b2544
6886 2 14865 973809de7b5da3b7ef9925f4fdcef23ea3f534c765efec4de0a9d59b5a99e4ff
6887 2 14853 31e39eabdd85b6c20c2cc6226673fb051ea192162b2433f3346199ecf420a72c
6888 8 14574 958d80f6d986d1ba52017b96448705ed0cac46a0754a8fe3e8335ac6981adb95
6889 7 14621 5ad5fee0eccff38f3bd54dcae9f4647a355696491ee0f91ea4edcaded070058b
6890 2 15216 26fe187571bd7432aa558c165f2568619de8a6b5599627e19af18b42b22365b6
6891 3 14888 ef11813b132388f3ab49b78b14e1b5a9e22a6b12b3633326c3212a195229bfde
6892 3 15919 6f98cebab18c71cf245fdaa2004e57f052ae7373b2344fd68f75778394dda20d
6893 5 16641 b9626868bea11e581f1befbd095612006eae2e65c103911cd2a9fb3552b2b59b
6894 4 16655 28e3d047d6e87598b9fcfdf1fb558558b9c9e1a998c2588d1c5a9a1dc57c131b
6895 3 17166 8f1965f81f035148b050d852937b13e482d7af600923c91624d55e932bacf990
6896 3 16621 8ad3ad39f28dfe063834086b533e0235e701c430943783721cdf45f150b33f3c
6897 2 16983 a7810f55bd8873872abdce7ec8a78fcdffdb34d82a28e826819a653ea1e8d69c
6898 8 17699 06122792621e71824e5b470d6e67ce306919b22bafbac80266f44bae27384d74
6899 10 17630 0afdaa5072f5d4be1d6aba0b9bae338c39a4e92530b1dcb6cbb8ec18c0cc572d
6900 9 17678 10552a3efab54feaf3bfb305ab5dbe0dbfae2ecae1ff543efc1e82dd2d7e9b36
6901 4 18255 a930980eb9921503686474276b59115d9cf21aee8bc7d8a72d4de393297e0d8d
6902 4 17665 1209840e127070b1e49b52e831a1ae7e14a31bab7725bbac4cdea6cf2efef691
6903 2 17879 62e496438e315604933bea6cab63760e3b356210cf19d58c6c4507b4b2b72a08
6904 2 17752 bd4ab9bff3a78cf93c40e67e679c1261ac246259ce79c5fde63ace5ec436e862
6905 2 17750 7cf4847277269d9453f12c43064d85c3a8d8e71deca3910e0ef388bc414223f3
6906 3 17714 d51ab9042b2f0a03ad17d188618cd991d211dbffe8313bab8405ed8c726b61b1
6907 2 18667 e593f604ec9e3d57ef60c51b520d6dbbbf35869cc62fe6f18500a49d6c74d830
6908 2 19024 982147d6d16358b47fedb38c6a31a892b8ba65cb01d44382cf4c6bc71c922826
6909 2 19037 24965e96c34b678bab534993e206ae1a00c03df21da906b5977aabeed17e209d
6910 2 19025 b25d6f23d9dee67e0846c3ef1ce2bdd5eb274723fc12afb430f3e19db79a8b1d
6911 8 19740 a1c15d96278ca5e2fe367cc70452023172e3f013e8fdb309b1c61f7a81691078
6912 10 19679 4ccc1d9f6d7af857be276ff05bde14b4081a82fe9eb05805061ababe4dfd6e98
6913 9 19729 20421e44e381a457a49ade66116115383463b1e6cd389796b106c06992659e37
6914 9 20682 9fa3cebca90234196a7d87b3189ad82fb2d2c625a0d29a487db53ef1e304f065
6915 2 20895 f0b5e55be7220230ceb8bd31fa8497070aed475c039795af113d024f646a05d4
6916 5 20768 349cd8a8389330b44f76d0b5a1dcdf1abfb25d6c159138ec742422f13293e49d
6917 5 20766 b3c5d30ba03272c7cb0e0a0f5e1167f750b14bf705cfb74c1cb779625f84b6d7
6918 7 20731 d75534d8b44f87fd4de0dd27874eeb6bf0770b657bf7f39e0b623ae637ed140f
6919 6 20780 a952c1eefd96fb103b1644c149cd3aaf8c950276aed3cf81c5c59d37c6eecf19
6920 2 21388 1559eb376d24b9540f5b6a9d41fe4b303c1ba282edc43f29c97d6e99b75c34e1
6921 3 22117 9586c4191d6a9bb824d11bb9180a86a6fdeca5ea0fab789de784d8b3349a13b7
6922 2 22166 924e58831e976a8acaf2e27b29976051489b046f416622b98ae350b167de2f33
6923 8 22834 b5d138026eead7eb6f5a75b728ba10b13ad155ecd42825c62220dcf841c9098e
6924 9 22688 1cb756f415994a38be37298ae8fb687b85d24b1491dd5c0b58ebaac77d7cfb40
6925 8 22736 9923b0ab473e5970c3e533678975ebdc2036d669701ef169a584239da8934d3a
6926 7 22785 0665fac1387887ae1d4778faec2e953fb5508b0997c4c856bf22e1803098602a
6927 6 22834 da9f72a5decc3362b116bb5eb3255edd294e3437feadb8a43859610f39e157f1
6928 3 23313 bd9bda9a3aea8bd5770123197d7f806144fe42a8b2a9e06a08466e22fb389770
6929 3 23765 5dc9fc97af9d27c0716533a2a6e535d2ed91543ee993075acc9c13617ab44bac
6930 5 24718 675bd3da7b02b51d704ce5d79b30d0e9b489e203d7d060ecdc9495d39a55f401
6931 4 24767 7474b168009a89e43bc003dd00035d4ab8edefc5ca41717dfde31a2fce89ed35
6932 2 26234 29d539373719c108b604e961b0a1f5af48b226cf68c874f75a1c0a1ee748112b
6933 2 26246 3164bf689d3804f0988f4aed227e51b79e862278d6cbeeed6a751c1469ca4a7f
6934 8 26952 9c4f9abbdd727c3f805c37413b6507b436e136598bfa03e76c66ad177e108c0a
6935 8 26625 e864eff8e3bab9912a995fd389a54c8042ba45d386db76f624481ec7b90f4574
6936 2 26287 d8158c905926f6ae8f340905b4d6ff58e450f10f87b52b5866d180d3e65ceacf
6937 2 26291 dc915cc938eb5b3a4dec8e1e4aeda3e1a17bc2d81fc6bb06fb0291244cdd158a
6938 5 26155 3ea7c1c235c14fe37697533301f98b2f027d46a2f412385f22142c8468826a82
6939 6 27072 e618a52d6112b11a20b20f7aea16b358be693ad0347ba968677c01f20ceb558f
6940 8 26771 a64ac60f187a0910dd79df17186764cb449e73e85f01c5e71ccc5d6e287595bf
6941 7 26819 57fb91924fdabb908067a3394bb6b7530adf5606ec284bc0d5830332944f70aa
6942 7 27772 748d47b8052d423dc490b235e3b81920879c21c9b79eb4113030cf047a885aac
6943 6 27821 217e391f1b45515c1127fc80b6fa90b74c5e66ac3026bbba90c33335c63d3944
6944 5 27870 047855a2849f64d389ce4e8c45a5c4f2be8677f60d6376d15647b44e3b49d69a
6945 3 28349 5125bc02ee2db7d25dd113f7a526555964255faa074df23ca4e7896d08e119ef
6946 4 28812 3c813adec3b54d82c1fc1ca61607187708040b71febcc153250947813b36987d
6947 3 28825 ab14644b450bb668fcbbbd0417fb2ed1dc0db4caf4a8c0a8b717952cb0d3e456
6948 2 2501 6b62b62cd9715b8fde07539fad9d0201b830e66786e53def8af2bf6fd6bf54eb
6949 6 3453 2c84d4532663fab0ba246f5fd2071895d5f5237fc6e09bd693a50ca57348f3d0
6950 5 3500 2f8e149e7a14296e64e9b59c858c246bb090f5bac3e7bc08380585a22b8957b4
6951 2 3613 b2196f04ca2dbcf380b82b50047212c6775e3e92f4313e09544886306a3d5f57
6952 5 4565 c750573fcb408b73bbd94fd3111f7cf92b2a0b20e88ab98b5d51433d3a3daf83
6953 7 5601 edadee6ceb1a37f4ca0fbfc148595cff62a82e645670fc057e6ad890b3387d74
6954 5 6624 9da7a1ae11a2560580b90cdeeeb7e600e943471af61f78e5825ed42dfe62d62d
6955 2 6636 9812daeba35ca5a28733ab4c80e42e7dc6b2385b6ff06956bddee4c9156e4025
6956 6 6627 af38b638e036fccbaa93311115ca262d6240690ffdd82cb97caa426af1c85e3b
6957 2 6840 c417f5f11f77239fd9d160a156cad1da8d2fc4b708d9f9cdaadc2a61cae22ef6
6958 4 6639 e85c9462630b4721e5ce11e99e157c3d7e9c9ed8d819f54f4591930f80d6a58c
6959 3 7118 76a2c73f268403155d42b164ebe67f0500314310a3b3b2e75d3a877580836d74
6960 6 7734 ae5a1d9e923573dfd8b46916e52e2ba7fb7e0c7d35a0cc8f2839cc77d8ea39f6
6961 6 9705 c274beef1914f9ea674ce01f35f78457a8d14ea6151ab8be142d06773bafb790
6962 3 10184 4526ad9e09691fd4641700ec78ccaed7c66fa3b6ab9290292c03a009b1840eaf
6963 2 10635 dc17c1b04b97bfdbc8acc989e177090ffb6d3a47ebda0442ac05f093cc4d47d1
6964 2 10635 c243919786916f5d480347a80cdc25e5e490f59c273efae5b10800ff29de597c
6965 4 11588 ac9d67eeabb4002035b2d44471666cc8fcd0f493c2ad46963cc31eeb09a2013b
6966 6 12859 d6e3e7c21beb3056bd81dddf09e4a002beaac2921d444e34d521021ad94ff8a5
6967 2 14983 7dbd56597b963b08ceb68354e675847427b347e6958a95628021cdea1bb9f1ea
6968 2 14983 d063377d847d1a5b91f06472325b887a4e06dd66541e0603dc1a301d6f2ae60a
6969 5 14840 0587209717c511f3cf24afa2f3867d0cc4b398a26f6fa04a425e1c53da25017e
6970 3 15319 d4679b56eea3e320dae4638daa66cb70a8865e202f5158b8ed8a3115c04f1d0d
6971 8 15728 15f8c203458aeb68a4e72f760c85d00a5a3d2662c709fec710d560b3d9ce6b99
6972 2 19739 dbae7baca19884a3436de97249af3d43301c49e90d895c199bbe6516381bf7a2
6973 2 19665 f790263003492e71265d5597014aa0886f3c98547c7647751a2e08fb09821da0
6974 2 19665 23cdb4cab0e31557fbdbc34847441bee661e8294b526006bc3e1eb06119ca49b
6975 10 18966 a062b26a017e30d0e6599fef239087fdc49554290807acc79bff8b830491f9fb
6976 4 19908 dbc51206a5cde0b6368b70861a8cd6f258622bf97d3bb3466513350145d89c26
6977 3 19955 85fd842687129e5edabd41bf142d4cb669ad2e06417a3f7c215d20a45d99c772
6978 7 20908 99a0106805a077ee4f7e08b85294ad3ee7f86d883eccc87e31aaff8611e09e9e
6979 2 24920 0702661b75599297a9e41030a80870918f1c32940b2ea4342f0df11df50c3f4b
6980 2 24846 c83afe078861f05035b06303a617e9cbce3fc85e2e8c618461ef0870b3fa725d
6981 2 24846 d279dbb49fe7528200da20fc2b38f0b500df2e5e1b8f8d870a7592bba1e2da3a
6982 2 25203 0609420152a6331f001bd42fe9fd8c608e2e730a73cd27d4d441318f8412097b
6983 2 25130 ce1c075e10f55eb1bbd543a6ccffcda9721ddb23f98c6f68e309f0c67af29139
6984 8 23970 0b6be72b9a88748651ce000667e285573e4ca3c9f8d08796e2c661a5e79beabb
6985 2 24332 02c310e697574842a784a07d35626365085034b48f00a15d35fae6677a66595e
6986 2 24258 2bc8fa6853741eb1a3a16e0e5bc71f4ef423d4df095cb16bca3543a35e745a8f
6987 2 24258 7007c732a5932836535fb866565cfc617264018a2a0a1d7646dc9ad780910caf
6988 3 24055 74c3e3fb8f4947ad022c5feda26fc795548b3ab27d5ebffac3073421f1fc661a
6989 2 24519 340c50bedd41c531065fc19a1a35c4a65619db78b60fe3b08a6e5ba65740db16
6990 2 24519 6ab89858634f1b924b405e6b5a932f26af5cbf268e0893f8e6afed211093908b
6991 2 24261 f5eb050278beb1ada7831f908cfbd2a1d206e86b996fdc7b50a9bb9e3ba8ce74
6992 11 22917 d262d3bfbb98ccbb8cd9e0db292b308747008cdd46d4ae5a8c89da4dd97aa48d
6993 3 25095 121a6c4200ad3c294f34d4443b80768244850c17035382855aea0e1d0549df4a
6994 3 24952 85d238b2ede7a09c1d526af0856a6b07965ee7acb7aef6a6084e90e361513705
6995 2 25000 882cea80260f7460d9c395f9ef15c8f2250e5b69df544ba9d3de2da711b8f142
6996 2 26378 73d64b44760bfcbd5854dff092f339779efc78d44b19bec231d9193a2d19707f
6997 2 26377 c5f1b0b69ff51bc2c887cf299430a19bf626b7dde3cf38186ada6921ca9d4d17
6998 2 26377 606a38a74c2820a69ab33f4220a5a64e5e4b5cadae0a1631a1136b5f10867ec9
6999 2 26303 e01b774a9e7bd1916df43be501973942de8b283b1d6cdaed0c1646e7c46ad592
7000 2 26994 2361f3154f87a661a813ed2a5338ad2fe647854c4cb596207fef3b3e01214b27
7001 2 26921 30f7ccca550bbb18e4c424bf2443555857909e9e462f2a74b3876beaf58fcfdf
7002 2 26761 12c9fa636a9d62b8ba6b1cc4746d3a072769f3501f109e174224e192aeba2607
7003 2 26761 42703ba67b2a01bfcf24e46b044abff8969332cf3c0f23165ca4a1e434872eae
7004 10 26280 048a33eb245da064e1c131b299f7aaff9aaf74b5f467022af310a2c4301c6aa1
7005 2 26405 75588c40786eae2f32131b3a6cd89966651367dd521a0f23e815b262102460f6
7006 6 27269 390a53527b4db4a9feeebf22a302df4113afc2d9129b1bf8a116923e455caf90
7007 7 27748 fd8a6cde7689391a4528a4ccdb584bf21b1aa4ba93198b82b987c147502390b9
7008 2 27775 6ad3195e5d53f87000e6a5d5af48b127f586035472c7d13fcefab85099a32a1f
7009 2 29647 fe81e2e2913777fb5bb40addf0ec53c5cc274ad59de790f97b4534e8499df4b1
7010 2 29927 824530d1c72c6b032f06d5ce6d325d57b205e495e80103250406da32ef06b66c
7011 2 29853 f5311a95db79eb3e3852313c756d275b912f76f05b37bff59fa1848b3276dd98
7012 12 28205 53f6e9f0dc18f8bf2941300183b55db2d43a2a0b335f1069d6457a3da5989446
7013 2 28567 b16bac1566ccd5689c13262261f1a34132a41c9eb63c3630b7fbded197cc4dc8
7014 2 28493 76bada1933aabf89fdebe1db965f62ce8a95218639582ceae2bb9f8947ef88bd
7015 2 28419 47535f3dd9ecd07577fd56db9c76c1fdbd27f3031e599228d15e8299ee19c848
7016 6 28291 b0f72000027e49b7b2191fe720befe14dd7d1e9689648846704ef2894a429aa1
7017 5 28770 118d89e7dd1abec1d48c5a2dca90419a680e874c1c8ad3f67e52a8a566a79de2
7018 4 29221 9a4467372355b8190cf0da18a74b7b65d45a38d0f3d5d0fe242091b49609811a
7019 4 29219 938a35d871e47e812652e03f1f9618a5816a7e4ed5de7a7f8160bc02646276df
7020 10 29134 e62aad3ba844eed61a00a571ad7d1d5c9cd03e90df73f45ffd8ac5798e0a6e3a
7021 4 32489 b97583ca7a37be9fc34030bc6279102871fcdec18c38bd23de9c1a4aa36765df
7022 3 32536 8887349aa9f7ff6224a6d25de16a70b715e0daad20a134e10a0ff8e218bd7262
7023 9 32626 9fc40e0fef8dcfe5b1da6cc9542349eeeac7b87c1b8a6ec2fd8e7f6dd0c2f416
7024 6 33570 715011461c0f8bc0806b2ba7e4b060bdce903ed508901991369e12d3d2fbd985
7025 12 35470 8429cb2e98cbbcd5f0e02305db5966cb2759c415ef82fc2e76d40f0c81ee71dc
7026 11 35517 4925ac9053b2b2b5fe0a2c9c9042a33de4dea69550d66d2158bd9f2958916e06
7027 10 35566 403bd8338c3befcb2aa10704af212a39c1b582446164265952329eaafc02d01c
7028 9 36519 58def010c22501be62cbdd57b7daea1c233c55ee7ddddf7e61b69444f68f237a
7029 4 36644 75af4241d55aa780e7f33af600e8aecc5c41d47a69597201ac4e89687f1dd05d
7030 8 36336 8422ed0e44ba6e3790f8d4bed4544e927e53d898b2bb3981353e2597f5089ce2
7031 7 40134 54b57c463d946cfda009199971f830445ab1312aec744c834e589f19435daad2
7032 2 40646 76360cdf1f99b8818855e6efe8046c6db181197f2e5fff882b0e2bb7f245b3a3
7033 2 40571 3dd0c677a45f4cc0ad591af2aae926331d4466544fe7935a0e8403cb899a1615
7034 2 40496 f1cef9ee77577e90e8a7805cdfa27a0753650000e307f10cea9ba65c66b26d27
7035 2 40422 7618c1c3bdccec0004bd0eeb8dfae1b77c110864915def764dbefbf5db753759
7036 2 40422 9af1abd95c3149b52bbd136f9b9d9b96bcfa3e37e5ab4bd44626edac8f11b954
7037 4 40295 3a4f0f08ddcc96b23a061855763335c0c2c953ae8337ffeeb8f5fab27e0f78ea
7038 2 41187 e8cb96abdcf58b7fcfe8151b52075b1eb1e94dc4af0788c2c90c38167d68eab3
7039 2 41027 5f6aa275e2bececff00558c648457fa36615320c43c7d9f375ad9e39fa89608b
7040 4 40293 6e1f139d41fc02c5229c927d0a8f5f7590cb07ca554b6a62da6ec4704c07cafc
7041 5 40182 1af08ab84e4874563863aeaea695738bf45ee8912b72c98a93fe803cc237cdd2
7042 8 39363 f6a6435af4a483fd69be1dce31ba7c295ebd6bac1ee094e3713e0e59a27405a4
7043 2 39841 28408be0759f5d29af059fa3dc4f0bc84100789d5b9f2281aac2d4b22d1ebc5a
7044 3 2502 21bc234593fed46f4b42197975cfe9e3e011071df39bd19290dd9c4a18ab8108
7045 4 3454 6552ce8bcfcdd1e4594fafc71aab10af7327b6bb875b0ff037d87bd69788cce0
7046 2 4398 7646ad7d0e9c5fd55e416408125496c1f4669b4aa109b07a2c225665f785ad2e
7047 2 4611 65258b71cbc722db6ac8982c523a15de8309f2147e22b977b43143cf836ca7ae
7048 2 4480 3debf76dce30cd338eeabbe939c1805e330bffe246dccca53a3d5ef03039d9ed
7049 2 4478 5f606b1fdb35ded568be400153d88c55250e4cc951c2c5445fe48d2490528161
7050 2 4395 d2923bca35fb22d93858db637292a22b95271708aadc8bae5c533cd96663a655
7051 5 5039 bf25c561d79216a035fd976874a7f745a864bcabd1a86ab5463e9ddaab8e3241
7052 3 5667 866d64452da2c1243afcf66f55530301c0ea9027f87428d0258cd40a855671a1
7053 3 5667 8763384fa5c2701af9f1ce9124abc5d81490100f0998a4834eb136a93c3c34ac
7054 6 6616 6fe6984d5ac772421e80635f3744a2a8b6bc99c177d6935d0f785bddac3e0f31
7055 6 7559 d8a12673f8254379d81314cd8804b8ad78705e5565b6ffe82f65d86bd01c380d
7056 7 8512 5ed6f9b288449b3c3521097fff0e36d44fbe80ce4db1d267652366b1195322ef
7057 3 8987 1cfaa65efe056de23ee3353241041a3330691234d33e4182d600b9aacb348798
7058 2 9040 27195cd1a5da8977017418e1a4774b9d271c9cec3989612a9ec41e914454abe2
7059 7 9698 f737f301b3b5ab3229d9cdf2b12d7269610bdd9fbe3cc7afeef52e469d6a321a
7060 6 9745 31d5d28bddcec532decbf85ff333013c8b9a9385eda7f9624e295bd9cf6138d0
7061 3 11716 25385094ed99530237be9ffb02b3f21ed30a798307ea01a488c3a6233a4119e3
7062 5 12669 85490c82ec734ba2b599986cf5ea714b4f4c694ef137dc37a32a8eee7bd82605
7063 2 14852 e1404c8c8064ed55dc395759eb85ce4e4380c33610f51eceb44699966012add1
7064 2 14700 975778182f00e72fe93a3ebb796b1ed4a971ede04c8ffbc32287f7ae16920e4f
7065 4 15652 8a08f354d6175c71adfbf6cf2c64bf5725cb27e3a4bcbe007a792fff9922913f
7066 3 15699 c9e537002786fcb00a2771420274b3d4fc8ce6db104505f6b2583985d24e5332
7067 10 15727 2b29abaeb547225de461672e39f7e51e5bef540ca5ba3b7f0bbb018021b38f37
7068 5 16206 cd4402dc285a8f937a0ff73010d820581706ada43ad0f021bc478d1fde751b60
7069 2 16304 b3260704fa1bc76195ae77928dc7782613170465144c85212cfa1e6ea190ef6b
7070 4 16965 fefe72fd6e20f81a5d422732e154c539cb6eb2a69816fa648406e2b34154a74d
7071 3 17012 adc863de73a6f855a8a7741db1470f85aee7581d08f508e715968bd1be285387
7072 4 17589 8e4be84eb8fb7b7d906258794ac88c2d9c459ce7475203dac948dbad94afb155
7073 2 18181 ba43831fc26784f025f2adce7c8384aba2bc4abc91cebc04a42d2effcc07c37b
7074 2 18181 c4dbd7a3e6e6963857499a014f6ee63367768a511dd5cb4930fc597bb4862ffb
7075 4 17964 7c8b60c1de0f665eede4a35eaffad2d87f86710f8458b0284aef1cafc00f1617
7076 3 18011 8ef976aa644737630cf1efe5ae5e151ab89363adab0bedb3314a298cdab58016
7077 10 19994 6b806b82af5aa8aa44853de662b07ffd4f27e922cd602c9e1e2f0b1f06f2d352
7078 2 23649 916b7f2351d3abed8009010ccf94988c64ae425794e7dffc1ebb5f5ad67109ca
7079 2 23575 fa5cfbb9e6ca74f9b6629482399991bcde02ef740c3e2df62f2c625949e18cb3
7080 5 23308 1c84277fa4f04a3745056ec3afb1960d55f41749bd318da402087eb900177b9c
7081 2 23522 278d2dc888d38be14cf350427dfd69ef63b05e362104fe3cbc8fd7d4fdaf2089
7082 4 23393 1ea8367ae46f3628dd9fe924d0ecfaee36ae6c11e82065ff9b9ac0b53e7d885f
7083 2 23778 8fc984ee8ff0eb9bc5d6bedb63cd40ad386e1a5c46cdbc912b9aee0c8525c577
7084 2 23778 81aeddf07898a714359ff707f170694e9e4fc3927ea372615c34f8894a9bfa5b
7085 4 23552 e67ec53202f2fc05303ad530fae7aa4c6fbedc733cf76f05f36079a4eaf25420
7086 5 23284 0a72cbf2e8f40da1c1a8a41a1ed000dc9da97ae7361429a3c39ccfcf7cbc7444
7087 3 23763 f09d9c9587afe8141ca0bf4e3e5c3c2f9b406551077b538727831fe044b6edda
7088 2 24214 9ffe3983dc31f950f1c555ddecfdf8bcacbe56c1ca9d218fa5f69f6a488770de
7089 11 24244 73f5752272092bf00c003d89b7326832b8dc608c07b4e1e46c8db2ead130085c
7090 2 24217 a82f68ac1b0485a401887788bc48902917cea28887389f60255adea2ecf43405
7091 5 24256 6e3b46227c945e0d3aaf01a3784e6413cd9a1e111e2b188b1fd2e637b53fa9d9
7092 2 24228 76113d8c4bcc21a9c7504ed22968d707609503d68d7d1f681a5bb9bf8d1fa0c9
7093 2 23770 81f1e2ed6ab4041ff6ab56a24de91ad1f23331d8e3fba473df79d93131c0c219
7094 5 23646 d422442293f2ef543e74af7d4855e635f91f9a347f77f81445049c6c4e01cbce
7095 5 24290 46ae156c320d2b764bbd78a69c30a053aba34f988bc409b9445a7e220d56ae83
7096 3 23628 3f05306441d708c2c57f431f03d394fd03704025b594dc7de0fa343a02091280
7097 2 22976 aad57e8babacc73d1d2e3f149cee08998fa07f302648ed37f7623edfc2b0faa3
7098 2 24016 eb735931d156403853fed315b3690d843b0f62941c1c0e81bdf1c123104d58b2
7099 9 23902 cd31d1e324ac34d60f8e5df8bb9085b027e47e832af579196e98997f728e1ccb
7100 8 23949 cc53c3fa32434ae28797f684cd69235f45526d8edb79a37e1720f762490e5dd8
7101 2 27599 635def3030b3fc22bf0248c7c1e2a5590b35ff6b6b63a58c5c93071025401b6b
7102 3 28552 ba4696f2880d60aa71cc7069a38de98f46f9b87f7b3a7ce6e75e08683141e52a
7103 2 30953 4dc45728e333b86d009ef48c4468848146e617fe9e26546eb3bad1617c112265
7104 2 30953 abc4f1fa0b2b1b5e85e3002cfe2d5ab86ec0eaa1ff5c783bc0db7672c1e967b2
7105 9 29895 73522ad67d3c19c3fee153b23f5963980e015126f6b8e05f06d2819f17dc09e5
7106 8 29942 9f4943228b5dba765d463d790a82c4db7c277f0899973cbb5ad9a8e5af94f38d
7107 6 30884 f05a815bdb70fcfccff7a7fa1cb7d69a019e8242855a0fc0f7a82d0d8180e940
7108 2 31246 8c2ebb7a22a8af1715d2f875c69c5a7adc65d093543513dfeffab026308c2519
7109 2 31171 cad2553811d8ea2c4f8091bb607eff1ffe59449913dff8ec35242778fc0b9f86
7110 2 31097 79f041a5462046c30d4ec7767cff96edb896b629452c735413061de9e40741fc
7111 3 30898 0edc3cba1d90ce4fe2b7242648a648c9ce822b7c7eec20c169ef29fa3e852555
7112 2 30934 0f3f33b13de1738a2e4c4c1afc17f3a2f05aab62d5b1fd6d60b7eb672c0d26d9
7113 9 30918 98bdd04610c4d38c90b94e40016ee5d284da03a4667de0bf264df1dd80d45989
7114 2 32170 3315fe12a03752bb6918870b4ae03f0abd3c897e510072116f37a7a964ced711
7115 5 31909 163eda9f4a03368276adda679238ee5b84127fe9b08bf6c57f52fc166124731f
7116 4 32854 12be7ccec5c4d5d7331c5494fc48e38fd4846c8832cbba01ea6ceecdf6a6dfd4
7117 2 35394 e38a3ce1e878c9828a2417cd348a1cd06bf04da380a0900fc1cfeda1bf9423e7
7118 2 35319 5560c4e665b2afb9b899add50097db4362556a91b7a2f557c0f4c36ff3f3ec3d
7119 2 35245 b0533e1723f09e8cb27618413dc7d4ca0edce202c2af5b947075933d349ddd51
7120 2 35418 7c26e31e462fa5ed4bc75b167c046ce792a2f463f580cc84b6b1800fc2063055
7121 4 36371 bd35c49f9b7227bcc024528327b55919fd9efeb9d8c14beafc3a41909e863044
7122 8 37489 ebdf1a300394f381b3bbe225ccfd02b0a3ebd48df6a3787954a4f67bd3d8338f
7123 7 37488 ffdaf02d6b501e8c7a11516b5d89dbd2db325b784885baed74606321aa229706
7124 2 39649 26bab53a616906c5fe9d368a2db392952182a569420128dbeb9f12ad239be6e6
7125 7 39050 808b39e0bc8f16e334de5750ee8f2f2eed289a164305015681d0567d8f5ca7f8
7126 6 39097 8f3228bbfc4ff31d2b9bb8b216828c58db34f27d4a68b3368ddf1c0eb5a28a4f
7127 2 40349 1a5291c04d552634a94bf5f6bbb58a5af8909cd0e18de3466db6469842e5e99c
7128 4 40041 34ae3d89d9fc686a22e86a691e30caf984a9296696ccf5d06715b75d09346269
7129 2 41291 0c358cfe26dd73c495c65e5b1e3934307e53d080ea629011937ddba59a9ff30a
7130 3 42060 344d34a58cbfed4e24bfe1026b795c982518706ca9090e385da9b93508ac4fec
7131 2 43663 31dd4a4ec630326f6e2d091fd8bf591bf2343a90d9ccb9ce7570176574a5f918
7132 2 43662 4dd9c9b6c1b629f14a8d05f032444924b0e2ae57d4e924f7e9ee8920d1123a2e
7133 2 43662 57e4796d3f659c8694aef33b43a7a22f6121e9005a564f81dd933c134806a23e
7134 2 43662 ea301026d48f68c4617a3b07dc7bde103aaa05c071ed7a50042f92e919d47651
7135 2 43662 8dbcc0b39b46ead8f8a929b12bc44d169bb214c889d86c09cae77253578256ec
7136 2 43662 45768c7dee5d6687905830af02b6b7ff2d40df82aeb351c27d572877bc7f305d
7137 2 43588 ad6ae55477dd1d1789059497ff95046760acd081655b6165d46ccdb2580cfdbe
7138 3 2501 1ac16cb883b1e4ba08e1b7ec72a937864d84a4141b23fc27b36450babe8686ff
7139 3 2499 aa5c7855ff97493dd45ad4c38bc596a3b3a72d5cae534731072e2492949af971
7140 4 3451 62409ba980bd28126231bda95c6c14a2bf916068904c4bfb7bb0b9e4e9b8abd8
7141 2 3615 9923ba5a325f308a1ca61d519150964ac1788ac2353735622e61f2e25b5c2570
7142 3 4567 8e961002a04eb8c79a2c66004ce7864abd7b690e5496db6677ee2b26944a46d3
7143 2 4614 b990c5498bda78a3613ca2f0592271e503beabb3e2e1e0415d9624320a3d1a23
7144 2 5093 4593f9abb45e6803996beab22d886a0402da0c3d115ea594542d36e08a636ced
7145 2 4893 818ca2319f0d8a8c5b8da8d1273efe3736c8d80ab088d3277137271979c03ffa
7146 2 5556 88d9c9b08ef9c3b005b5b6126a4c7c0be8bb53a616323596c8ebffe999c7c515
7147 2 5567 8571c06b9da3a5ed587c2dcefe6ef6dceece1ecf914459b52856dc2d72d5afd1
7148 2 5570 64c57e8b15bcaea110475a0d4647161bf6c0a6d535ebcc6a2e969ba1797f41db
7149 2 5113 1fa27305ca2606b91e68718c700a758cc4a2ef344b655064ad2e719d4e1e3167
7150 2 4923 531f3cd8d50d53c223de6db6e501a3f89e797fcd5c8dec092c3a12eb15d34f19
7151 6 5587 73fd69a826883821e0984fbd64aefb463d35ccc9a6f1d12f3e5d0ec2f7b634af
7152 2 6530 6df68e13ce96a9d0c36f3ae78bc4e4659db8888e1788b9420c93a9a4a33debc1
7153 4 7483 524d14e2d32f1d9f9aeb45b6b09e48bb346b79d3a319f02e7bd1fdbc5f3fb243
7154 3 7962 f42b06741a435d5b9f2f910413e15af0b2d8ae70aaf33825b13a2025ca999311
7155 8 8500 67130ce29f0747b5769db07a7c8f40c69bb4ada5ed38cecd61496f007db7a02a
7156 3 8512 785117e9a2b3c65fae38c7de3aefab99e48a086f548bd980928cf1d8e40dbd4c
7157 4 8548 4e7899ce00f2f0daa300cd6eb24afe1fba1eaa919d93808484b78bb6824e7a0b
7158 3 8597 037a8afc317de9e885d6e8ee590c36b346f84150e58cd98fa4524441f8b442de
7159 2 8746 928d504a2153b897ca4e76ec6c8193601fd02307a91069301f09cb89997256ad
7160 3 9698 197cb49699b5c8391d9717fe9c5134f01acfe8034e540b7344d95885e44f0760
7161 2 10177 b4fa48a05391dce611e1317c6962f2708684dc1e75585efe073a5fe13eb9ef18
7162 9 10647 59321471c15ba21c72b4abfe6497e13adf603df46e1ad235ba9160ee6dffbbce
7163 2 11125 a775d6aac1580a62d70218371b126f7f678cdc1e7e174773af99469eb9f2eeae
7164 3 11590 5d1c7e582edfd11b9d8eb1101f8625d5b03ab6a6faa8d7ddf041b898a232d103
7165 2 11637 065a1e84e8e6e0c6a46956fe6f5acfcf23c1e8b0b6b394e7e55d80d80ed0a633
7166 6 12587 9fd7675b7897242c1d788abf5f21bc18bc6db975f9e7aa9c361b65fe0124cf71
7167 4 13531 ac030c0b37c49d7d7d966f4c9a63442f0ca9d36e4c56a66f8dc8a9287a6e7dca
7168 3 14476 5414635ecc8203944c423f2a534cf1ab1035860b8e8285bde85ebea157bd7985
7169 2 18709 60b169d306d4ef7fe574320753b59acd50cefa72af85cfe45337de36e66cec8a
7170 2 18708 0b4c7413e46ba73e04ffda587cc6526614b8e8ae2735990028d1a0c6c58f27c4
7171 2 18708 662d9ba084b439430117b84cb6f559a70775c306b4e0ab517505a2003b1ba834
7172 2 18709 7753927b0d0e5daf30cfee33e09b97ae70db0fd22feb5f816f15ccb84053719b
7173 2 17937 474664ff7a1269973714aedb7c753127c970a94c73133f9bfb69287b2dea76f2
7174 2 17949 49b95ed392b52a90459ff24c51ca8608e6d3d7bf9fbff277202984fd6dc9180c
7175 6 17520 aad2674291091a0899cbb3a653cc8e7ea249cbfbb5654a959f355de6e53d9fab
7176 5 17569 f564c6c3d4d7b3b4edfb7c84693285a4232bc4f4cd49652c7c866e2e91200687
7177 4 18512 c48ab7000157afc1679a4ca348b8ec295ae139aca8d1c4828cf208b81313c176
7178 3 18561 4f69352695c281076bc924ab503a01c2f30aa380c338f9813cf2aec4641c202d
7179 2 19070 f7ff2688b1d9ab8b4a582288ea7deb512e290fb3d2d76ffb2438eb52fccf82ec
7180 2 19069 c55b57ca64a955c8b253dd5b1ec0ce7e7bd15bebaf182a7026ee8805105332e4
7181 2 18995 ac4abbe0c093d8bd3193014b2bfe1d0f73f010d30bb30233ee96fe2409ccf669
7182 2 18995 d519790dfacc51fed781dcc42c901bf2647f4a38e41031d04a93a4fa8c487d8d
7183 2 18996 6f219b4010079b3708356d691bf77cc3493d7faf3b6574225c2b9b604f7ed078
7184 2 18792 b1205a05e6eab703908b4a3f14aed7dc3f074eb8c3d364627924f80cd1d227ea
7185 3 19067 eb7369d6c53074640e19f95c78c100c4e7e3c42fe04d0d9e2bbae1ffb7c4a37a
7186 2 19115 fca761086389734c42b16a50487fc992252f14767535a54bedf70f0a07fdce0b
7187 2 19116 ad826205e53a162cd2b37833bdada877a011a46c70ee2d24e1f7628721074146
7188 3 20069 c70b754a47cc18e53aa2058adcdaafe4187e639ef36357a2eaacaa984a9159aa
7189 7 20544 4690f81ea72fafe7feab0c9bfb7a11a39442ed9a0e8159a666bbc4d887df9ec2
7190 2 20668 a994856ead4d82f0ed96bbddf431594e6184c95cb3a2290f39bbcda8baa007c0
7191 6 20579 78e39c097a1baaa4ab9e1ccdd80736fdce089451d0da970a087088e39ad1f95d
7192 2 21015 5309ae82e4536af4e87290536124d49dbb526b3c5d68fc73bb9c5afb9250b3e8
7193 2 21014 623097dc69584fb8558384260b2c7e0f37d928ff067842df7dd0c71ae2f07768
7194 2 21014 7fc7f0f2bb6611b037ad442b020e4d1caadc4b3b3f5de4b08d67f7ac71bc9719
7195 2 20940 303db004b7f2d2dd86b94a479a7aa9385f974166d88a84858eaf3644497582d4
7196 4 20810 301877c049f0f78c7b0fe9a3592c750d2060cd7687594d1463463be9b319cea6
7197 4 20808 5d4a11b1ab1b6f0b9baa257736246706446da6ad74ea6c70c77c577c855c83b5
7198 5 20624 4713636818a35ee83ef663fa94cd181232dce5fbc211e911b2401412c43e1a04
7199 4 20673 9b928c74a099f162579dba6c781a567c86d168a253d8dddd9bbd93897a4a77ae
7200 2 21617 a3ca1ee3d71a12de651ebdfee0abfc8c20072967f937205b9705b1114a516f35
7201 6 21606 a7f17449f14b4ed983dabc195243492eb57f99ea8dc72b0af2bacf825e02fc32
7202 6 22556 119715379e5a1f1ae262ad1bf18b9c0aec797f49ced60500989975e0da13bb5a
7203 5 22603 7e427c65520407c4aeaf54811d611cb93451a0e9b9e70580250e363726d2da90
7204 4 22652 c2d1a3545ded9c67215a65616b17eba2152450cd7a6867efdaa87fe0f40d8c14
7205 3 23595 4e586c01beb7c6c0ac86c02780b1d6213fb7f85388c89970201213cbdfabc076
7206 2 23644 877daf83ceefe8763685a042107c5f1bef65c1fd4cc7c2e387fa786d808aa61e
7207 2 24276 f3a51f868175eb88f7d288a1b4bed7cae29555d28fcf006f6868ea03cb243d6b
7208 2 24275 8d1a2052464e585fca2b5a28f0224c3b26f04505df71e2f3f9d0889dd6e6366c
7209 2 24275 8d6115ee13bf0bbf81a0ce661c7742d400cf010c74919491e59715e36287e288
7210 2 24275 a6a3dd924511144fb4be77601d190db5168b61214b156cbf7e2f1449173bf15a
7211 2 24200 9a41542e3dc962930976602e4a10577410c2eb20dac551c62968771cf460d80f
7212 2 24127 e200719ecd8d3d0b5f964d08e29bd58e34b1df8cc96598ab2c070bc52818e810
7213 5 2502 3f2a9f9771f803b45d518140f8f7e33dfc311aae322290f935c020107b5b7a6a
7214 3 3454 143abdc38bd66ce571383baed6dee72ea78cfa0015efccf293c49f970e270ece
7215 2 3464 4336ceb47c0b1d651271f7a6bed895a847a6a603f60885a06c069c3a66b0bd5a
7216 2 3617 64bba2be98e445a6e1ef96526db3147e81ee7ff52e41e9ab848af0038a34e044
7217 5 4569 d046d71d6cbb8bb2445422bc08ae07f2363dfc85ee2d0a1df8c1ae07a2002e97
7218 3 4581 1fda920aa508672ba3429fca245f3a1021e7d7f334ba25e228a1b111c53b0ded
7219 7 4573 a365c8314d420da9f2f674837618de304fce70144abf24a02129da55b45fe47a
7220 6 5526 1f75c152f6dc0369b720611cef082c0413105410528ebd992c92ac38d804dc82
7221 5 6472 5eda062ab6d6ecb559d2d9dfdb804b46bf9064c4bb7e7a8cf971604be97382d3
7222 6 7753 24df727b8d14a5a0bfc56dc935ab67a24fca9d1aa60ac3c3bfeae0edd309d43c
7223 4 7765 f0f32b453fbe6f726f3460fe2a9bb131c2dd73bb9388bd20e7eaefc31312fe53
7224 8 8472 d90d003e14dec74d1f72f04d112adbc2b5020436dddd6d3f248dc2de2333ece2
7225 10 8671 54569dd319df0fbae0b2361adf88802541ccb5f4f2754bc5e34f6fd86d3a060e
7226 8 9791 ac54d56f48ded069c81180ca0e4e08df66982bce89a476da7521e244df44745f
7227 7 9790 4c85078ea9812ee08afdd7a1e31c90021bdfa6e53249c81fc18fe9c233ef8571
7228 6 11645 6b4b2cf18bc394cc5dfb01f4eff0fe9bb70a3e6c70db54d13c9e47139f3001a2
7229 2 11189 765ac6d4775581b6bde5e82724cb03388f945436fd287b9f93fcf93d13427549
7230 2 11233 ffb098782560196776ee9353aa7406ea7732ebf8ffc67f1b22b49bf4b3710887
7231 5 11630 2173dfec8b47df9feaab9c773a4fc407dc6a201e346d5afde54b4ce7f52668c2
7232 3 12574 9db39fece50718dd0c98081698cb95a0f758476b5c66b92fea739f65029ba513
7233 2 12787 6702a02baf364165567d0105341eedc798dbf8e3df74fd11df725554cb38c750
7234 2 12658 2a8f04e9f8e32a9ee4f331f95bbd5a9e689a7467c836696a17ccecbf43b13067
7235 5 13301 42a2c9236d8c5bd698a98d5d2158a172ff1b9bdf94d119d8aacb077ae2c52877
7236 2 13587 2d4ab90043dc0b727c67a36a4c2c5ee77f6e9db4f0fb9fc26ed1c43350ac8b9f
7237 3 14540 74bef28d47d8ca3e0ce144a1c64ac9ac227a64e5707d831848ba1d272e687917
7238 6 14920 0be7f925d28ac79233d3cc185d718488a5b8f8d98d3cf036d61c5f093db638d6
7239 5 14967 62bdb7a49e16ff70eb74931a12d00449bd9acc72429d3174c501a249b370f5a4
7240 3 14595 f91bdd9a327b1a87b615c5eed9b6548b5001cc5f9f2ba851b92ea4c17459cb44
7241 3 14603 2f3e604471e6fd64b00929b90433a4c728e642946dd5306e5794b4ea4f2933d8
7242 2 14968 63807495e2d05512e032f58c54af45361b20509a701a4b35673a6f5269b0791d
7243 3 14592 9dd74cb77cf6e902905dd6e41a73ebf32420ceb9bcd18f059e00ac51f59ed031
7244 2 15071 ec01fb86be36f08bd03d6e834a44f714e2492d725c17cd84be8c4f261f361a5d
7245 2 15997 814c3dfd0604ae70581918d5a7ad13c1fc40cf6713f5f86a9e6fc3f3d8fff7d1
7246 8 16667 5c6fcc06fb13abbd9df9f2f69a28b4bfde199ce024cb2050645dcc7de91730fd
7247 4 16586 0264896a14d9a5ba1ce9a64a43f59b2e388fecb23f75783eb0e9611c105ef228
7248 3 17397 b77f7ae68ce0dccbee3938079083fe867bf1d204c56dc6b255a9a0ce084a3451
7249 2 18619 1e6f677c451cc280eb323f37cfc6a20d1d93a1b9413cc288ea200d6fe2d8316e
7250 2 19572 e8ceb7008960f9f72332dcfd65279ca674a1528f0136681c0c74cd484b464b77
7251 2 19584 e81e3f8faf72fc16c879cbd7eadcbe13c4a0f2b2f8482eaf1ff291007ee373de
7252 6 20051 2f3a1a3163e8972d2988629dd0bc49bb10097866720b8edd7829b68c9f438d10
7253 5 20100 388b34e66527669a97217baa864ead7fc2519bbb2902bacb36d2cbc035edd86b
7254 2 20579 f27794b62c03cc4fff4c649345d402849a9ee2410939604ec995832c8cfa64b4
7255 3 21043 5b67fe7b91c891eaf2751c84ea1a2606e2c70288326ef5b6bd9a18dad287afe6
7256 2 21056 7a206882d6d2debf3d827234cf349f97de81893c7349e7bde95c4a11cf8fea53
7257 3 21044 953a9ea157785f60f00a568fa8f5d4780467e712f32131fb150202ca0a5ea0e7
7258 9 20685 1f4b2efcf80a547c494fb7ed0002b36655d110a44dcab453a8210dafdb68da19
7259 9 21638 aa174798ea07dee57275c33350690e8ea7b2f8ce396442660ffc6fcd4acbd9d3
7260 2 22117 d4f609a8419825727ea56cde62d097eb5f85a9b94503790cc500051da78f98ba
7261 2 22385 8c9c36444c28cede3cad402de007b03711424f673a0becdc9a1be6424d4f83c0
7262 2 22578 50f7dfee9110337acce600b10bab6d5426a7dcf725541eafd94aaeb11fd84c72
7263 2 23120 c948dec100cb05c755fbc9feb3696894318c38fa4fca719d7f9eb3813730ddcb
7264 2 23128 3d57763070cdcee7820b7970cd4971ab6f801a0dbb5dc4e90a2e2adbe074e0d1
7265 2 23117 427b684ddf97495761625fc973bcdfb79c822575efd3c77c82e40327e0046cf9
7266 6 23143 b7c54d0730e862768dfd17806adc48985dcfc4bdc145d391b77a6d69ae063551
7267 2 22685 b91c3fb19864ce60868dd124981c6e94c902fc5dc95653e2b67ec9092a3b1243
7268 2 23129 067bfd1029002532e7dabb145361f42cf5c585ff539d1672bbd9837ed6b611b4
7269 2 23129 cbecff05bcd18db6f350a7c2372b4880445b4296e027e7541f28ab858039ea4d
7270 8 23798 5d3a50096a4dc76d80b1dcfdf598ce8edddd7bd8f24e1cf92b437c2bc82d4675
7271 9 23678 8cc30b26248217197a91ef5b441a56b361ebc1f498461c0e0024acfcba8a0246
7272 8 23725 f0913725dcb5d9f0ed81d8f27846387fbe01011d077114df359f027460574780
7273 7 23774 daa0cc19d8f4428b1c267e48ff6fc98f4c00e16f35ecc5846ff3c75b395a7ea7
7274 3 23787 aafd65394b2beed9d8b5d3c153d040574176b077df287f614d5ec76249d884f9
7275 3 23824 e4502c20c5243560c9bacadbb82561546f984c02aab30e430169927746161382
7276 2 24769 35d5747462cddfbdf1c2fa3d7bbbc46b46806d3d636086dc686542b3edf31633
7277 2 25185 278e0546a67a5c10443635d130a9e1f401d59585fbaf8e4f404083953b126e74
7278 4 26137 66277ed322f823e85dc6c14f7e2e08d4ba3b3681502acdd6241d9668ddc2551f
7279 3 26185 572f1318b7a83851b404cf945ec70d19249bdd90d754cfb58e86a1e3660e2e1a
7280 2 25712 b8f7ee23909d7a65f47ea13e20085b566938f44b5b741b9f55aa026f5ad6d894
7281 2 25719 56f495616418c4b1fcca7679c3ae7ded3c7ad5df2a554fd98bdc821d700e1df5
7282 2 26161 dd89011af456ae73fbb18757d1d54efe0157f67bd6157c79e555460bc05c1735
7283 2 27403 df840f4bee67ca9e8439f042751095ba3c237bf6a9621aa60c7be61ba981794b
7284 2 26713 18b8a189e5cc299f002b715f59659ada50a14311fc92f80de714748b12815ad2
7285 9 26754 534896ea0b18eb1630323864128491cf8ebf95537a2b4697b732b8b4fd11ef44
7286 9 27707 d9208dfbf15cd1b7ad04199db40eb2a78cd3f108d6a7986ccd08596f0c811b20
7287 4 28648 8aaae8f719e2d02071d345ddbea2c54702cd1b815711774ffb241bc1112e6f5d
7288 2 29593 9e1a583fccf4cad7911a650123568edb8991f6bb725475f7cdd2e02e7a06bebd
7289 2 29852 9c7d7edc8b759998659a6f8a01b79bc4a23e25427f3e8cd8afed28ec467b2578
7290 5 30336 293c9a03e9e7b697d8bf744e4638824a0823fccfa602ead311f95c96329d5ec9
7291 4 30815 f8753a21c54bb1b87e08f47b3e55656054b22a6dfb452e297621f5c76d765997
7292 3 31279 b914e580b4d6eb252e691e22581e7dedf42c34b5ab72a8b549e6a16a721456a7
7293 4 30821 e4f23b7381ab6347e15c10896c87b2b547cedad46197b380c141c41cebfa6ee2
7294 2 31258 ae1e68a0cb097681ce9de8bf80cfe93a26e6c9eb0868455fdc396cc9fbde54d2
7295 3 32210 f38b15d0d926c42cf12c3d590c70531f20c518bdc11d08070c6a8373a4419280
7296 3 32222 da39fb96aa43c2a47e226a057dabbbaf4f7322fb98c305f8b504d085aa94a342
7297 3 32210 28dd7b77e5ed9245a936ce6f55723418584fccbad9a61b07f455fdb749ea9ff6
7298 8 31730 3ab94ea6f4b9080b9cd7c4ef0a39e185360fb50222356b19b5593e954abebc06
7299 3 32229 5eecf903bfd30e623b237b6340daed953cd91e21cd22fbafd537c75c66a6f019
7300 2 31943 32bc5fc782c948587760d287ef2ada5e34358b6f58ed5511b3aaf4d55f5a408b
7301 6 31742 5795bdf8346bbb55f5d80bf09b67641772063a325ce356915e7f14d3be3103d7
7302 3 32293 332e388d1e504f9145ec2abe94c036055f266381a328e7b7652d1442dedefee5
7303 7 31778 52f2cc37f33de91c0833cd86e86db5bcb5ff1aae1e92730b4ce74aa12b25c72e
7304 3 31877 07d553b118e5f54f9aa1bd379e1707e4b754989f49e078ae5a57cb7107afba47
7305 3 32361 da6f7c4dbf173ffcff66488db2c5272ce4d212ea436da55feb0ba765986618cb
7306 2 31777 9f0a0751f9a71cfd277bb1d44a2ae79f3cf6d29f3f508090117ce2487ac3d034
7307 3 32686 832d399be5f96ee5349e750aeeebb28499861ee8387310e445b61431ec9e2f9f
7308 2 32685 1dd3d0f70219e47f54ce5f622df9fa2d4ac7dc79306408eb1908cb8aa84d21ba
7309 2 2502 ac088e85675a781cdb83111f3779f28d9e0cb8e22597abbd9335aaa1c191d693
7310 2 2500 1825bdd925036c4f9a2d90a7d64a009dbfd694310a023b12f3f052ba1fbbd108
7311 7 3449 08dcc580576f962ac1a03ea51b96dd6becf32a38911061803face750ff59ce90
7312 3 5678 083e76eeabc4aea4f2e899367f417464517eff0d426810c84572928db9b20505
7313 5 6630 cf7e5e669cd38d44ad15b8fbde62e44fbbbc76f4a4ffa5b0561199b8e230a2a2
7314 2 6642 2a7f92316de09d8dee03172377ce188c16b7ce17ee2250c3f56ea64732ab9ac8
7315 8 6549 b77cfe4578417b5691c25e4d425d6aa55f959602978dc8426fa4463fe75745a1
7316 2 7778 1738b0119c9608e29597a1c610492daf510aa3a480c1f5212272ff7f03ed0b3b
7317 2 7704 c4907ab231816ff27dabb0cb02217db2223ca46a027d36337cc6e70ee5bd4262
7318 7 7751 4c2ccb3077e93ae497259326fb8d7cb7bb9842ea1884f431aaaffea845bac097
7319 9 8701 61eaa1c416d4009abcba10402376730b0f542dc6d19d32468fcf530b2ba32068
7320 2 12637 13d0b46963876ac78bb34994af143405b4db5ea22de6260519b8ed640ce39c64
7321 2 12563 87cd8003ad7cb62e812dd983b95f86234a9752c535a6be0ece8ef74f73f99b73
7322 8 11707 9cafd8c91a7d73eb85802c87de290693ea3a7977839d9465efbb0fdfb8c7842e
7323 2 13009 cf617db0bb1a4bacb7538f15aa9500511820916a665ac8b6e0942a0c01c44458
7324 2 13008 99a2c43c34696e49e40ccc97faf4c9a1d0fe9174eea0e26d0ea98897efc8cc10
7325 2 12935 dbce05accf5ecf137fc6d2ca023c42157c3a4188186931df9d63b2ab1f60a15c
7326 2 13647 5f170042ed5fe04d08d62958a15fbc66b17ccb0e58b25f5d32f703eaf0743054
7327 2 13573 e11c58cc7509888f6fe5fda4e180d2b7db9d246a5296fa65e2338bfbc48b703b
7328 2 13495 c0665e4bcbe896832d81af5c74adff42c18dff1e0b4ea4d2a194b1f8d8089fa5
7329 10 11770 c4839dbab910ee7c26d9975cfb9b655f14e3408512da22d091c7edf26f076058
7330 2 15493 d59d49e4ac28fb0881eaa9db29d35e37a759eac3b712a901dfe1c018a8b56dca
7331 2 15856 5562e24575186ee8bf3d2d5ef01283f7fa8f703b8032740d4afff28e6122cdca
7332 2 15781 43366aa5abddba713f5bfeeea08f800f02225a1631f80b0aaa937df0f457a599
7333 2 15707 d96c255a64aa58871a0ccfbef6f305c2cc2d0ece020201f2f228cc84336d9bd8
7334 2 15493 8d97a7223b8374fa3315eb962e67eb40b795106620efadbccdedd657a813b6a3
7335 6 16446 b0035d4ab59e9fb6d5c37fb1be95d6cdff8d1e12e48df47a6d1ba9a268a7ec82
7336 8 17895 d53a77d09488d688bcfe2c2afe5a62c06d0794016f415035089054bd79d3beaf
7337 7 17942 15d215715eb7f5bbe494fa76d1b9654b4fbfb83283e1172515bcfc2ff535fa80
7338 6 18653 0ca59dca418e57be92819efda6acf65d0026200e7bd7c3b29d2530771c94d5de
7339 2 17930 9cda81fec2ce46a82316104b0bc635ec745cd06dcfae2dc45124453d91b0911c
7340 2 18216 b69f87f363baf850bfcba9dfb03d4c8632747c6634065c77598d349d7fe1d01b
7341 2 18216 5ef4b54cbb77d508c8c7c50ce3bb1a0d36cd4886822801a55da3ac332c03f725
7342 2 18952 d13fabf6483c5b611391e902503c52b462752f5b49ca27125ea0c29633c3ce0c
7343 2 18951 30cdfbcea856862f407381376942c5b894e955300f8338838991543c73708ff2
7344 2 18876 b4568a14ba7ecbc47cf088903d46ab1c4a52a4b768c5c141ce7d0f66c21c3bd2
7345 2 18802 9fd74c901e0a3873a41da3b93737b475962f322e0e6a9c119b85ec09530b59b1
7346 2 18734 a65ff6b53ba369a686d25e86c4b91cf389d4abed8d31b861a9b0ed8ab76980ad
7347 2 18734 6e870f9229c32d60ce5d71620b71b9a5e59b947fa706807675782dda567e9589
7348 2 16160 d2586cc61bbbe14b0bc7b10e8d0167b8db86b54f318e33676b1c915c5d938a68
7349 2 18265 c6ad9dadba7d899a437d0032a68b510416ee0711a3b910f0c1a512c79d67e69e
7350 10 18159 e2e47318e64c62bcc6a0e2b2b5c97ed9c26dc0dc0e84be17ad727b54b9b68ab7
7351 4 18638 32ca2b1344347e002c8b1b60192a901874afd1ec6cb4d7c79e45c75d473e36b4
7352 2 18770 73eecd2a178b067456f155bd4bcfe854f06194c0f3bc4820e9c10a0b9523f8c5
7353 8 19101 b6b5ebe157f9d698572a68177dc6815f5043a30ee5e0c56d8eb0ac1c141646e4
7354 7 19148 84f3728ccb391e4d1b0ce91e8edfb5e826b292944bf65cb6dde23427ec17f9a8
7355 6 19197 4c9b09dcd837b1269202be429293c27e5e7cd84a7f00fb08aefe16f89688a5dd
7356 5 20142 b582d371790b709b9a17d865c3b00f5b6402096f0bdd14809ed659315651d5ff
7357 5 20621 4627c69f792deaeb6b6780ac2499621965a8e8f5e93d85dffb6b68a135600051
7358 2 20721 94d9a57a28e46f868c7f13e3f0987dda877e5e97f5d8f7b329267643fee33ae1
7359 2 20059 010de5254b46bc32a8f0e77cddd7c054e3098a2b285ed2e35eae4b5a234e6625
7360 2 20502 c84b93c000f6c2b58d853f6857bceae057ff2b9ff41442eda3d72280972430e3
7361 2 20260 b3508c037d1f986a1f64a65132120ddedf922673d762dc1cc34931f01e3874dc
7362 10 20341 ee23cb6b846341d3ced8fab1abef221746028f81e4042c42fcec1bb73278a8b0
7363 2 21283 612539f59b57c0ebb8b58d46d6ea36b82ec273d42e4367814aa5cc1ac79ebd84
7364 2 21496 4ef9530d93b1db1af6532c88e0edd95f3e3c9cf1c6b3f8f4ba5e2cad5ad013c8
7365 2 21283 74bc7ac767021e43241e9161f7cdf597d658ee1ab4da979edcd2350ca7273e12
7366 7 20647 951ba78dde5eb3303439ef464e58bd5a123873357cdcfe4ab72a57cc93563971
7367 2 20934 bbde4c77d373d2bc4962add5661fb21ca1ae1bf88ff7d03c1af002d5b22cd38c
7368 2 20860 9f86b8780b001c208426d4e5364bcd1d9a6930fab86718548fb86ac4601dd919
7369 4 20659 91762e960c17197082be28d45d75a224db5792d3b3d6aff5e1fe0b698ec8d44e
7370 6 20695 3bb8e6c0dc530f67cdad83bc8c1b95efd3fe1a47a765d6f0cf297ec5d563017f
7371 5 20744 a3312de89830dbcbfa1d7552ba24efcc8f94aaaddb77317f818245f85f33f3f3
7372 2 21222 b108edb77a9be884cc5d8971b3ac9840bce23c5d15a0d683863f9b7a8005badf
7373 8 22010 bfe9385b2f172503ae6f5c57132518781362388b7e58e4639eb9a076b49f7439
7374 7 22059 52e0f381bb5f1f43bff977d51e82b268505d65f6824940f763b2378ba0449868
7375 3 23003 e79faf4bc6c78d5f3518a06a579afe1ceddd7f19b01c69e8135e9ecb5ee4b139
7376 5 23956 3fbb59c35c9ff5527d4c996c1eed59742e9df839b103e3b7a227ddc70f20a0f0
7377 2 24169 51937a8c0fb0cf23c51631abbf1dbbceab0be814307e3d8a82443067ba128760
7378 2 24041 02fc34e5bd79d0dab90d352d2668607f7528b7a85a5d3020ed98f6ad9f337cc8
7379 2 24436 cf637fb0bf2e084593ff8bea0e14fd0c414f568dcca10b6f4e364164f2c27d93
7380 2 24435 ac041a0f2c9c96940cc6067c6afba82ec51a38a939746b1c2e52bd8d52c2e1cd
7381 2 24436 3fe8362a01a9ade787225e2f20b93bd999a0189e8317a460e2b071f5d306eea4
7382 7 23720 46418240ac3d0b6f419605fad0d0b180cc8a6a810d24c7d85c8d8f30c2326e7e
7383 5 24663 a21493bd99966aed9718a09b9fe9e148ebe2b410724795ea8af3966359de8f84
7384 4 24710 4e96863b260117bf43300cf8e4319f525baa42d689abfb4d05f91421267df087
7385 2 25069 612c61fd501517041f00df790729b7521d1266667021790fd1ea4eba2bbcce45
7386 2 24995 d93aef2d490db732ed518e1c765c6a70f38ff6112a3ac685fefe9b8ca5c3d396
7387 2 24995 bd0f361b037a454ad0acf4e5e2d2009fd933159b46c5a0d88511c980e441cae5
7388 2 24868 aaeaa2acd890955e1b100e8fad7b52634c8162a1107288fbe39f7154db965834
7389 2 25777 f9ae431aba97b6ca18ee530b8caed37395fd42bd3a6b319a1461e08dcb4012df
7390 9 24988 24df836d73b44176ac6a4b0f4a685b42832140616fdb4916f7b70a5a518cb381
7391 3 28638 b216021f6f0b3547a9d4c4ff66fcfad62f14b56db7a2f4cd25878e37ef790ad1
7392 2 28926 27782c68b2ea9568c74cdb6e101908a97b80455ebfe4decbc400a27a2c5fdf29
7393 2 28852 36708293d1df4f99d3ddd72f780e6797891a221c89315377b61f7de970068f24
7394 3 28638 09b3e20a1ae6c5536f67d4df906c5c8193e08a869a10ec15ecda016b8e1c6487
7395 5 29591 36f7868fdf721584b85794577874047e70c525c895460591fb2df209fda4d5e8
7396 4 29638 2ea90dc5aeacbb67f50c109ba3baeb2ad66cac94280579f27535ff510b722cf5
7397 7 29897 75f5bf2169dfc757ff4be6fcfb0304cf161ec5869785ba1afaf9be912213ddaa
7398 6 29946 1cf18568a316e33e019ee7346298c46e7d11fa1a919f44d56c2c81d174a8e190
7399 8 30425 8743ac2cf88a309242ed58a78aaff702603a34583390588d28e7260965c2a0b2
7400 5 30889 6f25cc5aac1ddf7b9e06ad8a16d5972c5e62a2b4f8f25858ab8cfccf8346e314
7401 2 31249 2c2d908aa3382316927d8139d1e29bd4748e254a9caa57e0db73df932866efb7
7402 2 31175 e758f44b90c587e1b7641dc8ee7d817b669316ea8b455e05c187e0a8b7534247
7403 2 31175 93329c898a5994e8446a59cf9f5ff3ba3b5ca7faac9ce435246cd5ccab2ae18d
7404 3 31048 290b3d5cef412f80fe555b203bafc75711ecc650e0709e9d28d9461921fab101
7405 3 2502 37df2231ab28a971a63ad40ec88c34ea87eeabce8dfca4afa561d466368966a2
7406 3 2500 dc86f1cd44089c8e0dc0f22933e18e3b5943ee3363b4c3e2b090c9d47fa72f50
7407 3 2577 b15f0c0992bc21dfa29dc6cb45925ea9b89e0a4e16c89dd312b3d17bd29ce4df
7408 7 3529 b633895a3668d74bab9024777869904827fa1aa897e7405dfbe3c8636f24e27c
7409 3 4651 374fd67870a3b1add5156cdedac897d6e5efa74b7eedcccfac37ec1ba086a9a3
7410 3 4651 afadc15a22cd74c6f1062b37e40bfe02ee07be1e879112f7cbd9ae15a8cc64eb
7411 4 5603 1c44e583bd425dd68e9b59af9a438623e7e6db328493d37e73b6ab7ff98f2da3
7412 3 6082 f39289ca7af89313c4fc03a266fe25053fb4db6464965112e52312ca5fbf8f82
7413 8 6625 06f5d29032328c0e3916814f2a3e0d73e55780347c60bdbfc0b6a2c0237e7699
7414 9 7578 5a4f5b6ef8251bfbb6009e4b50aa8a942781495862a76a653513b842d5093c22
7415 6 8518 62ceaa344ce91451cf2938e2eeecfb75050d5a8c78704c9cdf7fd4c20cd6806e
7416 4 8997 8c2986d2f0b9688aa63b1080138ad5cc9ecd605ff315f6871a96d6a32357f1f1
7417 2 9745 81bd35f3ba3acca28dad8b3693d1ee7be9f81e9013209d2f20d63ef713f966b5
7418 2 9672 2c61c45f9ed5c75f8426043c26e7a73b705cf26c13a0adc301006ddf250db8b7
7419 4 9727 bdf34863e5b0e64d7a502bbe3f41d51f2cbdd446ed06ee2b2f4a447f0a559c40
7420 3 9774 fc34dfe32af6a2303b9796366eda0e98c9442834915fc87166d9781bbb67e0b9
7421 3 10719 2ef3887ee6427a5a7552992bf1d726bb059a9e7cbd73cafaa49edd2d34cc9457
7422 2 10932 f805afecc10b25ebd1f358f493d435dabe6a9c3d2a76fd2e6ed89c220281c942
7423 2 10733 3b92a764c221b9388fb46e29a2ca163c4a0dba397f353cb16b65e2d38e4cf55c
7424 3 10721 64c233e97baf0fa29a7ce8c8aa8d419a4c56a7633a4f05459a4eaace516d35c6
7425 8 10582 16b1ca9b7483b97747be443274bb47e8cb3c743af3fd5669e079bb6adca3d38a
7426 7 10629 3157229146db5aa24c0752b97b38b010e1cae54741f11be3322c67048ec7e5e5
7427 2 11037 50b9fc7db3935d0ef93b036804b2e17ed773bcc2ddc39152beee0f0913a1e074
7428 2 11879 55e7ae60c0822ce34b87bb59671adad1a51a6e27922fe5905387ebcbdb300e74
7429 2 12075 052ffa5c35a15a5adfb76acc858635d3e477bedf25d990382e1968b3f0655d46
7430 6 12786 5799adb663abb9ccff7b04d020c50e7c5179be0940dce7740cc394bd4e3ac178
7431 2 13375 0b0c0bbd656465df9d0733aa6f4771f0e3541a831eacf59c91009f6b0509c7d7
7432 4 13663 92251d75c2b8b68c05991ad1d8f9f587845523971b2cc938c6acd6293ed63b7b
7433 4 14240 e63efefcd499b6b479b1f49d463f676ebb5e2b85e6ae5e78b01a130042e24fc2
7434 2 13940 825b296aec663076850afc2294d1e2a4cf0494c18f5b983ae6f83f0229b87f80
7435 2 13867 8fa0f783436fc7f62311992520e0fb6092ff711eb59e5b88c5a7ef97bcfaf1f2
7436 5 13818 ec0828274a03d234385afffb3d6841b5c0aaea0f9a5f531b8dfa4e429ec9f3f7
7437 3 13830 d223fc3989ae0fdcf031383d9e88f455a4d984208aa45298b61f930c09d8769d
7438 5 14309 194094a07cdbeff43136791327b8cf6b5513269aeea6cc6d6e164de47e2f61ab
7439 3 14760 fbae32acf620e196e5e97e097636ff2ae4296036465f3d55a636719bb46f7941
7440 3 15713 5926b6090f6f84320ce5bcad8ac4869cd2dd1db94859a597c3a11fe0a6f9dae5
7441 5 16188 3f981b86331596cb0c7b077f831c7c1b9df8fedcb6e2b82756bfc43be02f598f
7442 2 16241 254dedbee2b791e3857893551f54a8c0301a6ae9573db397a6b203252e8cac17
7443 8 16719 31e0d38c9ed2197601a6db050a133867af3434e0281b0d5e72f0c5140486bce3
7444 5 17198 43aa97afb9b250ee7585aa625da4f1610519d3b5dd4010dc59780e0cdd56f57e
7445 2 17295 7747ee7e50c3a0e6b800c635e90050bd253f4082871665473376edb102b04102
7446 4 17649 7507e593a436effa66915e5f2aca9b5c628a5dc11ede47a92017f10548a6f3e7
7447 4 18128 3e12eaada184e3a69140d84523e43649ced9677f40aa6e0f5797170101f00368
7448 2 18877 f517fc59a37610b1d0e0adeff4e129348a30f8fb0bb39f0292b0fa1035e884b0
7449 2 18804 69300808282e66f2a4b4ba5fb31c297d47d5e73774e99726331a26c0a58da74f
7450 3 18762 cf7a546f6805b484612125c02828f9ba06538910ea7277f7210a81b2c5340f69
7451 2 19714 0183ef253c14d80c552e3871c634d4ec236ea31bb76e7076ecefbe2fa58138f5
7452 2 19726 f4ea8a5f78106ab7ee45ef00d2cac92c104004d9fb90de058be79332c2df798f
7453 7 19706 a07842ca312aeda0736617ab03181170119c8758754494a16dc3de73c694f88e
7454 2 23356 efc94a0225eb609e6583cc4992bbb62cf6714a22f65ce280e1bac4c3c3de4b17
7455 2 23793 16704fbb29aa66a0a19542884cf6acf14e7316631a31d62fa00c3dca3bfeaad3
7456 2 23792 0bd47d6b37b16e4f875ab5a32f346aac073fa62f2badbb55af9f2eb38e21a236
7457 2 23792 1b7b6d01a63f577834ee75c11a9e43debe3c47ca649f9d3389a9ed8e7f1a7056
7458 2 23793 b536dc2ce9ccf533ec53cb07f71e2f207acaee2e0ebf23b34ab19d0e36ee2e21
7459 2 23353 67b16d62b6fbf5a0a4239c377d6e1556e18a0a923fcbd9475c26318d465eb748
7460 3 22888 4eb13447e8567a4328bd42ab900caf5fb3c5a0cc2798e95e45a801653989b674
7461 4 23841 07d1097001af6e91b353d88c88955a2e7d5215666de7a69e68578ef6baa6522a
7462 3 23853 2f508d0000e59eeb37776185c204730cde002479a8f0f50aebf4b92d661018ae
7463 4 23841 9a954968ae6aa2f1673153ef08eb75dfcc974c73532deb53a281119ad97b6542
7464 7 23824 a8dbfbf9ee4f8a1ba347a37c25a0cc1ebde33c0b0c2ffa7e1aa980fee04c3ae8
7465 7 24774 ed9ff91a13ce9d74dee80de4151cc63fc776f0c9df6e7ae802f012be68a6c059
7466 6 24821 6846f0fb15edf6a84131d1d791a378d896ae5683e1516a27f3ab0df88a8d58d5
7467 3 25243 de638c4a804faff5b9056565757a7b245ec94afd2d2ab649201ca2adbe87b4b0
7468 3 28619 f9ddb8a4d3204c885db2d9c36b29ddf8fe7ce821224c51d3f585c4679c150483
7469 3 29170 fde2d63e67bbb351d559b7d90e2e1c3dfe1d259ba171f332492e2473ac24c20a
7470 3 29894 71ff2127c498ababbcb582676b0efda6fbc426f4b60bc6e416743b0d5ea99241
7471 2 29944 fbb76edd55fea21652a5300e4b2cf7acfbe8dd7949360706f212c7b438c01eaf
7472 2 30270 985f60a14c78c63e00399c9f93e4ea5d707c5c18ad4b33dd764490c3e2e5d177
7473 2 30269 401c0372262ec3593bbf0f1ada209775b26b6f8fdf34db78e08ac7e2f07469e6
7474 2 30194 9dfe5fc9a7968c2a24541cba92313ade71d7541696d724480c9973c145567039
7475 2 30194 650bc6b626e80ea0d30397c75c254faf19ae7cef5ff250c667f5d2417f09e11c
7476 2 30194 9f7e0e19147415c2a8de35b6a39ac7d2b2f80d3b6ae949d1972d62a53777d429
7477 2 30194 6f7549b9092939ba252b6cff5e0942ed5e46ecc09dda325af340de8a39ba60f9
7478 2 30195 3c9dc20a17a1de1c695969aa31d03ddd69d7cbf093bf95162ee54ef08628d5c1
7479 2 30444 3178264953a49e538e9e4d8dfb60e03b112648bfd0f42372540c858a88d4d2ec
7480 2 30442 238e8b678e360c80a46dd6403bf99b5de8b9897babbaaa9d9c968159ca715538
7481 4 29086 c78d5f1e237ac7766c4cc4dafa0374ddbb3e71b987e229c3ba4c82f1ab0826f8
7482 3 29135 aedc8cb0ad61d00fcf659ebe4de8764dff5b66afcd70995d9618fa1725ca0324
7483 2 29184 5c3f6107f4adccc05952a93b45f35fdce9135ff12a33f7d182f5e4609ccd9bbb
7484 4 30063 25914ec398717a10389265f89c02f95b9bdb91400a4d1988ea9fae52fe8e2ec6
7485 2 31534 3695960a5e2b0d6d8268d6ceca60d4d0b81f0598fc7acad77936f23c31dfb0e3
7486 6 30864 1dc4d02128a378b1ed7a33030e8e014b9937c7facd605f3e4d971f821e917e7d
7487 4 31805 efeafc6ef2f9f7f2d4cd4c334c66746ddf9ce3d94fddb8c91427a6fcff6f8aef
7488 3 31852 07598374c6cace041993242a649cb9f70caef9bde19541fd321ea476070887d1
7489 2 31901 711744d2318625e4ec51198ca1e5a989040ad9c740406763c3194bf72927dac0
7490 2 35998 b9ccb93c418966ab2df4f2dc7f00b6fa7ed6095aa8b1240fec386fa01d1a173a
7491 2 35924 72efcb3bf5d85a01fb0f9f2ad5b58d11c1db6bacb1f8f7b4ae405aac0fc0c93b
7492 2 35849 9e98cb34e4d389eb8df91fa96153aaa2136211ff4551205740e5ae68d0a6db78
7493 2 35848 9343c7048baf9be6fc1804ca310f4ef5f124cce04a3d5da63a09beffc68848ef
7494 2 35848 1b36c8189eceb4d8ee7d40ec43e6fc1c2587b7b7cee0d077b5df7d237bd733f8
7495 2 35773 f8660fbad63d252685e56ecd5c5f0e1d7e0263dc63fac5bdb2ae422df89c1d35
7496 2 35773 0b323caf847957766ea925f1f37b5606272c80edd1a77f290e09da778eb86bba
7497 2 35700 9df90089d6549d27c5606509ecd03ff0fad1e4adc2cc8fafdc51bfaebe29f56c
7498 4 35750 758dd4bbf1a2563f00779d9b85b74ae470bafffb52f78e65c4e94a92b0063270
7499 7 36703 7f83eb407a0466ef2e33dab3ad6d99859073aa372fbc194bc835659055d14804
7500 12 37182 1f7eeb2f675a723ea77a7379e70bc75dcaf9a1506d88d47c58c2279cd51c3359
7501 3 2502 4962d68dfc53f7a742059d67fb60aec7d962fbd435bc40a5ea3ca0adf201e97b
7502 6 3451 3b6cde3792c885fc5b078333bcf7320a6c081213404b62696537eb87179d5434
7503 2 4606 e8eae5cea0b64f534762f18b0450006b2cba1cd57753b4da40eefa4797206329
7504 3 4642 b24052538810a24fdc68c91689831ed91902000c9613ff9f2b57b8996e52c1ec
7505 5 5594 d33264d279a6f312ad08d0ab0bb4b16f4b30417e91864812aa31d4718ac42c8d
7506 7 7590 f3add9ccebf3db05c2c5d3525a765f959a720944b11e17832235eee3cae38321
7507 4 8069 7e07442676234fbd0c2cbc2dd124440ed532a44de311345066ac818825f0ecd2
7508 2 8531 7ee8e5ab15052c9ae547ae2d4dd5b7ced5f0eb362377e74f859375de5e4d5d07
7509 5 9484 d2ccea8f75f09025b80c5ea4d191f16912ee8c4041b650d248cb66591d521d17
7510 2 11667 1a664a02c9f8757e74496e240d1dab5991e59972d32aa152e2a19e96f85a58f1
7511 7 11795 4b6efa984188726a8b77dbd84c6a7341dd137855b0c5c7d13e547c159f6cb92a
7512 10 12748 35f017ea1f9dd871b0bbd04d236859dccc0b223fa9b80898d052457d303c0084
7513 5 13227 d3d104c5851a66e59defa6c453e07aad1d02b4aa3eca2f7324f78a9008de537e
7514 6 13689 cf090457752ee5a7720ace44aabb79cccb08f620c69d5ec89faaf395a580a238
7515 5 13232 98fa7b3f162e264a8c0294ea59a4c379cbd4487b1fc6ce6bb994f17eb67c0586
7516 2 13348 8419ef7c937191abc5013619055a2758a37ecd24fcf0f4d9da53f04addb02c7f
7517 5 13665 d3761e531e9177cf27db4f2516c8616ab21a717fb127dec828712e335fb8e663
7518 2 13879 f6f037c61d274d438fd396537dab045353328c084b3350cbb75315fe2ccf20a1
7519 3 13677 86c945698bb8181a600172f8434d7b5ffc7f81c0876bbdaced8356c147d0dcb0
7520 5 13665 c84130146fcd70ebba3514cb1f2d3e47de219fa0cc416bf5ed9383d8c85e4afb
7521 8 15662 2bf8ca5a1f77f37401f0dcd53b882b1e2bbd0ebfd0c77a93e1b08c6df84fc489
7522 4 16604 6dc4d27e3598208b1c2f025cc94acaa470b07a781479b8386d5e147719c37203
7523 3 16651 55a471c4c80eccdc84f61f85a0799545a97d6b85d712e4f22840c17b4fea19eb
7524 3 17161 778dfbd65b27196893e43d7d584d57e365b7e932f5f17db45590b7c9cb543fec
7525 2 16924 ccf96bdc0dfcb66537a68361a16ecfb0726f5de354e7e2d003f1c0a6b000d33e
7526 2 16851 27d9df1de60020135838ef6d3fc949f9f991248133f09e22963598017d14e48b
7527 2 17319 a77a990663ce843d2fa7bbffd467765fa27ee547f05dd38c50c13587f0f9419a
7528 2 17319 9e203211eb49fa01323ea2ac2308b8307a3f0c7da57f2ae40a6e3897dda4dc8d
7529 5 16719 f062ef5e114af41a8b6bf60a734a69212f7a717159fb01803bc6d02d0bdd5f57
7530 4 16766 30fdd466e10855a7809659ab0df38a3db9701124977eac7aac238dfdeabea846
7531 5 17411 12aca2ca7768731bbbe04215fc881e9544e2447ffbde739867b2a0597ad2ebaf
7532 2 16753 4fb16805cc35e6cc1d93f871e0d26daea99035621d5ba81e6a27e36785739cfe
7533 4 17706 3ec5572f661fa6a37bf8502ea2813ae343d81efec01c96801d81b8c52d5d810a
7534 4 18284 446753637dc841b13fde42bc49a32f5eb541fb60001f953e4d7c6eb2ca47869b
7535 7 17649 8911228bf7aa977e22c1d4bfe760e48b817abada83c567fb147e507ce60c14c6
7536 6 17696 97b23fe7aaf6f78ecf7cb7d168fb1387c9f5ff449808f3997a6e48a7fadb548d
7537 2 17908 1d8d671f2dfac985db7b5a3aa873175e8369edb0d349ac756a80ce49015a99d1
7538 3 17709 34940ae456f258122051957769329aff03c8b6b66ece483febf8bd94adb79359
7539 2 17746 21f053e8f59adf3c1a1e5158220826ae5d46e61588700661cc9e1633100c0b26
7540 6 17721 2326944bf8da395428a280982d942e2fa2ff720dc515239c8afb50eacbcbe76d
7541 3 17733 e1ba7ee9895756bb3a3d2b989fe1dcc8d81402a6005fd7f6664361d0241afa0e
7542 4 17770 a1a86399e67736c837a706b25ef49c4f9307559d18cab374449b65d9ff78da93
7543 3 18715 51626acd001a1471b48eb1f09ceb5700be579001314395403a68675d3e1fd3bf
7544 4 19293 fe872066930bb5e866e322d649d8c5d3d4bb3bb65c2c7eb4d45d2e5f468f519f
7545 3 19720 e0065aed48d8febdd438fcb5cea5e8bda70b70bdaa43c74ed3c69364482c2fe3
7546 2 20673 9a438bbe5edafe3984aa33de002db184f362bac07a16f321e856dccdb83b62a8
7547 8 20812 7b89b14bb6518c6c47ad4f2f01de61f13fb5d5e1eb6fed41abee0ce58a9122f0
7548 3 22071 3b71617bfbbb5faf0c2db338b5ac23f5e52ca86dee29d3f8f9855d46cc3bb2aa
7549 3 22554 3d459e228f3d350d3f15edb8d016f07b7d8053d54dbe1bf543c57afd45962b6f
7550 2 23877 305cb8768cec8d10b47362d4b3d0a62a08d0a4e7ac2609ca2de592a1465acce3
7551 2 24090 754a1ae437a7e8e05a9ad10385883ed9d1e3851e91213729efb9153ffc5adc46
7552 2 23878 36ae53a11820e37ffbec5cc21e14a1d1a1f11da3d1c360213dde5d4b1c4d8d06
7553 3 24831 414ee67cf714b27c1d9482308594d153c10f19b2655376584f9208e91d4e98f9
7554 2 24878 445d739817994b15bc4b8947022b2694ee1550c1593653c26a965e10d3a3e6ca
7555 7 24833 df54fb793223347dfa6ad9930eb619317cd297db67232cb9a0d2e183fff7b017
7556 6 24883 915bb9b551ce3f3d9886fed6820229e686eb546c2d6d91e7f9a556478fe54da0
7557 3 24896 29c71a2f8aff27ed53f0b949b9bf502d339628f5c4b5f0bc8a545a701d492cee
7558 3 24933 a25872627765bc3103cb9165ee0d4637607f376414eb196e44f919d6149bbf4d
7559 2 24982 af1f8cdf57f2a7ee929e5ffafa671825ac2048e29291374841da0973ad492ed4
7560 3 25935 4ff3322ed6a5bd1625d71f19bf1b2b25a7859488ffe0572e4a0b631647c65876
7561 2 26680 927577a7d272b98e014e86e2569d1826cc9243a8f44a8755d6dfd3b8ef26af3e
7562 2 28282 239f9a54151e4b791f8d0171aef7f16ba2edfd35fc76b7d9333ee1cbb9c930de
7563 8 27876 2a16b4bf12e9e55be55b0a26e13e47335aa1e073ef9df01db449d9a28c36279c
7564 7 27925 9bbed9e661ac41e776e3799332ed12123e69f6f081919f4b9375f11e4a69e654
7565 2 28137 aa79b0d4eb959568caba1f45428f534fc24a9a0e282a9199a0481e5c6421c4b2
7566 3 27937 62acbf1a6519ea2d0a2a32eb4a65a4bad978f4cab79af44fcaf1ee06b7d7dc15
7567 6 27925 a57513ac24619eb5fec4c1f457e26902aa56186276d019acb6ae2636ea7895f1
7568 9 27938 d5fbc99ea7c179bd1d255786ab618b14f92a1da1ca18bdcdcc574c6a8db4e04b
7569 3 28192 f734fa28d6f1083ab7415c66647c87879d5d7ca60b03c71698ecb6010814e2e7
7570 8 28883 c9529627ef357013dd9dd08f1f4232a93658280cea14d759cbea0e896467a9f1
7571 7 28930 4a2ec2b2c1c44efcd581fc9f4abe00ca4fa20edc6efcdcde942bf950406147fc
7572 6 28979 80481674a41c2a674eb90a987f8bf96c37d5364f2bcf2a40b6a46e74817362b6
7573 6 29932 ec8405b076539ac41eef58017f7bfe976f020468874e26b033f7725c55a246d8
7574 3 30362 a80cf02caf7785e80d49ffff7dc4a08ce53856cd2f1f5d9110b1c33397c52add
7575 2 30407 963902910e1484aad360494c5dd45984317d81b694eca524bd87131b6ec22a33
7576 4 30198 a29b61d119b3b46cdefb3b24d313228840792c297b6779651a6268dff950a484
7577 4 30924 3a4411ff669d67045ecead9b6891af3aaefe1e864a4cd060fb049e1b960ba1b8
7578 7 31400 9fc3d733e9669ef11b0d82d7861d70c15d75e379ab4144980c73ff5531e76482
7579 5 31453 e27dd791bb4eb93a8f2184b9ff054462f4438ca8d90e39b7451ea8cdd67cdfa9
7580 4 31526 6d1b1b84f1f04310dce6ef2dcf759cc497ca862d6351ffbc4fec0e17a49a4359
7581 2 31892 feeccf9ca186bfb1f251196e52455868858126745fb332b68d2db71455b88b08
7582 2 31624 f68984bb0757ee500500c6d455b4ddbebc021ef26bb52763c56db97f591f1ab2
7583 2 31311 0447cf73f9ad7a7b22642f0320d403b98eda4e1eb7e454831c2b92db811dae9f
7584 2 32255 6f47154a1af9417b3f7ebd5a69b7db82c5823d90ee73c532b7ef6a1ba345e5c2
7585 2 32254 020413d007f628996ba66f19c04f98e03474033caf043bc4335ba0d05eae2906
7586 2 32255 18704ab1f1ec48618bad00d0a92badc91832f10b641afa7f3ca2e9ad9c4e4e75
7587 2 32874 bd01ac25fa8ec41e62b97d2a5f3fd86861a9e497dca5a3b2734c840c5f361793
7588 9 32071 a32a070efa9c20f1bbfe790e3ccd94d33f72484854dbe3f683b27c1be96f9a7f
7589 8 32118 c69cbdbf03404809963d56425639563c0445be03847ca572c9463e89a2781bde
7590 8 33071 8cc40feef3215888baf4659797c292414a82f4d2e34e1bd8e2fe94bfc7fa0b78
7591 6 36430 3db54eb7f20d230cd11dbd40e5afca6b43fdeb5d1d60cc51a2790f843168bed6
7592 5 36479 578ea4a787693334b3243eca9413f01e5bbd8032ad05c1af1262da7dfa1d23a2
7593 2 35830 8cb65cdd6532f54ceb58957d2d4c58c2eaec25fc77c40bacfc999d25b3de2ade
7594 3 36295 5517eafc577bc17d5a9f94c8cd4fa3a7cb6456dd5f2c413b1c0f0b5ca5d7b37e
7595 2 36344 0f5ea9c79d27ffa774944a6bbe946d6c561223df13e8a645d757858e5ae5df15
7596 2 36556 12355d4d573abefbd4649f6ad6507421fc15273bb8069b4b1e1cff10dcb89b93
7597 4 2501 82bc79518f15edff4c0dcece9965dd086a895692f6e632f30c2285ef53a3a949
7598 3 3453 ad9db9b92c6e04f4742248f38a97f5e85e46da185b8ac7dfdd5a0d0ed008d2c7
7599 2 3463 a36b2d79df43c776104df2db67c8f84583bcb057ba3f075ecb7e65a2922cdc4b
7600 4 3614 016221da960c35d86a8a6dd8362b60981ae76b76744f9b7be972519ca60e21ca
7601 4 3614 1f59fe01016047bc24bdc9ebf97db1b234e45e6679d4d67b5234ad341f046b2b
7602 3 4566 0e5f24973a8b0422ca26285a7bc7f6c62a69443ab1b9aced36d2042b0559c2af
7603 5 4573 4c8d0fd1084579044cc9d83a244f313784ca57452e5f2d5f0706032e3dc873e8
7604 2 4882 aee930df994e0c32af1de8cb04e37185e2a4d1901b151370314c873834697e27
7605 4 5518 c538baa25ac49f897be06dae979e8c94f6fc9390873a9ee0a16bc23a7fa4ca72
7606 3 6471 ad5719829d02c3b140ad2e14caa97098648ccbc682442bd15c202c16bdc8ff4d
7607 2 6518 6a3bf6efd8d0a963634eca771a466156ea4f43a0da14f1868411c83fa8a5adc4
7608 5 7161 ea3c7da553afd6178de0bbffd8d0bfb5e3def0c95ae4f709929e0bd0a79e1998
7609 2 8199 7153bf268d8d33c581fb424dd6cfb6ab5c7acd942c95cdcab5e7f797a8bec458
7610 2 7533 7bf2d32bb4fb106f9e15d642d867690004b0fe8918c2e1be78b0ed2610cf3417
7611 2 8022 4d47ca5519ea8cc5ccae4a14b30cc29ba791591c8f2025ebdfeb5b38e1dbc8e4
7612 6 9810 596e64f369d910ea8e91c16dd78298dc0e1687628aa8cd63e268724a13e1ff6f
7613 5 9857 bff21b848a21a8cc982db64e965d29867b557521a11d5a499db76ecb58c4be2d
7614 4 10802 52ae6d4f7a350200d43452bfb62a890489c58f56e9c148264614e86260084ed4
7615 5 11755 1549497af32a56c5ab0eb4b70effdab2d0538db15a5b24d81a4777e154e07a36
7616 6 12466 2fe27a5cb4fb7190ebe31b60100e84db578d47dbb29eda224ee2f15838ee711b
7617 4 12767 b5caf808c65b82672c516fee028ceaf3136b08f541f37372d2745ce2c3d67e09
7618 3 12309 4bd3c8e60ea43b718e8ef691f2b43db30aa2816b1cc990c403ad59c3d3ce24b3
7619 2 12425 cbdacfdcf436aa6c20d04e696de23726b7a08ca719c6ae3103bf1eefeedf8e22
7620 7 12613 30d9f5653ee55720923a103fd0a4faa21bfd21024850cb89a9b95e9e8c5f0763
7621 4 13491 d78bb529bd9809b5eb6ad72000f816d5654b383aedf058e1e2f166be5880602d
7622 2 14131 d76c7d9ca8d47f3cbafa5bd4f92068abaf4bfc0f6cc087e76aa17b3a433a57f1
7623 2 13441 87457a4b3df829f78c5a99b743f11c2956d42ba010619692f25f809e0c3ee8ca
7624 4 14843 aba731aebe263c61d2ae80ceb335b0426a5571272af503925a79931bf3e055b1
7625 3 14890 e1331c18a7e2c1b840f2f39262eee99d0b42162fbd1c86572c682a7373e1fdb8
7626 3 14891 088b6ffe5b7972cdd27f51f8777e2a0e2a302ae8280e3c5fcd25928afedeea1e
7627 4 15844 a9ba5faf3c7f83eaf7f5ad06ef4d02d269f629a0ae5989ce5898ee26b515223b
7628 9 15775 5223f4c36cbcb7b22edfcbf7df2c4bfa79ab38c6af23be89938bdbb5b45f99e3
7629 8 15823 4701a3d3416b909e0d8da54480d3e69d8afea140180a137a3addfe60584781ef
7630 6 16535 97c792f61188670537eb59520b25ea64af56982b1ac67931705ea3284358eb5f
7631 4 16315 d2650f5371762488857f88fcd1f87c892e8045c2c6ba65b0dacd9791636f250b
7632 2 16795 6689c0fb1e8b4e3ea8fd92681ee56faffd6e5669689ededf4bfdf18f9222f8c2
7633 2 16844 b947dfa34a32a1b209207731674fadb9f40f97441a88f4fce860b363cbad1c48
7634 3 16674 d1b9b0db22fa21adc73913dd3b5e2499fc5c52646de44418240be32f3cc063a4
7635 2 17158 949bd08a4d19f3ecf17e3bae9ba7ffe2404b381a60023958a9536ad59e40e405
7636 3 17807 4d4c16e04f2cd00cfabc242ad6eaeb5618048a96a48f9a7f170c27cdf16c65b7
7637 2 18759 c5786dc80922df45ff19f3292fa4b58ed41cb28c934181bb082dc354485df4e7
7638 2 18771 290fb6cce796de3482acb72ff2b17da3ba3f2e8f4f00d1670494a0f4114cbac4
7639 2 18759 df8191401d9a5561e06b3cc13e31a89310c0fa0873755fe25f9d12d8fc4afa58
7640 8 18827 e104e60be2e140fac3491ea8e1ff7ef6e28b40ed291ec0eeb75e094680c642f7
7641 2 19070 9c06045b9793abafb60fad17f8cb881302dea78cd472032c9158c7bb65d30d1e
7642 2 19090 cc3a290554e8123532fc425c13665a7c57c7d4ea393a94595d4aeb1792c26d45
7643 2 19570 cdf897f4335e0ac27048c3bb504f0969fe19422cb95481afcc9b854a75d6bc98
7644 2 19619 916a10c115ed906cf794cc612cf4b04ef5100e9bfcc8975ebcdb41f1f5a784e8
7645 2 20406 4adf58cae075ad4858e3af36dd930bdc3e2b6370f11ef42305e9e108ee43b499
7646 4 20878 8d5e1c1475418797ec1f10c1d38c44df638286fe373e86e76372927ae285be8b
7647 2 20890 62ae6bdc89f6db4ea2559acc05ba7941da8d31c504bdee3dc2d54a8db32b8752
7648 2 20926 8b634c99597f8195cdd51f017c9cb394bd41de5504ece2c4beb3c76258ee3a4f
7649 5 20955 df8af272ae68375d0d368cce678976bd33ec82f3fe869ee64de8cf3490a2ebfa
7650 2 20967 ed2b94a1abd6e8c90e232af211403f50662cc9f4c40e0ae116c7b5a8f1d7b921
7651 2 21004 311a240be0247c6c56ed76b989fcb0cae0c994a99e0a26276a818af4372b2931
7652 2 20845 37d085214619c3ec7b91714c2accea8a0e03cb82849fce004fd12b7da801739d
7653 2 20845 33a81120067974c5e23622286925c1e2a389a20091d65f0018cbd4a13a30900c
7654 4 21797 83e661f5e6abdb183aa547f7bd0544976368a976279d6483130fd5b0367d4fda
7655 3 21845 bf0420fdb361d4f57d67da7b21c49621d9a814b50e7602cbe19842d5a6c03b5e
7656 6 24136 1cf2918943c9ed676347d535227ee73574299a3a35bcfcc992dbe02481b626b5
7657 2 26106 0b1392d967c8bc52208260876e9fc337a3dec4f62bba298bc8aa2baabf486c3a
7658 2 26108 998dc07641a34ca335ad1a88b472cca8133b5cf969b848b256d9310055ad8177
7659 4 25931 f4c5660e03199681b5c628395090d58ffa593f0b8bbc59cacaf02546379d6c47
7660 3 25978 c32fec2fecc2f32574333771867f434e272b94668941f90b7881be723a0ce236
7661 2 26191 34d21fa14e9ab8f90dd71fb7c73f9b83a193a11be17d447ff2eff8ce65228631
7662 7 26206 9bea3475fb4deecbf08c92ab402653e57ece43c929b6fc72dcc0d6094f2e28f3
7663 8 27052 b9247ae38745b034cac3ac70150acca9612a3dc77c7e3cda6e9ec6a0a511b401
7664 3 26195 d066459f67b843acd5ce6a02a0e89b0d6a4aa0358605c661906fc9f0a4aa4434
7665 5 27148 4157b95258971e7dfd5650f5f0d62f571fa80f087d8ef8134abc95c3628a4876
7666 4 27195 7b414b01c55f6b7019c94f907bf57182dc906e04402201deadefc8fe438243bb
7667 3 28140 099cdd3bad37c3ddec22fcf4d312ee4823079014884799b8c34dc96d2771cb32
7668 2 28427 bf5265b99322c2af008c37be9430b2dc4656269489a0ad0b4f4acbfd826e24c8
7669 2 28427 02737a04582fd4e3ccea660921a0fc7aea5332ada0d126026549dff2c7dddc6b
7670 3 28227 b08bb2912d99d59eb0b050d26a132a7e1a6d707b33f7aae96364563f3f80288b
7671 6 28938 e4c96f05d905ca25b871e41e558c0834423f3ea5ce000459b904f1441da883d7
7672 2 29242 dab005690388df963d29f16a1716c87443c7d1d116396f75c669fe6399583dbe
7673 4 29717 3c70913f18d45bd1da3c89847e3c80582daf4a56005891b8c9fa9b537fd326b1
7674 2 29834 ed8a028a391a7eedbf365e1f21f15b8588041a7c0c9fdca3370dbdb811dbf092
7675 5 30092 6a06dce65b240099e237fec525895004e2362087f9910b9602fdb07d1c592c2a
7676 2 30306 9854631efa49c29c0d24944a94ba202fd9c65e181bfd80075694410e8dfa6649
7677 3 30177 b5c3fcdc2725a10fdc0d33295591585afe649b0ce9dca82ca22270301b8c7099
7678 6 30889 c5fc49531a21d0f309e48dc3d6d6d7deb595b8b5580f82bdda40a99f6c28008f
7679 2 30069 858c644d12ce1fcb8aaa588c09d910f298e9e7cc66445859e5d04d8d33579d06
7680 2 30078 6f82cac4379e1fc151d92ec223adc46076f3218e77166274ff0b1e8cf1315d4c
7681 2 30078 6baaff23451978bfeb693e91a7d3e2374c89f4244414fe5dd85dfe3b7c24fe31
7682 4 31030 4c37011f65d8a9ce81e0fd054863226dc00fb1db8b077ae7b2d38a1b4dcf0958
7683 5 31190 cde3f970d729f01490b2187a9c83c4f7efd126dd9cdb49020f0d193de13e8974
7684 3 31669 f11232f10dc3c92527129f01befcf5feee374ac28a81f38510cec974f83269fe
7685 2 31458 697c7ffe3c9c45600ca79ed66bed26c618c679bb725bec5ff1f3bfb5708883aa
7686 3 32167 31e90980d615f590d4963a46eb890caf5c9c0bc82322a4adb18dcd3fde667b0d
7687 2 32181 c96223580173e315d81c14b654b4c117749211703a2c89ee03b359646ffd4c45
7688 2 31723 a11da06c2e0d3f0b3c829a64cc707949bb7f00566570f3ce6f060449b31b1fa4
7689 2 32155 1b4c867cde0cccb8ce36f59c561f3ab1a5e4d15d7b7ec939cca80ea83a54a85b
7690 5 32117 903cf69691b8be3b3d4dd1b5c7969e18723fcb3e5db7855db26eed06c3aa59b9
7691 2 33061 d7bf31fef71cfa590c4de8b46397d378031c777756623d31e77c38bf2eb52fae
7692 5 33706 24714ab1e07a3f55bc04f320b3163e0d1fedebc20f03fbde30279d54b0e705c6
7693 4 2502 2be7fb33c1e4c3c79980bfdfaff976223a2b7bc7d2948c3051f8975f6fe5f314
7694 6 3454 c7fd9e288fddebc433e13dd6fcca390d3416203d44e514410d62757dbc06c379
7695 3 3464 373d088f6421b1864c8dcfae5b2ae65e2aaa94879bb609edf3cf0ed7359ba2e5
7696 2 3943 d24cc5504a46021c5b2149dcea351adcc3b93b836ea32b14e879ab2eaa7142b7
7697 3 4644 79638b856865832d14a69143ca6023507463b893eace3b7cd01a2fe50f6a3408
7698 3 4644 f284ed21d692491b2c3bd602234571fddebca11f65636204d2d818d6d261badc
7699 8 5313 a792388b8a1dbd26f465c32534c96e8505052d4282ef280f9dacf901f19621d1
7700 8 5495 b6a897a1450b8df89b6bd58a96c32cbc3ae78f54f1f6ffeeeed69fcf0146c1ae
7701 2 5507 e06d0829c15118ccd68299f971d6f19998c92423cc420250307d457fdb648a05
7702 4 5543 f4075fdc43d43a09ad6bb1bc960fce3f22cf60450132e5b98ae7efcb09ec325a
7703 5 6496 1b86ed6de42e095fd4f2de1ad5eb29bf0231fc89593ee3a80d2c8f1efde4dc98
7704 3 8762 d7454faf5f58f175c998e2f56e28e24fe9b46da5d4b9fdf7dd56b12f943ebcd5
7705 8 9714 90444fd210f59399d9623578ed2193a221d1107a4490ad5c659ec1427fd16093
7706 9 10582 15df830cb2637b43192feeabaa34de8003095ec4803a529101f598504817828e
7707 8 11535 83a8d23f4283da742dcdff2637aceb046cf6c349fdfe84b98d7bea98ed10a807
7708 4 12014 e411fc20f66c886c58cb465b72c0a466ee17086b6afcb4c708100baed152d861
7709 6 12466 34b7b8f8db5f6fa77906ce42ceb7d6958e2c8d47a12a942cd17f9f89f43c4994
7710 3 12976 c83992718baff89f0e076dd72fca4fcedb57a0489d4f432b082a5c89b80603de
7711 4 12451 c1b2fa7264d424b545c03356276f5d7db484a2e41b8e136afa5bce1e974bf7f1
7712 2 12665 eb9af3b6c745960a020d5806df735b401602f56353793d9bc048e52e4287754a
7713 2 12463 1e944c2cfa125a62b337a8e064d9f8e9198357d7ad34a47d639314ce44daac70
7714 4 12451 ba72d0a34be68482fce9481065f7d5ba4fcc22cc09cdfe3549f2c24c0541dab7
7715 9 14850 dca2e2a97b3fd0c1fef21e70e9a1227850d6415d5618f5f3987435de7ca61016
7716 3 15329 2b8d159c1ade895379bc08b48d404aff7ef8e2ce34be51dcc108bf3edea0e006
7717 3 15780 733dd71053f3431891ef155a67e0997b8f567f381fec3f2e4e959e21261d64cd
7718 6 16729 7184953213fcb9e6a5d4f0a19e5c7a97aae83a0f9d2fdc0f1365c90a8141579c
7719 8 18625 176cb02b5f06d0de36f752c0b8dc85ea2cba7e44a4255f8f98dea5046fdf9c9a
7720 3 19104 91405cf83b222abb2e9ebe69b55a6878f4ab2273189c65c0dc379f8f9011d8bc
7721 5 19567 ddd0e6ae527b2e1693ea4d9188fee296e2957058e9923b573a4c6db66f21c65d
7722 4 19614 63383894649911ec03de3b682fe1f462334e41eebf4910a3662c13f3775859c0
7723 3 20093 bc5fd0f331e5dda598790187c4f53a0999b86e29869bda365e61e8bbcb1a3209
7724 2 20058 c0d12c39eaf19db04e9528865935799faa8fb81d84288b96c3f68cf34e148992
7725 3 20557 10a31e0793c121ccb8d37640e714d1db731f169f5b1e4fea1695d744597be577
7726 2 20571 6e628a0e784090ca6c1d2923c175650c159ad1de2882e366ec1b183b01d0d124
7727 3 20559 cfc63be156bd091b9480da191363108361f8b8d8e4a9736de8714b17ed4930b7
7728 2 20606 7626f4db0640c1346d6ff973fc96a13f6e62db3600bc90664cadcad7b8095153
7729 2 21560 a1b9bfbe93f610aafb6fc18c1d7a4caa396a5878c051a4dd87bf7b3f951fe213
7730 9 21893 a2648959d8c048543a61d74323362451d9a7a33ad71d66b54524f61fb54d2a83
7731 8 22846 e850b553bda05cb9f34f8edb54380e905609f8ad20a6697a0a684d2d5a0202e1
7732 7 22896 c209925fb846bb9f03405b254e6495e676e8136803a852eeb92dd279149441ba
7733 2 22560 c3c48a5d61fad23e090fc38003ed5425c2276ab1a200b7303aacf49f0cda5ae9
7734 2 23109 f434065094078778133cb490520a9b0de70cde99f65845195b4448c8a673a231
7735 5 22982 d09f0f3106590344e460dd4aed1d7d77789775ee6d00b768c3f95eb25a7639dd
7736 2 22649 9fa3085a7c23d069812ee43ee87a6a12afea66aeafc97c0e30a417452386e396
7737 5 22980 49fc4a43c1ba96d31d8f633d3e65272cd3b6cb5da1234ea49e01628dd9d9d155
7738 3 23459 7081839e01c8b2a248d0d527ff8c72182e6c2c1a7e02b14f7c138b95da9a3b12
7739 2 22994 41aded91ab684701d828d07bb09deead1742cd7bc79753cae134293402ce12a8
7740 3 23922 70d61c3525c4561c919df2621e32ba217995b95b84489dd53f8291f6e3e45319
7741 3 24432 39e0e7eb8361d0cf930b86bfbe47ed53994e0aa76ede01322532f392e360f476
7742 2 24143 c0289901a498a41ce50d995c685edf0ff50543358bb12f36427aa49665a8282d
7743 7 23604 1380e9db801b44bec8313c250c620507b3a900b73cc5f4198f2d0ad807c8255a
7744 6 23651 0b37da4eb8b483d664618fea5c09cd8def0e28e745a09658cd02b2ef2870fd74
7745 5 23700 44f060ebd7dcf8c19238fa32190bcfda1822531167f4be191244379f8dcf7aa7
7746 3 27352 ac07062afb6a5e2e2af48dda220f5bb7c35cd2918af508489f6527a892204b6e
7747 2 27640 44395795005277482132bfbecd49ef0f69b73a6a76608e3c779e67e8a14e9304
7748 2 27566 f6a3a1d360a1d4fcadff3c5467053f4da45e35cdb5c39d69fdeb6d9017d13ac1
7749 3 27366 e146878bc0cba1a43b95ca95572bdc175ac55cbb393827f8c4b292050fe2aed5
7750 2 27402 5ab30aacbd00b6cc6aba5130dd5cdf4bd265a8b0f470ca7ed5adfb12b6ade098
7751 8 26953 4099d5b6166c5195cc6ad64cb95cba918cd18419bc2197749320d73204cdb894
7752 5 27432 d5de37013d648a28a363ce534ec67c0e0e4354e9c465e2ce5b76d0bd18cc2c2a
7753 2 27009 6b21acb19ae9998f88a6c55df114287d8fc6a5d7b59df541f74bdfbc43b77fac
7754 3 27335 15e863f9a675e9004efbddb91df6b654b71cb03209aee72ef0b3f79495ba9d1f
7755 2 27381 758c1343d06e57476999ff97780694026986d450cea4cfffa2155730fe988887
7756 4 27012 baff93c060885bfb66aa171fe1c046d17e3fa140de620d3046e8081df5cb8973
7757 2 27226 5aebc97a91a1dac6bb4cc8a3b278435dc95be59c610563be8c3c1f906b46d189
7758 2 27013 0a71ed5eefe08290f9ebefccdb33e53667c5f98a8a7bbf2736f41763fd759f5d
7759 7 26682 1b30a7bb2a1467fe8cc1295fb0c62740852b85bb28603fc06fcd9f9448a6df3c
7760 6 26729 210ddeea8afaf35ad7806d48101a93ba088cc6845a5cabae381c3859be97727f
7761 5 26778 a9fff8bd89102e667ef06072a976e1ae108503970e20f45e9a1ed951c525a5b0
7762 4 26827 5e0d4b63e39d9bca861d0116f0cab933b8dd05ad52f0d8fd0e2380401f8f358f
7763 3 26876 96f7b15cfb48ee8e003149da4dc4dfaa187376387889e83c15481fa01fe53fa4
7764 2 28410 79ca8429049591239aaa559371eb5934892a2b54c8371a3b944c3c2a4125a6ec
7765 3 29048 19509c32b1d798f5ec9cc0b794521e2a6f12773ca948f30b03d907c44d1cbb69
7766 2 29262 9cee6a9dd64e9f1ec636a13dfb107c06dbea9d710990d80a8fac72e6fb7b472b
7767 8 28981 5cb7025ec965338b2004d9525d9c256b8f2c6af3cde5c17fc37cb3cdf1680bff
7768 2 29195 2bac150660f8c11da4aa20213db8db631e771e39d8797f56a92b489b4c92333a
7769 4 28993 9bf53e4144171eb391e6a38cf74b247fad248eb7ed68ea8af3ceb40a3661508d
7770 7 29029 3fd9bc13c83faaec70f50e30e48012efd13f0aa04ea22ec4435c41a29ba48946
7771 2 32390 f3dc406ed56cd332f6d3cda02c31625be092ea5d009fd3bfe3631291f826526e
7772 7 32269 526b220e6dcc18125cb68f154e1ec08d588843ca3bfee810bbfbb3594bb9331c
7773 2 32557 cf2a9fd353e984ebf61d94d8038ec6f1e46de5bc091cd29f4631c4394ec40ba1
7774 2 32483 521156207058b1dcb493e8489417462da8fd4fbccb338ecce462aede76c78cc4
7775 7 32281 335c2a1744b72ced32763b2022dd06a9d74d9574e39c8feabda890a1eac703a7
7776 6 32317 ebcf6882d072b7481bfd07b70f58cffe6e58d2eba109647ac707d66a607483a6
7777 5 32796 605505676807d6c2e327cc2db49d5ffdfc6adf7f7bcad5503732ba23f830372b
7778 4 33260 6fd6673b7f185022bd08829370be58ce387b585fbc0ab158094300e454375882
7779 3 33308 3939a7466e3b71e9483b7a85d5331acdd2fed7526801b9c0d6872b54224eca0e
7780 10 33451 99304df0b6c21aec5b593b82b8900563f1ab7b6e11ee1c17282393cc5a5a24c1
7781 3 33517 0baaa857d70e60af48a2ab72c39078bc23e37aeed5c3e7dc548287b7dc9c1f55
7782 5 34002 85cf10ac9eee6c2c91f258247a27f812884a03c821f1c0e1f59ddc6cb933b8b5
7783 3 34018 45e53f8c8642cedd16eb5a2af7a08a37b8f07679f578ec6c491595838c0d016f
7784 2 34068 64b2b0011f5c63f9befa89d506e193bcb3f555de0fe58e0a8f91efb8898e067f
7785 7 36548 b97adadde5e493dbee196fadc88eceb850c91a6ed26937f293c08d19b329012e
7786 2 36762 3ddfa4d55b3ca47555e9c3fcc3da9108d2e2ca21920f5838ca6bc7a9852f8f4b
7787 2 36920 a08be5a76d6842b15736ae2e0281d6f4dc8e4a77a343798bf236447c9a5185ab
7788 2 36920 6720ba3cb3de010548de1902555df2805a2f46d76d69c2e0d240fa517832389f
7789 2 2502 9a64b9421c3c8d25d2e0dffa1fee3e28a82cd53e0c9bd28fc41068d1b931486d
7790 2 2500 41a98a009c3ca86bc01c8735c42d28b8410202e966141022c0162099ca5b3149
7791 3 3452 5002fdcb403262c5691c4e6daa143aab745d9415dfe5edd03fa30d08173a0208
7792 2 3499 ec415064ff162437f4c8e2619c0e69a28bac3c376423749a27674775cf1aa1ce
7793 2 4444 5fbb06ab416fa5e891b6f03ff069cb9b50eff392a3fec38ae8983173032dfbf4
7794 4 4644 668d489aecccafc81060a4a4db61dbb86ce8a798745b7b226e4e580cb985fa98
7795 4 5596 a0cfbecf9fe429954840ec54080cb21b3cc562c2e79d62efeb1fcbc015951c3e
7796 3 6075 e0ba0a251edb4f8c79cd56b83be9a8e0b91cc395985c3cb629d34f0969d4b88d
7797 2 5783 a554abb200bad1723c8aadcd72741988fe2433d6fc577e8935478a9020c5e2c3
7798 5 6427 8dea1dc9d8d9d5e40f7aa8899f02b6ea5a0e2867a315231f9a04daf5c5578a5e
7799 2 7467 ea2c963539bc25ef254a73c6c0a383a4a50cdb62c2e99bd4d3b38faf4cfdb1e6
7800 3 7559 3bc2671e4338db8eece53edf272ca359870a39b05872717e35a418c7e94599ea
7801 10 8512 87404f5b42bb307060718bda20ffa94d1b1ed124d8ba5971144a76267692c134
7802 6 9715 1961f7c20db700d3f0f196f4278b6161d81fa8072a06761b6d53df07d6134685
7803 7 10665 79d0a43303c7d4d9d3bfc2a45336d99449704caed7c323e53e99c52a8d780b74
7804 2 11914 514f16df178933f7d07b421898287af4c5cf95d6c700aa941c29ff62d8ab79f8
7805 3 12635 48362bf8a50f16ae58b1b6bd94d3c394e53771caaffc5285074faf238caf1800
7806 3 12647 2eb949bd9caa7c3c7662bfba3912c9a61115def13004de02a7471c6a9d6b1486
7807 3 12635 bf4bf18044ded3512bf7a71d45878d9285471686473f1e2ca8f542eb08512bc0
7808 2 12682 6eba25c930cb1f9d53cd1d8f3c1415c53867717bd8886e76cc9ce8514043da92
7809 5 13326 b9d4f85b7c80dbb0ee35ac651c04985fb083d299337fd1a3d6d247205cf62b2c
7810 10 12633 6923f9b25ddb2c404c84fd4d44512a6b0b866c45953b4419e77afddb0a781a01
7811 3 13577 f373f4a14ac08c84312dfe609f620e29e16b6d2c76fe913e03173e08b01906af
7812 3 14052 503e3ec47fb7305b3c1de28e5429e3250e0bdcd1c029683f19af9d41fb207ac6
7813 2 14101 eaef53bf243dd1fa815a7cf5d223013ce3f560c82c2a494b773c2a9fb4b0cac5
7814 2 14499 640f5a6a85aeb409ccc60042b5b1acefbd38cdd33be116d4056a2514e2a9311e
7815 2 14162 a8aba8dc596fb24f27708431541f7a7fd05d562d9ba26a005ea72353c9e53985
7816 3 14177 2875b392c57a00accb8a062dc6cc752cdb18d9e8f50c0503dc3e921d2de556e6
7817 9 15776 44b8e0a5e0394c84b7637f6df6d2b2d68848348746d3a7537aa527d7faf73f79
7818 8 15823 f5c9592faae3032c1bd883b50db6a3f8965dba35d07733e1989a4b628418dbf3
7819 7 15872 9f8010e047a47efa538a01fb319fc2c35119d4d59bf0a03235720f154bd7c6ff
7820 3 19523 d1473a22ee30f49c717d2b42c5e4b0829c1ded945113962184a005304f623688
7821 2 19886 fe0b05ad8e7ad64098a7c2a2066580562563f2053df53c9548f2efa6d76f8e66
7822 2 19811 553202d54a6df6b1c21dfe28bc2d5adaede3608695ca8f28c2acc465d37ce363
7823 2 19737 9f85b6e755534f81ca908fa211389ea6054ea4dcf020fb8d132effc3663d0173
7824 3 19525 6f601f716e9d79b1c612363dc0bc6562840466ec4a4ab8e6a7cb4d58afd60943
7825 3 20478 667401a7a19310ca9118f73a1b450a76f2879feba6a0a4e088dda656e3c25b07
7826 3 19817 0d7e3d85257e6926862ab6223b03cc4b06e30ac479d0decbad16bee8c2430700
7827 5 20770 5a4aed9daa778fc69b3b0c37f3ac0e76a62055b4051e81eb8a2deb851908e83c
7828 4 20817 709a0f6d0589d873fdfd885d038fdc7bba63ac6e0285ac2ccbf1fce199bc743a
7829 6 21296 a156dc9de017e8c95354e0b3cd3cbf97386a28523a9246a06d12916309445544
7830 3 21238 62c97f8eba12c03e66fe03f4d945b26d229682bde49b7b56ae3156ac5b6f8a7b
7831 2 21283 31ed241171905da43fba05aa48012979ab07047e94cffd323ee02311b8c35288
7832 2 21797 002c17c31aaac00b0b27d50130973df8950829bab1e72b2beabb4c8d9300ac16
7833 2 21886 22126bafad3cd882e0a36ce8ed00832bf416c06f628f59d2e3ed9208bfe267cd
7834 2 22011 60b78359301642084efd06f606abc12775266ff7ad891bc297522eef98c7c5d2
7835 2 21799 b31fe5d8436996ab8b0e9b2728acebad2624c6c81630df7558994d1caf3f2407
7836 2 21461 cdd32649d9e1da9c2a031eaf662d09ead9bf02167eabf82e390e251e7fb5cc38
7837 9 21864 d41d96c31441e7bb910ff6368e458a752e8d8fad5714af586ffc0067909184a1
7838 9 22817 0abd1c6092c401050d127898e374c9e79bf899601bfd8399aedf0ae5bab895fa
7839 8 26182 e18f060b64563312e5f1d4a17a864f7acda78e6cc8e57fdec62de2767589c369
7840 7 26229 c4c383ad744db42ce7e67be2311bfab5c8a8986f817e2d90eb0ee31cde8e14c7
7841 2 29330 106f96114b5e80be33f4b0549b16363d2c28c962a7e5d22e54ae5f74f63f4410
7842 2 29255 d98038835a2c335563565e3dc020e7337711145ed97371dccb1b40519b47154e
7843 2 29254 15a73fa27988aadf8aae2c18c016cc73ec057e2184f7fed69bf8eaeec1eb497f
7844 2 29255 6b38fa07b8e1fdfc53712627599d9eef8692039339ffe48b04c76843d7ebc028
7845 2 29995 13360b2d60af2f9b9e8c9f6cb41f9718568382af6ff2c12db2d67fd72885a012
7846 4 27129 dda2e72c7e84c9b273e17e852a8db04f7812262518744947c7965d0709618519
7847 10 29158 52965ea61ec7f83cbbdb54db25839dbf80a70d802ed3ef519d1eb846bf3439cb
7848 6 28506 511c100dda8f36807de968157d2aa5c185b0ea702723e13cb318b6649bbc7d3f
7849 2 28425 0fa91347ae9e343fe424ed22687fb7cdb9e30eb004a14dbf9b8b56d298ef49b9
7850 8 28968 272999579184ad9e3682da470939efed3a1cfea016b80ca9a7cefffb64201128
7851 7 29015 062f7eed391da8825a68974d3043dc0b4d8494d65e240d455956220176df2958
7852 2 29377 f36988c17ade8fc6ada85c347e7018a6526a7dd2fbbc4108c6269527b0512456
7853 2 29302 e2479583959a7b7984111d50c2c7a204ad8c2d3055c5d16da44de89de4ef5bf8
7854 2 29228 a99b80424d11647b680c88d6bfd75f7786d4fe12bf7329e7ad3261e8ee81a8ae
7855 4 29101 2d32986a58f27d4a62489fcc6d1c14cad4fb3780fb755352b00edca1b7f26ca1
7856 2 29532 052a75d0cbc6ce2ddb6cae5143c25a4f5a03feabe74352337cbfa167c2ab9832
7857 3 29148 3aded356f142b7a8cf0ab2f2026c930e998c0fc73226240fce6025c56f2829e5
7858 5 29063 68b024e548d1817e4bdbf70dc595f8a846f5250a4902a4ec97f45428bbdba3c9
7859 6 29542 4c6d650a977a43af0b664e63d7d96880ca89429afc95a35053b3f035d8426cf8
7860 5 28982 42a66b645164437d1c734370132932c4c239a0126400e70a680d8ac71597698d
7861 4 29559 64cf442a25f2d15dda0e6eeec04209c2303d35f87041c7978c04a109ed3098ba
7862 2 29176 e2c71d46738b3e593937a675f1a7441e8d3d529072ad65d625669a452fe37c5e
7863 9 28952 29bd8797e866093461507dcb11db7660b9ebe75b756f93675d2b0ce682fee045
7864 8 28999 1f247abe4e7cad7904a42bc7608b37c49cf6831791f1788bcc1814bcb6e75c6d
7865 2 29286 2e48aea474ba3b8ce325b9bad122fa87b36ca8ac7e07bb589b52d0601460dbcd
7866 2 29212 449c2217debfd756893dae8e5fec6b9faf66a4b596acaf28425950ec3c81187b
7867 4 29012 6fbbe4fa5ca8fcc50080bda2346dcf835958cbba26638c6d763400994dc7a813
7868 7 29049 a2cde64d7f4c200625fce626ce7fa693674aad15a3b1adc948864d1729b5ba4a
7869 4 29980 9075aa58bd7f6130d49902ff1a9d14ec65a96d284ce5ad9c72538f2f316b8a10
7870 4 32131 4c25a8e5a21081e4713d71291df36c811d919ff921be2578cf25d22359e98841
7871 3 32179 1808de2966fd00a36d250dc1159a1b403df6be5fdb02be5b0efa40f0d40a0d06
7872 6 33132 fdda0189047d6bd4bc33aeeea04ea9f26c00a451ce288e17f3b8b7b9e558f2f1
7873 5 33181 d12d149f229dc29dbe7f3647d2f192b4ddfa6661aff04bdd147dd39a511221a4
7874 9 34008 de28a6c894864619e5ef3a1efc4e7f52e9b373c663ebe307aaccc41a0b6129bd
7875 8 34056 f5bfb91482d9d166a72bc184f59dbc01843b46ada0a94c6e14828bdcc89393eb
7876 8 35009 3a6cc34f8629642138affd561835473fa443c52000292a15a04215d07034df03
7877 7 35058 08fee270b158387b7c40e8cd001957ae63267eab681909b9e2f8aa8ac5e182e2
7878 2 35420 c1ed07755c4c4e7f442075eae50923d81f754d6382988a226d6926f03279dcda
7879 2 35419 ca5d98776b4bfdc42bda2f0eb4ddc3b77c59d3263974ae15ddb3bcad58884c18
7880 2 35345 23863b30b6cbd411d4a27499b2363a9bda1c1e007139b2338545588bd2e9d62c
7881 5 35144 2aa5c958a1c0fce75899b954e500eab6e67ce9f7445e7d158b2d938da2f0b502
7882 2 35587 21680b2fd8f9ed4f4660429db7c00167eff589b67fdb16ee529038e6aede7c9b
7883 3 35131 37f44af7c29c22d94fed518e9a2af80f62fbe1cb574869f9a00f79b960703717
7884 2 35177 87b7ba5823c48c482a5d95e8e73c14f01b60f7732a769e26e9755e6065561338
7885 2 2502 c28142050860148c51725f8f934d96c4f2704fc27a4f2bdf4c20581c3bc12b38
7886 6 3451 43525720632c2a3c6d761b33a9ca51bb9f73f53f3ecaa4b7ea7b58b415527381
7887 2 4642 99d67f497d3c1c86d9f133266f20978926fac99e42ebd26a94f287cbc74c120f
7888 2 4642 7b83b122f4d01c9b7d54aed808d6b1c44753054c931b78f391f5ea6c1fe9eb1e
7889 5 5594 988eca814d7fad08b0ff016b4bf0ca23ad3075fe5c6aaf4a7cf13b719ca55395
7890 4 5641 c44ea94f8273531594b7d0ba73f58c1ef2aa192142a58995766a5f60f57b8f92
7891 6 7589 9712a32a7a8210eb0900047ec8ed2e8d6cac019a2ca11731448b698176075c81
7892 2 7802 1e1f71a57e2a03919d6c48ac7b070dd7dba1d5e1dbf45b39e27929ba9c8d6636
7893 2 7675 02ddfb00cfcc0e9e94bdab2cf94e5751dca668e7b403ccd606abfcf4a3bf2bc5
7894 2 8157 c1559ce497d6752e447caa2ae45ef527d22b572e2b97036b654eca82d382a239
7895 5 7636 de104c6b311c8b90412343d909e9448413c73a12316078d27aa337f6adaac0c6
7896 4 7648 2a3cb14bd4b250f73ebc9072dcf3c37a8850dae9d038ebf2ef9f60712186d02d
7897 5 7636 08ad9c1e031f0bfc2c5ee1f10fad7e4b588cdb617f1407327321c0a32f97d96f
7898 2 8115 d7b11fe8f4bbbbdfcba1068a8e70fa48a20b35ef51a0438b6ae39f48e7afcf87
7899 7 8675 af806a6bdc8221092f47eaede8a5f2948d8564467c5a5c18947d8464458d77d3
7900 6 8722 dab569ca98c1a1da6f3f7777778fb84325e3089fd6922c114f0a91827044cbd2
7901 2 10693 5daeda7c0a2b3e9846d59dd1c7526629d12eb4af17d397231a0560d5fa7dae7c
7902 6 11646 1287db59efd731f4b5333d81fd93eada7e9a81ecfc429f6f9117e4afb8bfc475
7903 2 12800 09441765175889cd90f0f4a2619063b88984e95753f74b3a8a036d7dab12c284
7904 4 12790 fa25ee445a24f0e45a2f249022c4eb1a69ba43999f76951221fa1d97848ad066
7905 2 13734 6ad1e77fffd382c8d1aa0cf07b203263d3428b8f1e7e3ccb1a63e245913b24b5
7906 6 14445 3ae95e8f1d88cafd21242bc59812b448cafac5782a8f57b4ab34fe96df93c3dd
7907 9 14680 88cdd826f51ed24317c295738a868091ccdbd4798b9110d4aa2005e2cbfc83e8
7908 5 15621 24f0555b5e9f56fe17f6a8cebeaceae4478529a151a82518b54263fbf0ea6c63
7909 4 15668 d7c40dc3fb32f5919fd98a386e1f869f609981e40c5aea50d8cb873a5ed5ccf3
7910 4 16245 91cb15a4b4dfa0df3b9582a9c623911152293b4f248185144dc0afb8f4288c22
7911 2 16016 2dfb805318bfdbbe7948e0c96aeb44259eb8369db111366439930e5d6f787885
7912 2 15941 06ccb06cdca1a41ef6453b29dbf35beabf510272a56b908660dfd9552696259b
7913 2 15868 b872dca4e7efcc90d827a9ba8d2ea90e6adb91c43cf96f9d4856ea55fc4efe44
7914 4 15851 f688d834b3bde11aaed814351c0b74314939609419168a46693eaeb3a056c539
7915 3 15863 fbec3e73a57aa7d10a388cdce3971acd19d5b7433407dd49d9c0a0e00706d829
7916 8 15690 861ecbaca4fab6baee20ad64810ee1afbf66ea9ee65cf2549c7b85696f2eddc0
7917 2 19340 521146e4c9eca4fac9a5cbe8a439f682cb32c3a6eadfcadfad48295e6f1a33e5
7918 4 20293 c8047020c42b41c83b16d8907238c07f0896f08a58cc91d125a60d4ad098e1da
7919 2 20804 3a276c8014d7be290fb607f7c3e6e3a1bb380ea191fd115fca72b5f367e15c3e
7920 2 20803 43c1f55e399ca8e8573594b632fa67f1ad6e5f6ea0e09b95f89b39e96b200b5f
7921 2 20729 2f2fb9e13cfba9eff8f931f7b35eafa37d6211bdf14038bff3c7f39888fdecd3
7922 2 20655 b867bd43242a67c42548ce18d61e4738ae61b5d872d8cce2e24c2eda462e798a
7923 2 20581 a1f0afec93ef15debd78dbee1b931dde5203a1cdbe557f42a4aed7ebb1091e83
7924 2 20452 fc2490d11e7c799518842995e88abd3d26c5d3559d3708dbdf807e4b6555167c
7925 5 20057 8defdb743d0db907d8bf1f6e29d9ff3aa93ba2c8426ec4c266329ff3db7f5954
7926 7 20536 243aa97ab3ab7cec52ad2a12ce581b865861e0c29d202a1890834e9b9a2b8d04
7927 2 21000 6404aeb873f8dcedf4e59d12776312c32657996c5252451ab9cc4b96dc24ce4b
7928 7 20542 8388415394609478f49b581c26f540ba4702d11af53177dc873805ca20aaca2b
7929 8 20722 083932bf3820d23a924d3ec8fbfe7bb0bcfd6a843aea55bbf3ca23d6ebc0c9c6
7930 2 21973 c57eb6a2b0cce6bac415916b6357d2a4b473b05652f8f4ddb493b6e1b11b7a40
7931 5 21665 dbcdcc5b38239421f1b244f3497a54cc086f0ccf1d4d8ef6465fce2c0fba2fab
7932 4 22607 f25c6b86aa36f35d99bc1ba3184fdbf3f3e304a567050616a8c3f03e8a874ab9
7933 3 22654 a8e2cc9442b2d56e7ed7ed59b7b9e72c8b889f996a47fe29a7df45760bb7f080
7934 2 26015 bce06f78d639946d893be3148a9c6a8d359dd46b623be8c4f670dc423fd4bed1
7935 2 26525 210450c3644f4a1344f1bcfbacfd670a30ad854eafcb98c71f891d1fb3e77878
7936 2 26524 b385cfb1f3db17457ded93e7bb63770a98ead4180c067e5cf6923880d27d44d2
7937 2 26450 b958ec6c3cc8f8ee52a6072889c67429a453d0d6e5c87b9b0a162e85994ad10d
7938 2 26450 014da03915bad8a3239790d1fbf531c7b4b145e489010714ef04cae3d04d7b3b
7939 2 26376 6efaed50bc46697bdcff8a42adc3e8a62bb3ee681c10f21fb3dfe124ebe90c2f
7940 2 26013 a0833f56f1fb442a68f4ea737283f9784394047016df0bc15ed0f18f466f6918
7941 3 25829 1385d1fdc596112d0fe610470b2dddaf89adcb9eeb435e7f6c366952d787aaf5
7942 2 25876 cfdbe5ca0ca420211ee394476db414d20e532d5ca7f2e3288e97bed579565271
7943 8 26356 86d6c3d5f2a1bcb14ae39a14312c83a7c254a3ad54b3eea3415aea572829d904
7944 2 26455 81330ee8897b33f635b5ec8ee201fc4b913d6bd32fd1c346f65fd259a0e7e37a
7945 8 29322 25e0bc6e8a51b9e951ce7381dc65c627973c09c0867c89408f6e5eaff4cf2aa8
7946 8 29033 f03792e94394cbad3aea8ea2a89472b1b4763556f2282030da81af5912de42b2
7947 4 29156 f3d7db65dca09e26e5346bdfda8fa5834e76bb3d8fcfc0d1c5803cce7204ce0d
7948 8 29640 d389898ac371aa2423f4b7b6133081c03283b3453a35d29726639139efe8c573
7949 2 30100 d778a0f4ccc82b937ac0d08dd338f03d61961b88bd356e57b324dbe0e2b925cc
7950 2 29838 aa64b4447dad2e6d5eb7da60eded3524002fcbf18333f0c04ccd7624c39c25a2
7951 2 30166 c240ddd3ea4e801c55560044cfcb0746b88c59e58a4099a1324fd4e4aa99d2c2
7952 2 30165 9b67e460bc23c02b37e263027caac2523d5d1a0d710a32f820d3301b1d913409
7953 2 30165 632dec79107d4ab3a904ae93f497e65d55cd23a94c24a87297c84a836a7c4050
7954 2 30165 5013f3b6dc6b22b044377b732ce48ad381f7a5d2a456bde43ae8ac4139e9eb21
7955 2 30092 474db58460d1c5301a50ab39718db0a99a626e366043a2572a01aa126f5bc247
7956 2 30316 dc2c22a85f3825bf8f262d9431f0d44cc1c1913b3a4d03419b5c6455a8e31e61
7957 2 30316 83530d6b5c755f15cb4d845e3b6e7817f1186ef974da9276e7c6b22427290e44
7958 5 31269 48ed57002b8a9371a12203b39ad4b424393410173b105f12d0a1cace38aa0d6e
7959 7 32048 07e2ef89316bae4e24baeb0579d4df6528683fdd3f04fecdebfcaf33ecfb14e5
7960 6 30725 690030c4c30cb3cba1e4e5f159767d9a1db970372f8e5eff054b0fc4082fbd70
7961 5 30772 6e9982c5c664207b8f356554aad84c1b09b9e63324d6e596e4d19d74c8c08b0f
7962 5 31726 7a8b073d7f2958f034317c33288115fe46fdc08ec0df760e52e57aa9a327b82c
7963 4 31775 7d7491dd0f9c871a1d03dbd1de27f9db80a4399279865445cbbc4ad2fb7232ae
7964 3 31824 09bceaaecdc08fd01dd4be7170398421ce968a517f1dedb82bd7c60ed43519f4
7965 2 31873 b4879727ebb96d19707b7888db16042b11152f5ed111e186499f9fc4fef644f2
7966 2 32579 80c5c2351581d4c03faa34ba9d87ad02e5c4e6ab4ac7e842a0bb706b79d8d428
7967 2 32578 b17a802f7b01f1e400d7866b2c1dc112e24e4faa0428f566e009e9218bccde8b
7968 2 32578 37372e8a10a00fc91165e722403cc012627069ffe24a583703d13429e8c38e3d
7969 2 32503 7355e50306cf05973f5aab62f1705e86004317f4030ffe1cca1be9e3d0f74701
7970 2 32429 3669d4365620473a8b4b0a39ce81d59cadc7303fb1e2daf51658da1e5885ced7
7971 2 32355 1ca99a67ec6fe26e6ff915448c23a6291e8d4aa3a06932e2a663e64d0b73cfb8
7972 2 32282 0e716ceedfe04d3a1250977b76a76df903f0fed9e1d95dc5cc08cbca40a137c0
7973 5 32385 a723c591265f8e68551c1468a80fe315deadd8a827245149d8f53691fbcc7205
7974 2 32397 e16f46b3dfbe1435e88ff5d4a614df5ee4f65518af08b808edff4af57b771525
7975 5 32385 a6d7898101b7d6b25bcd986bef0cc3b9c8f7a198e5a7dab527263520cdea23f2
7976 4 32433 d580ffb3e4c711fee75b5edaf3201d1d73574f064706152c95683312890568da
7977 9 33622 2d3b316bbe0005a06cba55a071df78aa9c11978f7674c7b96ef65e8b460870be
7978 8 33621 38ccf02d9abe44b08f18d35fe886d176aabcf2925e0d8250a8a5c763a8d34a50
7979 2 35418 fbae5eda4045ad481cb7e70f739626ff01693aedb8adf8fe0379f086de37b29f
7980 7 34846 087250e8564f8f9875fbf0c7bf3fbe5dac93cb3a98e8fc05183da65af448d971
7981 4 2501 8f40b784b3e49e4f438ccd71913209ef4e289e2d9fb2599e970c829103965855
7982 4 2499 d79e25d7b5c3d72571b4636cced0d81f85e7f17508aa7571416b142aa5bf1b55
7983 3 3451 8c553e5022527b2a799838a1418b2951117478811ba7c16f13e0475feaaf4b36
7984 4 3616 171a2c837767587d1b9738226943e2ac5138b3d315b72f863a585c0f4b5cd6af
7985 5 4568 f1df6db99926f9642de645783641e3dd1435e1e70aa1feec9b37fab3d95c99cf
7986 4 4615 950b7e2c1b6678d24eae0ee7c9c196364edae356aa76dc61af82b9042903474a
7987 2 4543 a860466e47411df12b8e4f3576fe4e44bfc5e4a532497a55c50dce4a90c69242
7988 2 4551 e875ca468301b5bf773536759ef04a7912e898f4ead328de147b4537bedafff0
7989 6 4572 8cf7c375dff02884981af453b8e97667105d8b249681d6c29a1e0e510df1e7e0
7990 4 5517 7ea6bc8a2b68952c7c3f0644dfe307b2e526969772e84102ebb7ecfe1e776e46
7991 2 5730 2abd054092640e5dbcc353b4d603022146997527eebbfd0e9673df7b7e061961
7992 2 5529 60d7b4dabcb0ea55265231c521e8e98575f582501011773676a36ed3180284a2
7993 6 6239 a753f7af6bfe2819185f6cf55fe66d31c759fca1618b2449ba5b39924689693b
7994 3 6529 b9c61e07272d36d32aa709a03847a8dad99038111f3b5ad84d34b9f68ae77f74
7995 5 7482 aee98617b05ae75612c3da72e6c29ae6b9645c0b344f7f906094094f058f6c39
7996 4 7529 adef1f254cac572905f3eb06cfb3e9ce86b7d0e42a348262383b132241d7f69c
7997 3 8474 f6218ac6d99846fe10e82332eabc11a516db95b268c6cbbd249593b5c7e4c199
7998 8 8771 d1f95cf605418f0fe87e5adb0e1f09fde0563b081545a76da4ace0f1e4d6eee6
7999 9 9724 73af7edb49d3b46676fa5674ef3c1152ba6c5053525115fddbb5c41fcba1e0f8
8000 3 9772 1c6e6d6dbb8a27666adf1dd84751f6220c0340bd3f41b292802f20273be04925
8001 3 10252 de9da8a9a75809e7ac006391dc21db6b678cfea12a2057c68f25dfc46925f672
8002 2 10305 43ebe04b50aac5a6f0f932dbf73ff8e4bd2936b5a6958ad75a270dd1937e4afa
8003 3 10433 bd746967bb23c52489d5e7004872db8a76031f2ec7471902324caf48391f52dc
8004 2 10483 e91cc971fd6da65f15e3cf8f72566f005fa0dfc47b04325de329131cdc825004
8005 3 10967 55cd0af85b7a5775d84d6e3d051d7ef42c78dc8ba00661d019620d3fe446ebce
8006 2 10574 2ec51d9cad91083d9d26e75dc8a920433b54b285210c65c0ca3b2926e5477de4
8007 2 11427 4d0a8c2cb9022bce7a6e9d18a560a0b4617ae21f84e0920e8431fbd322517374
8008 2 11245 4e3d2d13e392ccf68ad9a19215276b22d7838c9363ef7c567e2ab35926ee6189
8009 2 11942 9adbebe10b1ac2c28bc301f26d89ad04871592837ae78ccffce957eb3220c9a2
8010 2 11776 aaff1c25a72b924d6d7b8cca3ebe1fa418c69bb29ce267c3f9250460a0ae9761
8011 3 12670 0398508bfc124a3a86545fb6f7e5b8e339ed3729bff8a4b278c004773de93573
8012 2 12500 ff7e521e64eca5c38018bf924a6cb8cba66c0345c171b3ab4e1ce62761a1fab7
8013 2 12883 9e65710f2664546bdda3b9da06001ae94d257db4a40eb429d7c4a81d90ade371
8014 3 12756 150bf51f65f89e2db66c1609c724f8df07fc703c7269305fba1a5dc2a999e00b
8015 2 12593 be8a0abfc116ff458f67a055f9376ac86ba59a29aa5c74493f13b04425c8a692
8016 3 13102 5b85a93fcd523c58ffc74ac7c1bca4cb30eda93e495b1f6b4d56c7bd5d616131
8017 3 14256 14d41b0e861ae410a90a67eed68dae2f3291972c947adfa9025b355531b18143
8018 3 13803 e4ce7fc9f846a45666438c22c6e052836f1d7d4451854074e3d376d46e58a09f
8019 2 13910 895feffed733ba08cec21de5cb61053801390937b7a5a113590533d71645ffcf
8020 3 13521 705788b3ab4a1a281b7e377f67d048c528a971f5d65b082751b826fc5dce4af9
8021 4 14473 e17abc977211c086d4fa926abd511f7e6b601db195eda657f3843c3233850150
8022 2 15417 12af49c92b5134f6d5af9de3e74882309c31339a0ad76b143e9cee918d0e03f9
8023 2 15860 2e9645a1efd6f66a9db62bbf2451e4ae8890f24e2534b5d2f6c93ccf1713c337
8024 6 16783 c0bbbe78638fcde8861ffcd0bd3e4585a397a1362fe873e227c5b29d243d4ef3
8025 2 16795 60742f4b6c5039dbed24a4b5bfb12a2093d27f30962b431012ff8edb1befa694
8026 3 16831 4ab566dc30d43fc8475535652856be487588ce46ed91e307bab227b126597d0d
8027 4 17784 963ead31d9c2799b4ddcb589a5a1f19df02d2139f26fa50d024b4889efb77ddf
8028 3 17545 ddeaaad254be398dcf29ec9b04adaefb4b24d72fd83cf6246d17ab77ec652d55
8029 5 18498 b855883b79fe27344564b3ad8dca41cef15694f205b984d0766df41ff515a0f1
8030 2 19814 aa87043feb4cf08b5091c3cec435bf6b993da558d0d1a518b945c1b89d06e88f
8031 9 19891 b0325dd953e97b552a136a375c5044e542382c0e6c58a8e3aaa81987695db0e4
8032 2 20366 d286897214e41ac699dd8a77283b5453200195bb1182b1384919169c923d4943
8033 2 20419 20def0a36ded1daf0238861a0480eb682b5abd0497f7c7a74c8de8d39f0ce407
8034 2 20812 932d09d79d7dcd69d62ae3ef104788a02da2718100b9b68243d249aada97647a
8035 4 21764 cc5f60f910bf8f7bce9485f901b4379605f4de8d9c7cbf793f3bbe86db120055
8036 2 21776 f2b5add1a6462e2bb0a62289dc96bdd2f8db13e1bd1b3a1551b939572b233c0f
8037 4 21764 06246b36fc9e4be2ba14f39d19c0ab65031c84dd33a6288b5d3d94d3fb2cdfee
8038 3 21811 65373a8122c022d8424dc0d963ef708560e919ce5f61030d39a9075c63457661
8039 2 22756 808b1351631571e32139761a2965dd1d84607ec2a0e3ef1fdda4191284c1ff30
8040 5 22610 8c8f450f1d39385ff2b3fc9f5fe6f5ac69d2beb4ccb29fc45f278025901d3650
8041 6 23563 208acd1ec91aa29d6c1bb1ac96ea135e70791804ed590090d602d9e9c246acef
8042 3 24043 d7afc7ce67d5d855ea101ac179f90bf57351596cb462e3666087016d8f44896f
8043 2 24109 d9884b7b18150a495dbb27824f7db15e99c329cf00aad818cdd446382c1945bc
8044 3 24619 d5f5f3cdb4a0d8bb4cce89e519c86a2f0b06787a6494fd59270a99e95238e2c1
8045 2 25522 c99e72a6434a7249a334a303d72d70b2b5befbde772421a952601b7be8b3bbc0
8046 2 25185 0a5937f09c4fb3cc76a556e2f2ef9b8064065a51c12ad593f94c6a954827dcdc
8047 3 25872 1e19945cbd12a8c5cbd126cbba41f52567a3381f60f501081e8f77bd2d576c28
8048 2 25919 2373208df8b6ddc38fe1f05aea2d4502ecc5a4de7d7fb8eb627065972f29467e
8049 5 25602 842e446f0b33af203bbede127dd007be49e71e0bfd0f044b716bb63b1aaa3a3a
8050 4 25650 0be8262324cf79523ca0d2db8dcf76f274e8f768b38e380d773aa7d8ea1b4440
8051 3 28635 6f4807d2638a2ecb9cf1b5d03a5a632817d2e4ab8f6331706a83a39a3c3cdc54
8052 2 28684 4987dbe33f58d984e3c92f04b3d48af6a6ead71741b6f19c80ebbffb4f7cdd5e
8053 2 28698 5831eb1ea10d724b16ead843148e4f170914ae75008a0859f1ce9cca0c44e190
8054 2 28686 44b6e2218c3f34ec21b2c755932fb3561cf895f3de5979b1ed9be9be987ee0e6
8055 4 29041 28b6cc514cf4636506101ab9246081024c38b7b2a9a598721ebee13f9a7a1588
8056 2 28896 67fe3cf59b78a8c38d0e786a43cce54ccf671fcd0d555983e8d121039b5092cf
8057 2 31059 8d784e7edcfa1c7aea044ee490c3a6ef6c1c13e625d5bddb93a63999544b808b
8058 4 32012 a8b370ccea76d951ab7125e272be85dccb97f7c063e48562eb029174b6eb931e
8059 3 32487 9d3945ebcd32e68a1929265cdfba2054fecf13286b80f5cd82cdb06e4931bec7
8060 2 32536 07749f6f64adb6beee73123ebb678a80f0fd1912f25e6438042202a65238e613
8061 6 32787 86f21ee82e4e5cc2f7a1a53d69492651917f25c00180a216e811bcfdc6853181
8062 3 32627 ea3eaa140788dd420d2d8e63e8ec6a7821bc6066c286461bd4ac0b01164818e5
8063 2 32626 b4ade89986755523d45d3879df04da821b8d26a9a66497a5d56076b1af9eb88f
8064 3 34814 0eaca8530ccc9a9d39d94064743d7623a79aa84a00a00b9240943ce5ab000084
8065 3 34358 49f849268ce5759863262ff8cebbdb9deb9788755a8f7fcf50ba20819f751a86
8066 3 34402 2b2d15c6a2f21648feaf01f9f551a4941279f52f0ace57253fa02dfbd663540b
8067 2 34800 e7ff5e829d7668ca9c716c9336973189f662266bf7d9dc9854b2d020724ece2e
8068 2 34800 372f1683ac978e171ad47b98ef22275e9929a8361549fe7ed4ae1bc6b6523701
8069 2 35221 98759a245de8a8171993dd797fc90dfe4f4ae28d5afcfc287e223baa16eea16a
8070 5 34881 9194aac0be02339b833b7b33a50cc438bf8c5a2fe4e037e5aa39597fbff38709
8071 3 34893 7e3d691e0ae6662029bf27db0d8e743a75eb702b82b2002edaa92553ac69fbbd
8072 4 34929 0eae3c9ffa6bf255278d93dd06fb6ae2de3e74c0230855c20d4b5df02eb87341
8073 3 35882 36c877a1b6e5a4ccd42ef45db8ea24db059c7f5b86b83244a01e0976d5a1ac70
8074 2 35931 b1190c856e66a8c46e8f652d7495ec8f46f3f3cbb77d2931868f0447c77b38fe
8075 2 35834 c72c8fadd9156c329b4e20c85140fdfd322ef390e4abba8cf4c4ee9528ecffa6
8076 2 36385 c20bd56b083352bbd46c5563f2cef931b4429ddf1df67031c30d7b52eb97af45
8077 5 2502 9bcc0a7340c5837fef6dec6d0734e8ee0ae645a23e7d745345510c9715a56e49
8078 5 3454 94ebbe5f624bf8abfd9218d3f428346d2d1c74aebd7fc9e8a5b0ffb750450147
8079 3 4646 24c7161c307a4ab34135dd76be8631cd6750605333c3d2cc8ebfb0b46aeac939
8080 8 5598 bcf74fad5a2fefb11da2a6a1f2ed952f03edbdba5e924a3c6a864472e3074c83
8081 5 5610 7a99d1e86b2c52c89b417883ebc645d9025e952728ea874da974907f6a04f556
8082 3 6089 bdb1c8e5e0364221bdc0468c3b8a3090f308eb473f6a4631aa1ac943ecf5cbd0
8083 8 6550 89d81fc76141dec82465cd2978eaf8c204bd8ce57d5fd2a4ca13a38c6e17af02
8084 5 7503 f6d3f725a28ebc0999d202ffddc65bdcb9f2cdd1613df39dab6a00018e4e07aa
8085 2 7716 059973bfa23821b3fac4d9d51d02f1b3c37335eddaae944bebf6838759e3d244
8086 4 7587 04b2489ff1d7cc7752e1e3cccb91235a3b2a17db0c2ee20fc7140932739f135f
8087 3 8066 7e5c20cbcbb9cac7f07c45f2e5885e29a4d96c31dd7c150e3a1c5d34d2c4e82c
8088 2 8528 f016720997dbb35a92f91b6215a025c2c9591ec9bd509f49c96738f61b7b6c07
8089 9 8694 ddf43ab04f981ec90fa102c16173f1ceb31ec58586962598d75ce44721098a4c
8090 4 8706 1960fafa273d82d29de21fc12ea537e9cc02cdc65c53f72bc13dbe850b9c38b4
8091 3 9185 cf5ffba85a98e2223784e35c23407e84997276eab46445fd077d4ebc738bef8b
8092 3 9637 dd9783ce35e7171c2fad7f3ba44e1a14840e26e88d27f0ed686b132a8f9f99f2
8093 8 9557 c7dda6c2fb9ca32060e38d7addddcf43105ea1cbf08399d5eee155c55f16873d
8094 5 10510 f241c92f40daf4882cb4de8cb392e56b664fb6be768df037f36edc9838b004db
8095 2 10723 8f621cc0ad80810d16537cc6f0c7932323de1975e5e11f8c81347ff679f60308
8096 4 10594 78831ecbb4d8e6769e96bdee460064e511c7651edf105eae034e829761d59fc0
8097 3 10640 4dfb7f4242c55e9676fc7d4f2e3315b43b09f213c3cc0a6adfd5d839e887d4d7
8098 4 10557 95b1f1a743d09a0e44e66be07c5b62d468e301458fec8b160d161a9c8bec1f8a
8099 3 10605 da59908f788dcc013130391e75dbb17e0974b52877a04830cd7887da4a0213e9
8100 2 10654 01d7af305b6597299e35f58ae71c3df0008874b418b969a04e8eb6747bcac037
8101 9 10755 5742e111c6842f0a97b0b5c6696becdf95069f762d31184c3ec5f15ea658af1f
8102 3 11234 c768520fa23b6b9b4477045a24b73583ea66a3e52283558b88ee3e5df7bdba7f
8103 4 11698 c91d0ba0601cd21d3dc308abd7850643a718689d9639c380134ace7b95260de3
8104 5 12651 44cd512a775ab460c044baf158025e6941b91fa04b7aa95cf94c376695a54140
8105 4 12700 be6a4fb6f0c335db4a4763f30d35d12d0ef0d24add9a66adc7c7f9004532794b
8106 9 14734 6c223c3eabf22049a8a0709c8a57de7b96bd4bf060702751765cf773208358c4
8107 6 15687 81f7f8cc2eee56192601f1ee89b51d66e29904bd62ceca1312281c5e715fc024
8108 5 15734 2ae4ae4dc2c16f188202aded5956e1f1466a47ea40bec326787bf9957b6b3f1d
8109 4 16984 21a55d4e9ac631efeb47ee8d2a1740464d1e04c1507596ba87fa7fb18ac40436
8110 3 17033 27b2fa73ca0f8d6e0dc0460fbaaf5aa52db1bfff823c2e8e37ab3bf14f749030
8111 4 17753 68eb11220bcea1bcfc5047648a42d3c245faff9bb6aacbe2fe3794195707e1a5
8112 3 18263 5a908e75162440aaeaec4ae31b503e242900539680470bfb3645089cfe7ee71d
8113 4 17748 bea3d2253f31bd88cdea42f0e7d07307069461f16c2ca6a5d7be3ce0e2ba1d39
8114 2 18997 2f3dac38d6cc8221b689b2fd6c9e7b8571a5d3527539a0611f683f414fd2fbff
8115 2 19766 81c3805c920e79d318c04a36b65d89140ccaa27e3d8fc81dd5baadb5b4de8e62
8116 2 20209 5c7c6951060e1dd8b6b7d17b950cf39273a0f2ae09848d7552f0900cd54ee43c
8117 2 19973 ff1757901d842ce9d86f7de21ab401dc2732e9e497a5be17a7f0d739739d4b43
8118 2 20470 4b247eec49bda8edc7ccb1c4b15782969f27bad0886e3b7e8f543dc5582fc3af
8119 9 19863 f1edb8ade26c368db8aeb0a95dd9d659b51fbff7042cfb40e4d98f76e7e2cc93
8120 8 19910 e0f09557b67e05dbe696c8550c2107629ef0ae1c9128568847cd288c3aaeba2f
8121 2 20388 3522b7d7372407425ca235a7cd7cfb6a642f0ed642a93dbd386005d100bacab1
8122 3 21442 2eb69c10df3b6bea4a841f40a27de3a07eacf4b41e4f6e10275bcd0d87d1b85c
8123 5 22395 2cb2a0f4abe18de35d00ea7291686b21117287325211a3cfe56dedc8cbff4dce
8124 4 22444 6c0d0818439e903cd2e26f57e35ff3afa8caf75f47d478b27acb7e81260e93d1
8125 3 22955 559581822c0982caed3aedd6d217d1f97229264a1db533b95fa8355549e635c3
8126 2 22646 195170c54e58fe3ff505ed7ccf1212599efeeeea83291d69d861fe21dc9f152f
8127 8 21760 041df1fd22b4f4ccdda389c4d369220132d12bff135c86a5d4887ddf1b8e3bec
8128 2 22122 72702e7d3c3aaae9dfb616d8c4668cae1053ee810318875cc1489fb26f263b9c
8129 2 22121 bb7c51de344e2eb30672300a353c8c902a5f7fe576864580640d702b549ff9fe
8130 2 22047 2491bad2b5ea57b9916e03b7596c00dd0a791d84316998a4a663278a0793e7ca
8131 5 21844 64e38af84e41a20a883dac2ba833378cdbc7640d62543ef72a047b26b6d5b93d
8132 2 22343 3addecefe137cd0d8a797761a6fea9a3a912cfb7486dea3aa62b5ae7d59d5f11
8133 4 22049 e91ae62ed5d7bc887761c01eb2e5249563c6dbf327bd8f86bfd80bf16ad375e0
8134 6 21845 6153f176832e8b4e6800da6bab097015e47290da3a916cd5e03bca8b8136f726
8135 3 22786 ae441feec8e799d5139f3b19aca6f8757d2b45e6e53e8cfe9c87bd20c40f84be
8136 8 22863 43dee576c03fa15fc811f5af0c0a2bd9cce69aebe7a1739924f337c119e6d770
8137 7 22911 29c569075b824f9d2c579c98bc67e67c128c4e1d290841f2a654e103e24551aa
8138 7 23864 58079b6bfc53a5e6a9176f2cd016bbea67ef1096bfd77da170fce05457334a01
8139 6 23913 5ab61919d22da90ec6e0122e949c7f766d2ffa780943cf083de69c5f3cf616cf
8140 2 24139 eccea2820db1fce62a61a0e614476eef9aa5b0cce75a4b5ef5289101c4c38792
8141 3 24180 fae19e96102f6dacd92affd3e0789859de692c0c0bab15ad9666eb3adfdbc705
8142 5 24904 127defac743e3852067eb365b53fa2713fd658a18c0878eea887bf55b6fc3bc8
8143 2 25117 e503917ad66a13511927ec1ac01a270f98abd5bf44257202f7f314f3c41b3d92
8144 3 24917 0a475619fb3d1b0f3754398d3fca376d8ce6ff76ea1eedd44a9cf3fc4692e554
8145 4 24953 46db365cb5b9c9462d115330c7f1c09372043ea3b9161af6e054b77098b031f9
8146 3 25002 adf94c6118194d3e5f727a88a03ba72b6a2834391707e7d296bf2a853e99c9db
8147 8 26916 020eedf66b3ddd25ca017883753a2276a42effafa95f04807f17dabcc782130a
8148 2 27352 4df545d5c979c2287a5ea0215faa94db8fd7293269db5ebd74758f6823971345
8149 2 27351 f7f3ee433a64b0689ffd95669a2bc3e9aa98025f420c7f3223258dbc9f689384
8150 2 27351 7825df117d0fa8c3c4674b7fc8050aadbe94bc10dd12e81e970c11003d2c716e
8151 2 27352 b5f8e22ac447870d4ab8e23c5b53db68a7b929778c5306b74629c9f90046d965
8152 5 27149 b64fd3494875f115ce68fcd7916ea3e7b20b8dd8b6c6efb74fa7176442cf1490
8153 2 28028 1cef9b22eb56cbb814db486caffca612feb2b5ccac9a81cf8e9d51a18234c91c
8154 2 27955 f08442ecbad724a8508942a6ba56e4703c1ceccf085c98a3e8884ba149adb465
8155 2 27878 e6c8eb1ec664e35afe4b9b41978aced430a86b51cfb6fd908cd6acd7bf6a909e
8156 2 27643 bfd9db02fd95e8d376d4dfe8ae5ff0d7773f81d7c1aab539cc391f6f4e84076f
8157 4 27355 6afbf828ab688a78e7a442ef777cd304baa08346ef184df463952267275b2512
8158 6 26999 dba5185c42982e756fe8040cb7d63018f90442e316f70b0ab43c3cc52eba01a8
8159 3 27943 55d51db771bbe50023b5b8e6a45b125282e6601cfaa6d1675ee14ad0e0f85e1a
8160 8 27842 93f8ec6d6cbd3997ce9fc45ba93133b2cca51a0cf66b77b345ee3bfc10891a4a
8161 7 27890 2e5fd1a7e3def76df7495a0803a88fb00515a37d8a9a8daef361f6026c9436b5
8162 6 27939 22512535bbffadb8d750a17ffb1cc3d5a68413416254030504e92ea6c2cb44ae
8163 5 27988 5781302f60ac6cbba218b220922457754327b01d68d7feeb0f481cf931cdf777
8164 2 28200 3bbac486877d0b222dbe5253c3191e0eee120eaf29abb53d4817acbd01f9bc07
8165 4 28072 af17647b128b71a2115e3714cac9bd18ba78994aaa3863d824f5768c30170e74
8166 2 28515 8d9585dcad5700952e0c130b27ee18cbd21623cc3e02542e39c5cfef84880231
8167 2 28573 ad8fad2268760cfd6fd7b55d413e6c3f0b94e5bffd0819d6cc836c1acef56acf
8168 2 28500 f0bc6a62cf9c4e616421b33a20b29c95e9e1c0996595de54cb4de2434b346875
8169 8 29132 4da9352b78b17ddc01f322075212401b46dea4c21bc7105e78b8a3f033e3862e
8170 8 30082 19d20e1ff70361800a869fdc72284fd94ebb462633e5b0617908e614f15ed7c7
8171 7 30129 22d686873d2895c5bbb51fae599965bfcf5333ba768eb3fa07b0661bff15d61e
8172 6 30178 1f68555fb8b0666a08e16238adead68e77c50f3e3cae47be6aa4378d885df5f8
8173 3 2502 1e5ef4ec53b1d4d81f546b6f4c7ee153d7b20506c103286e1620403975439f56
8174 4 3454 75d3cfe09c82bd58d106145b73689167b136ff6d2586e2833f8f837cba112d49
8175 3 3501 1801c50ff4e99cc6be4296fc0419913b614446437097c1fdc5cb7fd56ba65d83
8176 3 3613 1081277e565231a0454a6f8b9ff6f97bee51198eae58e3faf3a98e496b298c22
8177 4 4565 cfe87ff86ea0b9e598ab6ba2834b7de6ee9060575e3461ea8ac4012e99320e9f
8178 6 5607 6d83f1494a504fbd2b6303ef2bc51425b25f1a211fa3f81cdb24fe5e8d5e1a2a
8179 3 6086 3e62ffca25d2b83b08d85f36043206b40c4895f6ec9c96a355e0531f41e5a346
8180 4 6548 2cd97f0e1109c01a5a2db0c7122f7bf069e12f85bec9ce72a5fafe1163b17aff
8181 4 7501 b5bee0ee5b162e84f5b87742ce39a60fc30924d612c7034feeaa55fc73fe4824
8182 3 7044 0139ef233c05b90e56a60cdd07b0d29ccf5672d22bff29131bbbcaf4e1cbe075
8183 2 7084 a3429fb6772b8bc95bca3f079943d1a9ee9c16b737dadccdc24da2a173d06127
8184 5 7654 836030a3a771d97a994c3df0ae45041729ea11be62eeb4b75f8a7398c075ea89
8185 9 8607 e7a4972ec92087d7fe6997bed6b9893fce26dd7c220a075ec9119b0c61e4ef93
8186 8 8654 4800438b96d3da1b9a12f995094e2b3bd61af1a96bdab2a5e16b62f6987e694d
8187 2 12226 816ef484d02bcdb94abfe54852711ef834726a234129fa46bb4147f2e534ce98
8188 4 12096 4f7c67809e618d6eafcc982f1a03205575b8230577e5484b4f4ff6cc0c46e49a
8189 3 12575 e30f53e55eee5267c439467101a5fe9d1e660e8d22edc7093efc975783771a58
8190 2 13038 498f51b0042fc3c64cc6530a8c484d7c1057080059733c077c82b71c543793d1
8191 2 13991 6d7bc3d1646e8c4300f11270b04f737684ea57d0ad6e99555a1de9ae243e403b
8192 2 14003 c57e46322f26357d6a722c37eee7c4b5bc092ec5b64e7e6c5e312b03244a9c5f
8193 2 13991 19fe6711b70de4e7226da328bb8811740639e931ad37a1ba9c43f3f524db8a0e
8194 11 14115 6b465b985740944b7fce706754b8fa172445f18f22efa143f4e12e12e90a0cfd
8195 10 14162 b32c2bf1d0a55d59e557f10eeb634e6c5cb74670161dbf8d03bf7eac9defe199
8196 2 14352 914f617c035eeb026c2945e5012e5e1d7dcbf6ad688f63aea2d37d56b338fa95
8197 6 15105 af448df0ecc67bba3574420c0e00eb3bdc9604d578f9c44def79446619574428
8198 8 14922 e1d1c976a848ebe3c79ca932e374fd3062c4e16a4372ddf5846624407d8feea5
8199 2 15179 06c505752ecb71a8d980dd65cd91ee96f4274a35ab2c97f50216b096596d8e1d
8200 5 15914 a2d0368fe7bbaabfb87ec33786da16ee40dc1adcb1e2025aad8dca774215206c
8201 4 16859 6c123fee848229cb7dcf0dd796322d86f11527a6c7087ab8086876da2318ebc7
8202 2 20433 7d13ad2448553eac6b3438a56d01882a462b5235c8cd7e501daa29fb82fc393e
8203 6 20257 1defad77ec6d6fbe5a611258c50370b73fb2b4038d1ef23a2285b668b94d300e
8204 5 20304 989f5497b8c48824458fed5beb570dbc5118f6a5fcbe2cced7a03f26e5570372
8205 7 21257 ad8cd789558593469ba7a238b6970df4b7c2c0ced22ec8ba940eeef293655a5c
8206 6 21306 2b748840175b24093e52b78f8cf5059e574dcefe346221e3ef5161f66340d98e
8207 5 21785 07bfc371434e5cb7358178cf1aa92e6b1511951fe80f9e3f3c55d576e48d90c4
8208 9 22089 26779bb8a54dd6b5512fe66bd718ebf8525882ccb37a0f7c382d5890171f5030
8209 9 23042 3c6a325c4cd13ad35c4150a4fb1eabde4ebf612cbfddbbd9b3f6f5bd44f751c3
8210 8 23089 1667ff41ba1e29275f2e3edf24034db7aecd7e5bb3522519e04cd83dae3d47be
8211 5 23214 2acf3c3f2e1b8b5dbcf281678ac75214996ad49c35b859d7f0c04545a550fec5
8212 8 23934 c701cf402a5ca4df4d1ec82845f9f7b9b79c3764e0498b43fcca50cbc78b57d3
8213 6 24413 3554a3934c214d6962708115c1921bb881f762d3786415874de8d101d9319aa1
8214 2 24510 1dbe417289eeebd7598505b425011c953886f93ac4a22417cd242a4d53ff9e2f
8215 6 24864 31b384f44c503c355d5d6e7740b6ce2863e39aad776a34cb815f07c8e5f25155
8216 5 24913 795a967a67fd913530ea3bb6a316c12db87724583f677bf258419973024b1bc6
8217 4 24962 2989cff4634751965a7208fd5700dedb21aa97265fd5abfc5b4413a2afd844f6
8218 2 25247 9f5d6d2f935b8750c49af55492a8cd01fcfbf0dfccdb220cf779beb0592c9425
8219 2 25174 a1c4ffb80ab1ad3608147d4a7b21135b148dbb08d6fd300bd8395154fd7f560a
8220 8 24934 2c10cd6a52798211bc6d7fc8c5da935b4dabd0a9ada86c4693cf8d9a8476eea3
8221 5 24946 07609da012c730ca94bc6d0deff0a1f9adfa13792b8614a52e97b595dccdf808
8222 6 24983 b78e7ba90ae9b4d540f8088a07e3eb9b767844269a018af5be9ea3ebef9cb5e7
8223 2 25591 0b46e7353f32339ad73efe22c88401ed9bc01ca662d9aace31389a02ade895a1
8224 2 25595 500105f3d6dd7ea19cb2cd40ee6ac95129178e9575e8a3d832927b9394c6bb78
8225 3 25608 5421348f94c257dc92ee95fdcbd36a853e5b01ac0adfbda7a2e76bebe2ee85eb
8226 2 27023 4f0cf08750e463170dff685f9c77eef3ca57726df0bb755b7585c07de8499fa1
8227 3 27976 411425aa9ca906d84acadcb3ffa83bfe1b6916b218c887b2094ed6d807b66f23
8228 2 28920 e566c07b7804da5dd6333f102b88110eaab462f18cfa110271933a3a45c650e2
8229 8 28845 6565287564f91a592ce6721a4fd4a3e3c007a7369c1d27a695e372b97cb98fbd
8230 2 28880 f6d13d8b0afafce1a11aa415d25380e80e28fcc51a68c0829b21f18299db2716
8231 2 29322 f4602039423e4c772d34bb0378dcc299c789f116c96181f54c89c3c7d7629ac2
8232 7 30343 385aa9a989af979379e538d2f58ad6cad2026b55d4ae07e21e4d86dca1e46b03
8233 8 29866 8342ad2bee7ab2886849e8a58ec84bca2f5cfa0a039c00ea70ed17e83bb26be4
8234 5 31117 a344fc130cc734bf7a0312b7998fef54c5a7c6c9ee387bd8756ddabc91d88b19
8235 4 31165 802b33e7afce3a12f54f0e146d3a7f92b0a00aa9612f5e9f5c9716e461cb12a6
8236 4 30857 ee0c42f5d0b1ce0eb1be097ee6601627358ef9cc744d156e5d339e4ce02b4c11
8237 7 31337 0fa4129158bd7f37e21dde9f56aef3a84dec6844cc6aac2f46053929c8dcc024
8238 2 31789 a29002292bfb9f4137f379f22c1204e682884d59e1f209db14049b77b07dee26
8239 2 32075 5e4e90e8dc3f098fa0b61bbcbc5d2e6cb7363395b4fea235cdbf14ec1a3cb7bb
8240 2 32002 079ace8710f4cc7f4d133b99a07339a0829edbbdcac56d9a73da44e1bf0389b3
8241 2 31874 e192a8d867fd93ee8bb22835c22dc858cb8878f9d5bf68255f61de0af9e69fad
8242 8 32026 e6dbde0b4b03a37a571805095471099e1723d0ca09c07f541ad6e3853188d65b
8243 7 32979 1412526934ef24a9d3760ae549b66c464baebdf1de5e3240c21b66d73bfbfbc1
8244 6 33027 004ad426b5298ad0efb96587e76c3c2c9de8ff2d9f55c05c23296551295a1424
8245 5 33076 15e8c813021f7355a3a2e94889fdcb86a90a61f3ffdb32d9d5e7f2e0ab73a449
8246 4 33125 10883d3ce84fa71d40643132bf3232d554f92de9e5a08bfbe1083227feb40a59
8247 2 33338 d8816e2ff40361a377474637e82bb8adcb28fad123761c90867d7bf629bcf250
8248 3 33211 2e1dd08201de644815eecd4c90c72b580df558e6ba2968e1cab6c2b77bc8a638
8249 2 33258 368919d055dbd865531ed504a971ce2da7418756825736f003f2b3a3a76e054d
8250 7 32870 4b734614c1f083c268697f5f91ac300d7222f8d886bc05f784a9c2919fc4aca8
8251 6 32919 e56ade92920929b1d38fecaa2e6bb42a47ea648f7bfe0e850046fed882adc4a8
8252 5 32968 eab8164c1aa28bc6605668bf8fbaceecd6ed9c366928261269b48d8621fd1053
8253 4 32946 e00891f7173e8f3e2743c143e8c859efe7d4bb40de6ce8bac22a755c377d1200
8254 3 32995 fc20def89e580a1ce520d6e427b924ede864d5c569c127d548d31072439351b9
8255 2 33044 27517804cfeae927f54c4421e55cdaf838171ad45f259dd68da5fec1c49705b9
8256 2 37425 2cd86691bacc0863665db8b0352d632295c9fa31474268f14240adcd4d9c73e7
8257 2 37351 5cbbba28c80f7bea1d126a49d3c6fefbb48854a93af18d8d919c3794e84c6044
8258 2 37350 f6b7a05c1de96429ee5716f9e61e89c65acf97e081c489ce5f7be0b2e45698e2
8259 2 37350 3e970ed3d99621f9eb0ad1a03441e6d6869626255a620be8cef8df1cd4ceeae7
8260 2 37276 052e94ecba882f3cdb43b0b503c9636779fe9c1e6aea1709c214da91e8b7ab99
8261 9 36137 04569994ae25a5d1de794c525b446aa4735a50797f03d034cddc9ce28917c7ed
8262 8 36184 3da53d0c25f362d87f8034d1eb22dae51ffe5f06ea26d7650fccf41a4fbded25
8263 8 37137 c67e302dfcdcf41b04a7fad147e2728a52c7fee77122a38248a2a6a69dec089f
8264 2 37350 3886ecea2ca6a21b57cc31ec88145d545b04053876a7f78fc1a98301bb68cac7
8265 7 37223 cf95374a8b570aebe1e56b9cca9b41737fe9a23ae90effb45b9b1f118db169c3
8266 6 37270 b201205af869bce194dcc12a97eb57d8846159097d21ad319763eca3fda75c99
8267 8 37749 fe7458334ce1aeaabd750e5134f478c879ce4311f311d724ed3de6ea9f024638
8268 2 38210 0ab2ede4b51fb8cf9e7b28935c581015012afaaed62c9ee23bdb790f49666b71
8269 3 2501 a17898b143fb516916289fcfa76cc41329be8ccaa25b6c95e30d31383e0bb18b
8270 3 2499 a56d4a2b73d7e671ee59162ad3557a64d6f4e2d4a06834e7b441faa7a11c0ff9
8271 7 3451 5982bbeef5373fa0a83520b56aeb82e6f93ea8cc490d998a28f204c7d6415b6f
8272 2 4648 2e462d0111a31b81e016fc0cdef3d8266aea3efa80d57ce6ce7f22eae200ab32
8273 5 5600 34ce5b614a6e18521bb8397a3b235e0b48ab7ca0955b01b9cf2903d715166a7f
8274 4 5647 0d6a8135cbcbb06c931f9259cbea58d1af4b7b257fe9bfa520e43165043baed2
8275 8 7593 b458225aad668e0a5bbdefa65db6d718ad2c3946b99c53eb2750513a612c2a32
8276 8 8546 458d01b910eadb3b99db2d2d1ca78bd11cdb5cb7e3008f412eb7d8b5d5e7c0c8
8277 7 8593 db645d4f635c706393864916aac48706e1bda2efcd5854c2100ccce52336193d
8278 6 8642 563bfaace05f509d432c56c8f10ffbca714a4473b050027bf2eee57208e07a71
8279 4 9121 05b47ddd8718eee2359d09a68b073b9956189c6c04191a9cc83752ee9a62fba9
8280 5 9572 f2133f3687333d03b43e54d6e62156e9897b4a1d65695f22f9395e30bbf5ee50
8281 2 10726 a20aef235312bb72a7a3d2c49c59a3288c60a934f9e23dbc75033412c0553ad5
8282 2 11295 6cbb79e7bd0049729ee627172dbe5c8f76b9f06338c32944f92f5709cc1c7a24
8283 6 10749 b27597cc88a2120150a333748eb7c22f9dc48e61ef957646eb24d5c99e8529c3
8284 3 11693 86010fa597c145d9fc90143bac2489ee91c813aa682ef05d58fc8a65fa523bc8
8285 6 12406 7739fde7c4a733a246178535a661080dbe999e19b039262ced00986ecbfcbcb2
8286 3 12695 ae32e59ec00e9c63352b2e39695094057f59344505fb2eacce8a7ee1bae9ef4d
8287 2 12909 8122f5eac807cb7262abfaeb2df577bd126795dc8d8be4fefd8be8d873192f9c
8288 3 12694 0188f62ebff989ffda770c1ded69a54e0fee487eed763cb6fdcfd1325451ba0c
8289 3 13647 d70672c527de959c7731dd625315a49755f251fbeb0e490958cb467fc7f7031d
8290 7 13589 0e8d0b1fe4511fdd1e6ee57c0efb00d5bc9b3bd7e5c07f389d86737e0ad46dc9
8291 6 13636 c94d593c6954dfc129daae2aa6205b5427fdecb18e6bfcedc0d0b6e647e165f2
8292 5 13685 48c865ebe442b75aa20eaeb29ab513a323fbf29684c7464b8a861bb29b8c4368
8293 4 14164 bff7097e1e75f5938b38da2eb928f95dd5ec475a799d36abf4c8a1d8bc7434d4
8294 3 14114 5e84d9dbdedfd95981e965162017e8444fd334e4e9a33380911a85dbfa8a642a
8295 2 14159 a17cf3fb17a5235a837aa9ea7e41c62188349b5ad6ca25b5d436d567ab58f4fe
8296 5 14805 d5540ed5295308fe71b550022a00e9ff9d74e3c3ffe6a60043fd6f42a30e7229
8297 2 14459 aeda01458371218bf91ac87948496a612a836ac9f026077b4752b2c9bff2b542
8298 2 13971 7811ed74c90272747801ee74475cc244972f96ea17f113cc81433873d86dbd64
8299 4 14453 ec05ba57ceb491db58a694bb0e9d5cb78f7931c71f3ab3be5ae2bac3861ad55b
8300 2 16301 6e71cf3ae1c79b9e47baab57fc9944cd35f70b71b80fec1b81e17b33b07bdf6e
8301 3 16799 9423acf75d6a7f22d93e462d3dd42d0a90b4e5925f8c0f05f6462f8681728842
8302 3 16801 8f867428b4258749ef2ac44ba1b11983757df18e9c6424e55c4117ffc5a28784
8303 3 17754 01a820a1bed4df4659fd54ea4881f02266a5129d3caf09f25fa0080ab0f13767
8304 2 17801 7cc4975bc120bd3ece4e0a999f56b1ab77cf378312ea5c40a9348fa7d8641b3b
8305 8 18031 343f9565c111e79fe8f6eb4a586068a0589146bcd453c7d1f94a65b16a66c931
8306 7 18081 fc4f6158da95e6b2b1494536a7cc58a9f5204c4913ffb28c5b43f0aa27dacf55
8307 6 18130 467c7ca411367bde1bc37045ebfb5ed1c86280a293b1ff125b4dd034ad3cc38d
8308 2 18739 05366670920f9e0ede313d2ccf4eedf1666cd522fec560a69f11d9b53c7f4b51
8309 3 19072 21d40b40100e280233d9aff291b0c5fecd8e7d1601e771338b37077e77eb3fd4
8310 3 20025 f39de913af1cd131e6f5efd165134f50566c11cfea086e2a85e91974a319fc32
8311 2 20240 b0c949195bceb78091fdd14cd41f13236cbe3726f105cfcca5151ea5a4a60373
8312 2 20040 ac79f73b97f71293c59432e264ff83ff0f571ad58f29a72a46983d390c5bded8
8313 7 19758 f40bc0b83cc107f418d05eee1272c0c0b5bdf3e265e2209ceefe613fadbd4720
8314 6 19807 5abfa777231c2e4cf85c43aa68d0d661c040566dddfbdddee96c384753707758
8315 5 19856 a484fa23c205336dfb3dbc626836b3b727ffb0a7783f9ec026f21b14297f256b
8316 5 23225 82d1dfdd60e7c0cd4fabfc2f38f909adafa6aa8c9a8e882236057d1cce436642
8317 2 24203 8783f6ef60e4ef1b556e1d3f6702f8d1d0264fa55ee3f8d794a80ea3e0fbefc9
8318 4 24020 ec12b14798aec8e59ebc34b8cf2997415cacbd8296b73fe84e6d792c44fd6a3d
8319 8 25150 333021b05cad176bda2e3c263dee4b59cdc5e9aa2a3416f8332a46ea93a57ab8
8320 6 26288 515c4799ef424eceed59ab2d8147a9e2bb03fc2d38546bd7b323c5321279f361
8321 5 26287 a533e91f919c813e649dc0ad34a990326a0f1e088f781e1d55942a814ab696eb
8322 4 28434 d80485c9bb0c1dc442f2d6a3a0547cb45e6a313abab4ae950613da38507b0cef
8323 2 27979 92b14a350696a0bc040c5b918adce0659d40b318c6fc4caad1a3f13843740fe7
8324 3 28023 da0ab3610a9e87efa5033e1d7f1a6ec862f4bdbf649d0f63d9fb654a85f918cd
8325 2 28418 74678a8cded2ba17ec69cef36940c937eb8bf51dd51bb40a013ef57fb4424119
8326 5 28117 89ee04d006ffff1e69b87159a2dd5b2339de268b522408ac95eba4ffaed601bc
8327 3 29070 3e246c9889518678620568f086d5c589f7242f496522d361a55807a479e70ea3
8328 2 29117 20e2cbf8edbb93e57f9f58e2378b98dbf686fb4a32ffedce2e25b8ef551b3c3e
8329 8 28900 e6af545af5859616b1311529c179f15a71495b332fce6dd7989434d25840e1d9
8330 7 28948 3b0fdbbec2421a778a62115b10a6cf2e331fde4e1d7da72a188171892104c6ef
8331 4 31465 577fe0e714724c429ffa68f02a5318b9f595c2ac8440bd5159ed2fb87ddda6bb
8332 3 31514 4c5ca541c6ce332db4791c68e752531ee31f31d5477a1f72db2cbc084fd59c7d
8333 5 31994 47757031e358c12ab2a4fbc2c7f1991a01282f79f8bf2678e3996b45ae4e8243
8334 2 32448 423adf489ab12b4b5f2cb22bad68f1892f27a48062f2aaa9c0544f1f6ce3df65
8335 2 32784 39654e5e5b513474543ee7af19ac628a9294470b049a210d186a335b1ad3583b
8336 2 32710 4543447b7e205a1e4b6ee60bd9b0d8fd2a795d76b661f7fa56e55f2c1c6c5e39
8337 9 32038 49bacf8728039455c8940342aeacfb97042466c9d5d5fd7899d55cf75bfb24b2
8338 8 32991 a37d66927af26c39322170f8dbc5c9e65c08723c31f1f86c308cd780eb12612c
8339 4 33470 fb7c0d1a000b5573566b93f34b04a27739dd5c8509da889bffa6b05856042ae2
8340 2 32903 edabde2f513bc4f67076114333aa19687760c81d40be58da43d25610d566525e
8341 7 32818 c738b01f94b428d06422a7364c64d10f35b0556002e2de09d59bbaf928142fd9
8342 6 32866 9d5cb2cd0af8f42160965ce6c94b5bcbf3154350f6fe3e76e9af8d98f1784c99
8343 5 32915 8103f156d0c4503c8dc5e179155ac7a96a3e433266ac8560b11f7c3fd14661ee
8344 3 33395 9f478ef5dc4c0fe3d9ed8ad23cf4e3da2ecdcfd7bc0093a05a1f2da7a7e941e0
8345 2 33360 43ce773f45db84737325daeae5bb30b4c77e151cd27a1708673fd663c83109c5
8346 2 33759 cde0876bb2a3b99715c591baf0681c0e1e52ba889c03eb54e1b54df9f0dc2165
8347 2 34192 8963bb351adfc86640373a15616554d5c72b4bdff2cee65833c98f51b6111fab
8348 2 34379 1a0002b8b7243aeaeaba7175508d4746549fe2c7b00add9826100a407e18d622
8349 2 33857 d1d458d34689af0461f2552b0348a7f322bc2dd6a97c60383dffaf00aafddd8c
8350 2 34119 bef98290605f14f6ef268a5593bbaec9391f9e73943ab6e7df72a7fb7d36c7d7
8351 8 34020 397c8d5e46d39b37405eb202f329b201458a928b89b7f4ebc034b68bd563fb90
8352 5 34303 c082861aeb5b9099238f3a340169c4ee67700d438ec89b60945aab137761e01b
8353 4 34302 33ce8e359544dffc6bbcf639c1f25b9ba4ab3f01b4d19215a331cbb64bb5a34c
8354 2 36371 fb4882b725daf5c48f6d00d4c5ad34620b32bada940fb21e434b45633c54dca4
8355 2 36676 4e3588db05b9fbcbe59126476b1ad334fc703b0cb5811bc5edcc780858ee1453
8356 2 36373 f51819e5675e6783de5550a33b6e3b5e62a593528b739f1bbf5ad46af411283f
8357 2 36119 82a340e1d624ab877d37fd64b34fecbf07c254880e63edd38851af77454236bf
8358 2 37064 9d0189a905654a5713a5fd101eb743605b3a566c5f6dadaf80b10bf36c5a3482
8359 2 37507 5e994a64da8c7e3afe906507299a17ba5286a225c7911dbf19b3a4b7a7b53601
8360 2 38069 88eb9a48bb84e1203e243cd47df8b6a415a94e846a271ca35beec02ed5518aaa
8361 2 39022 6fa4462283a78c487e51d5bc78598cfb1fedbee0be880573922a6918b2b06704
8362 7 39001 36a769aafb5de7d3bef18ee4d15e65c81acfaff00e6991ed3229bc6aded18420
8363 7 39955 3261ccc1bd41fd5f6efa402a86edf78bbfb70cfed31412c8bd1bd69af87704ad
8364 6 40003 f5d65047ae407fe9c19ad00c74fcecf10b02275ae398987aa057caf899e9c016
8365 4 2502 0204e2f1a1b9dbd0ffda7eca35db97609e7f529ec834573c20ed5bee4c848d7f
8366 4 2500 57513094ef964627f5930551031beeb517e9e536dccd327391a37938ee5236f3
8367 3 2577 3fbe114cfda59bec68d9f6c3ffba377f34a5e34a51660fa3bedde0443f5f9b15
8368 3 2577 37020e7bbaad6c9d3a83836df46e04e5c2a0892f77acaf94dd5097b0e824cfae
8369 3 3529 39a652c097f584893d2a65595c480f3c0d081bb506338a79f1c1c9e975f8f100
8370 4 3620 60610925d692d542ec9dc8f19574961da7825edcd6880561b22141a31192e963
8371 3 3535 ec18a24f8390ec1fdcd70b9d87d415d4dcdd59389d73451bba7dd9b13da13c48
8372 2 3583 e610ed531cc41c73d80f057cae7dea8de20a41012b39704262b66bdb61a71208
8373 4 3670 b25b6631464668a667d5bab23a8f4dddbf73706704f75ae23abb73988f1ba406
8374 4 3668 8a007a85a5e9ba0838cedb7242408b7d8f43f8e94192c2dcf764f870352a1f11
8375 5 4620 863716dd1a7c4c52c4aaa7a388fba6302b726ed299a0c54419710fd42b7c30dc
8376 4 4668 9035126fe89a9ac8055ab5d89a6f5a383c01664af4542d834be4b66b9475297c
8377 5 4645 3c9480e52e1d81d7a8161d50cda044459e6b6bb568543fa639fb4353713b5416
8378 2 5124 d174380a34918aeae7b778a64ac5dc79a536fbadcd47f3ea863c15ac7a02acc1
8379 3 5587 840bbd92368135001db7e99328110832dae934d52eb0882cbfd9ea797d39f102
8380 2 5601 983502f5b0d1243e9e001ea300333e59febc8d3879c5991e3454396bc2f4f6fb
8381 2 5144 792b7c3b4f15f772dac6a5788139248a986c72b4187750930d34429331e8fc4f
8382 2 5574 633ff724575a883373680ccb14ce434553e31e6dd74233068d7922b78d32275d
8383 3 6526 e57a88b5c7ec3a809063b08dc4093b4f1cc39d613e0373561fff813f8fceea17
8384 2 7005 5fa4313e3c0a06acbd23ebd844eec6c03e24aa59d5ad892364f7fe4fcc1a5182
8385 8 7736 f657ad145e3fa2c472b72d1209b165f1b431432a5364edb93799dd7cf8fea0df
8386 7 7783 7e2c9562e72a05e123ef36e6d38d0d87bc7d89db6e49bf8d9898e4a223550fe7
8387 4 8728 66fe82bfd5a0956f6dbfaf88a729015b2e1b1555c1686ccd20618d865ea820fb
8388 2 8941 d96a79ea15a9e17c7f4ba842389564ff95f0e56686e8f2ef014190bb16cf10f0
8389 2 8814 66ad4af63a50398b1efe967af86050526d68f1f641c4f318947de11f2bc17cb9
8390 7 9593 c29a122e08b207d0fba282d4798c8bf7901d584558258e5147af6d84476479a4
8391 2 10418 ae087a7a6e785d2e4ff9bc29ccdef39dab5f2b84dc758d6eee4ab7b13d0e074e
8392 3 9742 dff7b62fa33d12478c553fc36c71778dd619dc744ad18e593c4423195bafb178
8393 3 9606 487bb265e3db24d2aee8cf20802b693a86c50c0d68340df4545e502443c852af
8394 2 9653 c58d67287820dc9948cd1b7d1f08303e67c5d08588f135ef88f3c6125d372dcb
8395 2 9654 43b7788cc901fdce066651ed53c16c41ffd5a7cf9226aa2377967b1ffde6dc34
8396 2 10607 2668eff5bb1392b4de2708a96a9b04cda5c3de1b2f978c1cd56b130a48ee5c89
8397 9 10813 4acd75269d9f75bbd71525679b1189ae21405507da3d979f6b65ec9edda09a4f
8398 2 10869 bc3bd008408ffc8da45c0c998b909367d13b293494ef61cdfe8678fd9260ac90
8399 4 11805 675998c32479b498bb13855714bfbebb3fc94af301f1fe00f594739bdfe995eb
8400 2 12018 3954b5c3538265dcd57a7f64f08a5c43f32db5a40e91f36a723631d6597e6cce
8401 2 11891 2520ed19d28043d2b65fad07f4d49b93fb839bc9e7f811d4f674981542191759
8402 2 11889 2d660cc7e42bc6badd3cfc7e669dcda5f76b4ca652588178515561c7b6353fbc
8403 7 12668 17595e37008eb25e70fabc1cded50efa6fdd2f8934cf1091129e0cf99aab5390
8404 2 12822 7e5874050f17116b8b88c96606d0d81454520c2dd62e5f4bd3163a8558c27300
8405 6 12695 73d90581727b361ecbdda7231e84dac5e93a1e147f15ed0ed6266ba5152053a0
8406 4 12707 0eef8b31e1d23dfd6c9e2553ca13535775a2cffe4fb076d3a1ea7be95c970f37
8407 2 13186 8d8efeacd2a0898d31399585a3891caed6548bf30fe1b88e16e6097f39147228
8408 3 13649 c1026120b2b7e2af5405c27b3fd108da1110e89cb1d29faecda896f8e18e2b60
8409 3 13637 70f82c0ddd8054b3f053aa9d39d45b12e16d0cbed4079804293ecb04af687f82
8410 2 13179 25c11f53721e50110c5e33bcfabc29bd2ea5c5af891b13a592ffeedbb5e3c873
8411 2 13223 b5413b5820432d6830967d975680c810e159800abee113f008a9887e0bf1193d
8412 2 13622 0ed77caaff7766c8034294a4a50b66672436c3ad9e1f48c65dc7c713ef19e24f
8413 8 13863 dcb8a085c79b342861f4a92ff0c01e3e41e0d2d91518078a577e41809e45d509
8414 7 13913 bcf60e60203a8ffbbb0da31aca148294a0a3416cc5376fc10e7570f13a5833c0
8415 9 14866 bceaadb9d0bcb59b722d244cd41afa6dd43f7f23d269bc1f74eddda20b6fb561
8416 4 16116 87c31e2021c494b73199af5186cf6506d67c38238fe18989ed9217c733b8ad56
8417 3 16165 77e960098209d388ce176eaf18d86849b0c9ba4be92f7ee7840cefe9ee0f4912
8418 3 16644 92d27075be4d149b2843f2f7af0b233da5de4497a12e883103e2ebad35fc8139
8419 2 16693 1068d584468bbc2ad8495e9ee535dbeed53869e9a2530872e02e7eede283570b
8420 2 16990 523cf4c1bf18f01f89b0a5b32bf7e3ecfa504da87cdfa33545d28c4306150764
8421 3 17472 7f922720c8d50a97747b7b65ecd318fbf78d34b38d108a6b689cd402dc460580
8422 3 18843 5daf8fe67c82ab9442ae1a428a4cc842810694b2ae2db89fe6e46da934849942
8423 5 19796 76ddb8d174c8f844b8223305bad2f8361aa01b3388f3cadb66a889ae06432017
8424 4 20674 6529b7b575d22455eea40e3e1110211d7e8de906951a4c7a793006ef7574298f
8425 2 21833 a7d2b059783d56674c6a63de42bd225c2fc332af70bb71f17abbe80c3d510ecf
8426 7 22786 2f71e7edd47dba6913304efd8a6f99a085823ba93e6ec469fd58c79596e69e44
8427 4 23364 a9ffd62aad5e968b25a9605e96e689866586c5b042bfb7dbd2a8506851bafab6
8428 2 22773 0f3e53fd2ef10de02b10683c96331fdc2256f8e59fd12e117c82245eca5d53af
8429 2 22987 ef880ee6d2f50f9a11ccc975e736c0efcae8d2a0de3d43d295d7250abe994599
8430 2 22785 0afe2b1d628d013d837e7ea3cc30bca0ed2d608e29daa8ffd2c005956b4a0418
8431 2 22773 f520f4e4cba0c4e503703559c92ad8f812e4bd1a8b87c9111edd36b0d8bf6946
8432 3 22315 8425a75b7cd1df9eb2aeb3bdcfe0ebbbfd0c4d627cd805ae1bb7fdf49e79b6cb
8433 7 22935 9f14e4133ce0a80823ca8671af3dab2644f8e7feaafe14f6aae910f8aba6ea82
8434 6 22982 5acda23c643a83fefdc0699da784e5a87202eccf5d60ef48f998d6bca96a88f8
8435 6 23935 3c87d5a1577dd2d12a689ee9b1b34c495119893c2c6257acaf3e9f02e5b5ec08
8436 2 24915 035dc4170b49d5813fecadf039f012734fed666f8d6a238c6abd014406ebcf6b
8437 5 25868 75a264b2018de8d4d41b4470a7e8fcc92da2c6ffbc53d88100edfb62bd223b66
8438 2 28052 5cb2e98b6c978afb0d58d7bb60d022b9cbc9709a6d4745e65f27207d8a7efbb8
8439 8 28023 fce16da6d0a3b9964e426d0ce9944210f578de30a8e0c1c2d6e4c9c280df8f44
8440 5 28502 e80c7b0206914f8ee78ee31edb7daf834e27793ce2c670f5dc61e98fee13d81e
8441 4 2503 26e2c99576d38f5cd938c6a7de15aa5db10f6c6225c501ca9cbe552fbd643150
8442 5 3455 ecfc25dc4538d0166057d8fe5dbdd2c3a4639232dc221662b23c879b9c469c2a
8443 8 6347 6510a2e2685bc959fc85d5162e8cf873decfc2a4a77d391640578e35bf9ef518
8444 8 6535 148811b9e0a6ceeb4776e5684b4aebe6b74048c05793bf32882878ba43316b7e
8445 7 7488 aaff9aac2c2437d4425b62d161240586eb13f91ed0b2f57264d2d948a9f63f18
8446 6 7535 3af2054e601b50b7d06b975f3295753a02cac967aa35d010d3deefa3c497ed3e
8447 2 7748 7e30fca5188f51a56ebed5677eb81a725875e0ba42dda72d930fdb45e525fb1b
8448 3 7548 d6f6f1264cde3091faa05c0bfb8df49a5ef365e47377a305469cf0ce6a095b1b
8449 2 7742 0ab1a0fa43d6abf91cecffe648bf5fc0dbd4d1dd5e3c71f6ba8121fbcbfe37a3
8450 2 7742 154054f12590b88924935ac3e671ebe205100e4e1b9143c9a0a0c282340901ce
8451 9 8694 e34d95d1936862d152941418c211a1a4fb92f4015a9c6068bd3a7d1119b19676
8452 10 9643 a8507f2442b6f3758035413692f96b172daeb0514586b4a10fdd1da14b9b2dfd
8453 2 9857 355d9659638df58421b1fcd611db47ddcafd9b7c2e0c361dcdb2753cecfd78a9
8454 4 9655 77abdb2104d16df70c8ffbd4a4dd696c42eed505da3638407e0f7ca8c28b029f
8455 8 9691 84551d8503d8be103a710de87e9f5c820955a4e15bb8c78cbb4796ede11ce331
8456 8 10644 0aaedeef12d80c0238fb580c2bca8d6d49a0e8040902a781aec4033258f90752
8457 5 11586 447fa1a1af0a79c8f257705d898d28d7de3ebe27be2fe7491b26326ca462ba9b
8458 8 12824 911034b1c3bb20ed67d7ab6eaa5e2310a931c6a038d405673ea4cd54083c7427
8459 5 13303 54deae84c0ef944b0c6736a52b78f93ceea3ba2a076da47d993295d0473f251b
8460 2 13979 af176b7b6ed9cefb03e2fbe3f0d101bf47a58cf5749e3d935a569ea35ec7f231
8461 9 13598 bb0871c9d30fa891373ba500169d3a7d09ba672e89f866488cb9d9be6e6e8c4a
8462 8 13645 778fc887ab61e93fe0b86ca0cb0c7598488c6554533010d6d4bcbafe62cce4ea
8463 7 13694 0a7c207c9a5d9527c3e743be315a2d475e95dbb98134355b332b306b769ab159
8464 6 13743 dfd08e91d16d2ff25c7ec1d4cb5010078428fa5e75471b60f68e6bf400961180
8465 4 17394 5ba1fc2072af60ffe1bdab35daa2bcb8d97315fb20d8e19d70b6396e5566af8a
8466 5 18344 c2a6cab0fb011fafe28491e1967d79503d06dafa51161b8bb8132529f881d72f
8467 2 18781 2f5e01a0df023f5d465c1947856af4eafa0d613d7a995bcd827d6073abfd9519
8468 2 18706 0c85e3e6078cff76e6b75da4effab9272377930a354a4745311e15a393eba4f3
8469 2 18705 b1cd9920a466d9550461f94b59343f7439ed043da56ae99c6a6f1b6d5a68adb4
8470 2 18631 84b5c0a9f05664e114cc647b07491e8b37af9c1472bdbf71b78cc0fa2fc2c9b9
8471 3 18430 13b747a08143d3b56f8c7c667d03c9a1e5461094d87cdbac56629f989286ef1b
8472 2 19303 8a0663b3a991786db931e781e2b94c7ede04f2afb7920496be2a47f338e975d3
8473 8 17963 718e3b9a6aeca46a280af8f1638777f1870cfc0debd83dc0a5880f50698733b0
8474 9 18916 f994e9b2882e75e8266d5f9b5577e51b8e23a86b0c343bd7ae5a2246a165dd84
8475 4 18928 5c369a3dfb45157c9969b70c7d30cfa1dbb8e8304e1e99f8bcee5b266e0b134a
8476 9 18916 2664dfd8aff200db0a5e4984c22ac767e75740d14dc0f41e169c0483e87c3b54
8477 8 18964 41fe1e6a82eac70b2caffd97027657483968b54fd7f8e7c5cf1e13e7290714cf
8478 2 19442 444bc9f222adc92971d3c54796e79519ec379bdd071e51cdc3a0ce0cada4c8df
8479 9 19685 786fb9d516733c477d756ff704f2128e6c072569eb7963981d95def291b504d8
8480 6 23482 89df6b7cfde442b0db4ad0189c169b85f47c247cfaa18d76acc780629b264b67
8481 2 23926 e617757d6bf5d21e331e9bad425bb040e0277658b84a436d53c840285f2723f4
8482 3 23460 8316e092435de5ff6072e2bb31a0d3fa875e5ca74479fd2928f340919fa7699f
8483 2 26017 5733f0878990f4041f281925ecb4b1d163a6efdbd72fe8e128fb120002e4dfe9
8484 2 25942 85c47463df5068e3c4e99482dbeb0246cbc01caaa36824d7057b5aaee5ee7fac
8485 2 25941 97e29a1ccd6389256493a30f5ad1d0894420aa82a75c2c0215c51bca9a5dcffb
8486 2 25941 903e1f222b9007e833239d699583faeb5d996d5c645456f5c34d3e01c13a7d47
8487 2 25866 a505711c15e3d73017c4344915e2829792b55e744fb26b59d8495709c968014f
8488 2 25867 df69dab93c739a60531fe7ce6c5b91d4aebfc5ee5f437be61dc7566fc2a67dec
8489 2 27110 be2c5337c711f280d9fa15923be4ad43db00b163caa0827b5fccd0c4e48c39ef
8490 9 25078 e1e93465ac4965f23ac3a1752025eb8a903e7f79a17b89fce48b1b3bf0c52170
8491 3 26335 9a1b19ae3d6d6167e6dcfdba5a605ad18b0b761cc3c40661f7b06886df22ae99
8492 7 27190 ad549f46585936ff3728f117ea33f5ffe1a00c0b0bfee63853570716379046d1
8493 3 27202 c4038732d93e2b4a6d2c565de14605202ffb08123028027b23338cf29a093135
8494 9 27681 99b83b67f1785f7a785d80a8e51ff4e9ca2d074562756da36e864d89353512dc
8495 2 28124 0e5da195e77ef3aa35a59169fbf500d4272c39c08d4bbdd37e93c1c2591a7a19
8496 5 29077 4ed037f4433f54aa362c9e838863ccd8ddc7432277a6be63d6604062f4cffc8c
8497 8 29852 e76983a8a819414ad05ac11e0f82a312fe1975aca81e8bb072d1abf1c7ee1cf8
8498 7 29899 1cbb50d74219e39a4fe7717e932bc743cd485fffdc5f98fd1f5589865dc5cf05
8499 6 29948 1c2be25de09d9da810f643e5aba116ff59ad1818b3cdb196cbddff379b08c9a9
8500 7 33308 12edb9ae1081ec01282f247bf04ca33fd483e9439f1db7ef206d0fbe5de5ed5c
8501 6 33357 9d77012c977488d166c7ce643678fd6ade656575b9b898d3685b38b2dcf1724e
8502 3 34302 02a80fdb10808c026bf2aaacd4467f1b24aaf524b0bbd9a1c012a415a0bc7b4a
8503 2 34779 2312ae11070c1ca62aa3e323cd55348d07de2827e810042fb3f286b5220be1be
8504 2 34778 fb18c43f1c604d1f9a9c9a5103a678b7943cb745b2a488b99f82482e5b3cd1a1
8505 2 34704 b8175966ba51d8f22d8a3dd2376546b770ce9ada47fb481b1bac5c871b0d23a3
8506 2 34629 8c0ed566c37dc7fbd2c7be8a91a13b79c2092bed61259c6f0c98bb663f841b27
8507 2 34554 9b1c135f7be62ca3ed1ebb5c9e859a633436f41694038194f8b439b6925bbff7
8508 2 34554 5290ccad24b6ab4fb15a3e3c384100ccf90eaa0bd7d8fe3fac50639820eab35b
8509 2 34555 497550613fa84254e550a01e74c2502d92a6f297dbadda2736bb41ac3d626a50
8510 2 35613 7fcac8d7b87fab7769a1db000efd71e0c1c1cbfb0085814165a2a5012fa8c336
8511 8 34269 8dc8f5ee3c2b6f51fb8dc23498ec2cf9e56699a44c81fcde9b604a170ad70e55
8512 7 34316 fc9123a10ba2703090697f91387cbeee5fe3a1d9f344f1ecb29c88e96651792e
8513 6 37688 71127e16f776f2d450da2224a297e7ccfce1c80c5dcafb2223fd60e4d8e4c16a
8514 2 37702 8f5bb582ea5ec830479ee3ff20717ecfeb58399b4a1c2799d8a517d354bc9151
8515 4 37738 50794bdc8b6e50ac69ad52c692e30916a69625619f61d97d2022c83eb849a2a7
8516 3 37554 db91d10869d7125120268736b705cd8b478b6d570e486a5bb43af7852fdd05c8
8517 8 38372 2b1978f64d4e5560d9266dfe936d98ea86d20ee3acb9279cfbe85786b00f378b
8518 6 38357 527d036627615ef14cf5cb415627a3bda78f80e0295104bf6967ebc33cf2e475
8519 2 39018 728669188725c0a6a0ae45a3b18dd25d80d41930cd8a0e0bddc10b74f2af2e56
8520 2 39017 03e3e1bc74ed8c65293b8a1eed3148c9191ac5a93c4ba8911c5c266377cb7016
8521 2 39017 4c53cc003afebb4124d3b890dc35ac283bcfecf887c020ef93f965d003c7d566
8522 2 39017 0a36e2695e11efa1da685b8782ca292bff823e10f5c9ad9493a2b57da765ea84
8523 2 39017 d7b65ad660402dc21ef08e429061557a4d48bda4453310ed33494965118f9c19
8524 2 38942 f45cc87529652b4797e52d0c0b23ea7ba7da91dabe7ec05fab7172a8fd544531
8525 2 38868 6ad9365ca1697483f31539a07b82d9bb1933cc7449c7ed2d7c22069c3cb22b11
8526 6 38663 26d7b519e3479425fffe77f2cce6020344f0d910143bee52dff79e6187407839
8527 10 38009 8f697e9b674233d9e5b1966979d2158854c2aaadc504887d9e4f2c2eda86d4da
8528 4 38386 55131e5708626f55e7ee79ec673ea7b9f2f3fbb9737e22579977ab3cfe0b898c
8529 2 39243 4663a4c67efe08a09269bdae5967d02e0acd047f40589ab27947b9f5732f4caf
8530 2 39082 39489a2afba124149d93515dcc217a55b7d8ee7d308aacf8ac4ace7a82e40da2
8531 3 38592 c1dba40bb6bed2b87c13224e76ada657286397e4a8eb50013dac2e16f3dfc586
8532 3 38398 b95980936128aec68a51df067808362672a8345745181dee3b068bf4632b2e8c
8533 10 38429 d6f5ae528247c5a195bac8e6043cbad22bad4d8c37fd07e890552fbde5d562de
8534 7 38908 9ab1f8a4afe6ed0b6a9925a317b14e08bf5a7bf8511e0d9dda2d941754c362f5
8535 3 38702 398594aecbdf093cb776a6386c55a6c58ede6f2bd2c8c565893548f9fb913502
8536 2 38750 8439296d700bad204581251ef4bf95ece1556c476f204a4f5e142e98fe1e0066
8537 4 2577 5d077d0522163877583f8fb57d5334f1548502cac07a54228f10eb18b2ecef71
8538 6 3529 700b9dd491d6ae8e6dda9a4e5b34c26a77c7c7a2a2f9a12f3068ec01aaa2dbdf
8539 2 4008 10379ad4d871faf6dda77e41a573959a806f9691cea07bcb037d2bae6f13c84f
8540 2 3971 b791b884b860ea1a569aa2f4f250aee20f07f24ded91424ee4affead7725d086
8541 2 4646 dc117fdaadc5c822d5c191d161d33b524e1c8e479ec17c76cd3520d168748e43
8542 4 5598 2f3899e0f8e7d13f03d3b6206d33f3b71c5f91a747b165c2e75c8f009f2ad183
8543 4 5610 2d3ffdc833f9a7b576f97b83c7b1539d710c9a5e3c6887fb04ebcb86495d5733
8544 2 6089 9a97e6c9b7ddd1352403e5e2a660e681e502c95b058be37aa3cf9a45965918a8
8545 8 6618 4f1177f0911a677b7fc690ed42124667d02a20484136975a6624cede111653ae
8546 8 7571 56c6f7b08d9f8d494bea2b025e68c64a8f15fe70c0d31be74b7e1cae703542f2
8547 5 7583 bc96a3222c87a3eeb56c84a811ff1ac2f0ce3b37988d10ac0a91b3877b8ad393
8548 2 8062 9e910b1bf1cb8dc31348a1107a78cfb3c76cc58c0bdc6c7dec6e439f124e49f7
8549 3 8525 afca7c4383d3331eb45e890fc92c740001cffefcaa78c15f73c0ecd8be30c486
8550 4 8692 68249fab4fd43686f5579fa9663daf2c78eb1df4f61493a8e720674fa2ee8bc6
8551 2 9171 1a9049897072744e75dfb8dced1b5f1e7ef43204e657449e24c3eaf8d38cb2b3
8552 9 9629 020fb0c43cb2e5029e3d6df418bc8411fa4e9b59797d042857ff3d4d1e0de860
8553 8 9676 992135434fdb94d25e497ec7f6705e59b3db22040b374a7d85d81ca75b5dceb0
8554 2 13326 3e49fb15b6693a47bed87a8a34b978207e51ea437beb444272b098fad84f0f7d
8555 2 13614 cc0547c4e6d9df94af3dde2fe72843ca702543b3a8c7da575ada7bb2b83615c9
8556 2 13540 349ca2c4d247c6c59b2bf4739af0c68a1f57a9fe4d8a6b20b565546e485fbf56
8557 2 13328 0ca6f2de9b401eb38eae339256c7414747b9a1fa58f06fe4d0c5058c9d14d0c4
8558 3 12810 cbaf34013150fdd81b156da03784223bc5e2a0725a22fb91462a0a4949933def
8559 4 13289 0acb61a693adf2dd9cb166898345b06478d789360e82771e651b0608cedf64d2
8560 9 12705 d9d4862f819fae5a9b6166d8d825b1a9e1cee6d61d343724148eff69bdebb7d4
8561 3 13963 a7dab76b217654638c810fa0bf507fa4eabb88f37113c7162bb47efdeb054a52
8562 2 14010 d38ff72dccd02668dce625d87b044f3f7c4b260ebf897ca64f046a2e5def5759
8563 6 14873 6ebf8e64398a89a8e85c8aff9f265aa07fb43cb5017495ab784ad4d8f2b50ac6
8564 2 15087 bf07a60f03556651c06f7dc80d40ec117dd66276e0f92b60f554e94bcc47c02e
8565 3 14874 e8880931e227efeb4a9e73b822f4a40d53a863ee7f8968337ab3ad94736ecadb
8566 5 15824 3de6b3ddb3c3c713eef0203d67fafa980d81895eeaa49f6bc41cb865e2a2e0ec
8567 2 15901 ec766100f9d62e1e4c36fd5b41552f54eb823fbbde53b3d649f490452ce75e7b
8568 3 15680 0979b23c9192dca5e49482e85ce7c2dbcd11ca26f50f1fe1810cb01554af3791
8569 3 16159 140bb1549f535d9638f8c7ebf17331fe9e5ee133f34da64b6de481a0778a5a76
8570 9 16650 0ed268ad6cc487a8203d54d7a575ee618ad3044a393cddaa5c7d6ce1ed7fccc1
8571 6 17592 e1a0381b5e42ba9448dfe0b902a1b50f291a5bfe45d4cf7c305c36c9064518ce
8572 7 18545 bcfef65d81f58f357271099077fd22fd0a3216794701fb2fc8ef20a21e697b3e
8573 4 19486 8d419fe9db8c73e7dd932810d9c02b4dc98126e2906364161e00dc0b6364603e
8574 3 19533 d2030db58557aa4da5f87b851619c46ea6ec055e7998f5342f7a9bd028dd2e04
8575 2 19582 a08ea6bdc620ae95497cb35f7c00c238d5f2dbdcfd8edaba934d6350d53698a8
8576 2 19942 207982dde46519f6dc1b278244e6df8186c6985d0e674826dc519358d4cacc3b
8577 2 19941 0852925746f619fdce524ae856cf65d9a3bc55a152323368e4f6fdb4e1fe4cfb
8578 2 19868 81271f18f08db4e698f1f848d7f5662b8bae05025f9e37f858a41921f72c4a3c
8579 3 20111 204525af0506ca9045badeb896dc14ac719f6e147c9e7af76d5f7733809dc690
8580 3 20123 3a09baec8c81820e2e7917fcfd456c8945470986d84b962867995701e93d22aa
8581 3 20111 b10877c73dd072c0ad8192d31978375acd1768025f9d9c148972dbe928627f38
8582 2 20159 4d4e52cbd666ee8b3d9ccb6ab967a2db33de39357f64e090ab0092e4d3e5cfd9
8583 8 20826 1d420deb7cb534077ee6cabe5000da9b089a805b66677f783aa24f139f7b1be9
8584 8 20604 4352fb9d08bb76639c786926fb8ea94aa2654c212aef05d48ed94c82b3fb3cb4
8585 7 20654 e8fd08ae8c0d6c5397fb75fc208b6a5bb43bd077d13d0f4f43403860ddc2a3e7
8586 4 21913 a8307ccc6887ae116911189bc0da6c93b30413eb1de72acbd982f2bbb338aace
8587 3 21962 dd345c5739964b7166808e423d90393221a1a87fc46c6a170c91a092a8bb7c01
8588 7 22819 e560f59dd27b2ee181ac227742b9debafd00aa443ab0b23861933be220b46ae7
8589 2 24072 4aaf0caf0dd9d6aa6d367e42f6d6b7419247b4b38643f44c108a0de247cfdb19
8590 5 23764 a5eb84386a0f0184652c154d1df1275f1bc68bf2c4b4bf40688f4bf23c1ab170
8591 2 26303 e4f3b3df923e6327e5148d5a103aeede9690e38fc2dc40f0996b857042186760
8592 2 26228 f86fcf2ace59dc862900cae0a9524b3b0f02dfec8a5d974bd5e791b168b3e569
8593 2 26228 8f697009b8afec5628096c2cdabd6f2040d3ee72db938b5af08220eb237f4952
8594 4 26270 ec7215dee0c7cbe139b1f523be3e6ca5f53d306da0d0f13e73e410fb3142ed78
8595 7 26749 d753523b56ded386624a871e6cb6362dacd251467abbd89cac7d6b3c0c26af1d
8596 3 27212 89e2a5906e542b10e123f4e6f57e8b7063c5c93060e4ee213560d213d07c1ee3
8597 4 28165 3cea64aa88c4c75faf35a47323d379fcdd5ba8c2bb31de56a18611751d48902e
8598 4 28177 0195337c65401e0bfcdba847cecff5b1f1a2bf32fdcc696b644bbf0f1ebe2cf8
8599 3 28213 2f65a29fe8e9dd397b297a2aaf63e6bc95253d31b591554c2788b74d3ae4d1a7
8600 7 27693 b22054aebc369f77408df311615265209889c3385e44cd1167499f1d31e0d8b1
8601 3 28174 77b1f5313a8b7c67c1a83bc0ad9fe9600ba41a665904e26b424c0fcfbae39b5e
8602 7 27716 7db2128d7e305274df91ed58ce35f48a5c9f6f7a272ec0cd103aeaf7455af3a6
8603 2 27832 f1dd5586fa88f567fcd045fdab53be97c0c74dddd07dd4afdd2d1ff1dbdd8177
8604 5 27147 be44b03cdbb7289ddfc981fde98ade63d1a0fab7389f3918f1c0e66c38c1679c
8605 7 27679 34ca2a1b80c7690ffa9bf3b29491dfa0790659695cff7e00602ca2e99508e405
8606 6 27727 1041de8abcad2554394f235ec67704be3cc3225ed81b960f18f4dd6319a8a5df
8607 5 27776 1488eff97fdb615c928fba6cd270823ad4daba68aa1240cdc9143ca0daa62b55
8608 4 27825 54cf400d9529b26ec3e94db2fa50f2a420b8e9e3261c2936528cf711ec8761bd
8609 3 27874 51e53f8ab92bf4925ba34a484648dc9adc51954bf6c39ea9fc42f5bd586c60ce
8610 2 28383 bdd5ba672314562ae08e0980067110684f903739afb11a26e8d61a1fefcd9a94
8611 2 28382 fdd688b171c22d4541836adc3a62ca3ffc17dd0be4db0bd02b80330938f7f762
8612 2 28382 6000e96a21ea478f7696cc5fe72bbfaf60901bc600560b4db1a30244943bb7a4
8613 2 28382 9a9ba93c9c2f8ccce4d69cf0eb7c6effdacc8397276339a4d662bea5e8e3454f
8614 2 28383 034e4bf0fb0303583fad47e4b55dc758cc790d07177299e5bbaafef7bf39f0c5
8615 3 28230 4144a7b784d4f20133d67fd6c89948508618cd672536a4bc511e6fb6a920b81f
8616 7 28709 2f09bc75dcf343c0fdfd0d8a9494cc79fda0248897fda56ec5e9d43e29f54aee
8617 2 29173 6ac4a18278f34df58df6b97cff93da9e4f13bce74f321e8e752c6bd7d67b39c8
8618 7 28715 a6b16a2c00a48ceecd2946aecd3d290c11eeab87913267d2e0fe75d0a8cc9874
8619 8 27749 2f502c764002f01aeb6d2375505ef8ad335eaf8a60b64f155527c538765263bc
8620 7 27796 3715a24a850c21f5dbbd17667db78099a726520b88fd5086b8c8a9a39a42f54e
8621 3 29334 4b311ea9dc033681167a31be3172940cbcdb48ad9541536ea9a34c0b3ca2220c
8622 2 29383 969c32f4b799562e03bfbbba6a1f33324c23d68c2a65958356c20c2d589e03e0
8623 3 30021 f658210dd7538c8d73d6fa5011825a90e987040f20a584040d134381922db0a2
8624 2 30456 b16220c17f47098c8890c223f2f0dcb96262a39626dd7575a1931404a4a99b23
8625 2 30455 6452000b6e3fcf73ed46a292ef23e2b04cdbf6b81faceeabcc3afe63f3f08cb5
8626 2 30455 8ff868b9e23c0f9e0c313c0f6a23a1a8a0c4a0545bd5bc2afb3327f7518e1387
8627 2 30456 1cd34a5a7ba53ebbb4dd2ae80b5f503fef02c732575676c59a7934df877e5672
8628 4 2501 54a2e793d1a7afc7a759112a3771cc58c4e36ef41d8cb67ee5c0a82c96646a8a
8629 4 3453 ad71a5dbff329e497c6fb00eaa803e01996c6a163e8be5f906f7bb4aa42da78b
8630 2 3932 0002b14babfc8b63c4d698bac701cf780992d8b377afc91fa5935c344c79f2ae
8631 2 3895 60e030d6a91bc141a037ee710937402c087b506bc71de85204382fd2a3d26785
8632 3 4643 e09bb14998887558c7b852fe50a3d7c7ce8e0666b762cfa89362dc32ac847597
8633 4 5595 65407d53eaa80139a85cf1dbe34039e606618f4378e3e8128faa827b617dbad5
8634 2 5607 0aeea635038d5baaaa455192eb984d555aa3b643d6e5962af201dcd3da4daf62
8635 6 5514 c7c459f0fc2bcc8b7e7dd480ca5289c2fd443c5a1511c62c878584fc27cc494b
8636 3 6458 612622bdf64bc8b15720161dbdec03da943ac7a81ae2b3c9238fddc1c75ba3ad
8637 3 6458 7b0508f2f91c7020d0c70c228b57ebd9c46296fcc38a4cdb9543dc5a5247cbc6
8638 3 7411 9f9822bd9679ce5bb758baf5c3a275f6e728fa9372d0f5bb9c0edb0080e487d1
8639 2 7458 f0d328c7c7733734e0cb1d70491d1b16e71fba3a70f82cb638296e517115d46d
8640 5 7746 3ef1815d1ac3a59085bae2854d2f14def56c7b4af9de11c1e7158b87912208c5
8641 4 7796 5d3bd82eb99914fbf4af04ce630fb5bb76cd2c9fb514a6ea057fd69d6b0121d5
8642 9 8985 6ab66e711734a528ba2d5357b2e0c544abff20a0f6871826e55847912b625a6b
8643 8 8984 97ed030e47516707c543c50017fda35358cf01461556221c7594208b376e87bd
8644 2 10770 f70cd7f1373ba3e757bf44c14b006038236c5746963e4e8b238f619253a2f31b
8645 4 11723 a54dafd8cc002c5c90d6effda3355a8819d8847116a6fdd0f0c64fb4468b01ee
8646 3 11738 e9b530fa6dc1b0b8acd973df14eee9a8bbe994d6ed087200ddb11f86f62b7423
8647 2 11774 88ecb0d8567038f1ef462393aec73d638ddafdf9d9249a06e8dc30213f6b50c5
8648 8 11616 30b63f155fc25ff8bb4563ea4928cace9a87b252a497dd6d8327d9201679db9e
8649 2 11690 b94c21d173b0a59573498c5f9e3f625d9153e855592cf45c3c13bfe267092732
8650 3 12165 907fc59bf05a4fc69841f52ee0180c5bf2415c2e1efe205673b45b4c497e947c
8651 2 12214 a8f57018208053d9dc84756c6b6a434e29bc2d82c3452da15eb44c4ef882b99e
8652 3 12109 c73d909f97a882b33cd409d30461af7ccc250b3aca23fdbefa08011ff5d41595
8653 2 12158 80d7c0737acda15e25eed1bb29fe89439d10ab59c73355b9b4661f94208082a6
8654 6 12723 9ddaba550f2d3b987e9b94216679d3abeee0c2d3720dbf3cb7564e9cb1a614f8
8655 2 12936 74e63c3161625416aa95443c32313e54ffc1980848fa9113e7c5c837d387b6f1
8656 2 12724 141a8d0349dda677dacfad3431d9f9975c5f14472c1d333b2b040f128400efa0
8657 3 13677 80d9674b8175b9a76d84f26b61861b76fb6f805bd945762c3d5d1f6e102fa7c4
8658 2 13724 c699870d40fd07f8ce7dcbeefb44776a7f6f5946c1831b987a90713af6bcd021
8659 9 13660 07122059cb07459ee5de465267d78187c7abf5f67e8366435915267ec19ef2f2
8660 8 13708 ac9d39b30a66c42dc4f3ae076a269f3173b06ac6536e053227718d4d36fdc576
8661 7 13757 b900e3eee7b20ce00722cbf296593d1b384c32d226cfe3a4962ded142c1a4835
8662 6 14698 0e4158ae2d35a0683c4272712e35bfb26e239220ad52ab9d79576497cb2f4ad8
8663 2 18348 4c2e867b1df8bc048eb01c9f2c03c8febcf92f4dd7f78c83f5d0c29456af97cb
8664 2 18784 adae581b1e540881d80d5dfa8e3ec9cfd2760054bb487f6b3d5aee1c1be1d5b2
8665 2 18783 002fee11bc33ea1d59cf6462a93dddb3d6dda509881ad81b7674a051c8ff9f54
8666 2 18709 2b2738a0d1ba0b13bfa3a5fedd8c26077e724be6fd3adbba47099d7c79c514d9
8667 2 18635 d8bebc65b02165ce03e3a4a8ed8b711598969291927011cd7cb128e91ec37cac
8668 2 18348 f640ce3323b4638c698a6e0599875773691fe2aa843e86b0f1df4bf91014fe80
8669 2 17921 65f78b66048c8b10f78673c1c929888ac79fb43a3a8d621fc4f24814ef54c5ac
8670 2 17921 454dffe8ced557ce36579963d42788b1b5716673b1ca78abe8ba383fd24a6efc
8671 4 18873 67243c5dc9e311f6ce46b93f5c0bb30a157c66f97ddc12335db272df6fa2f67a
8672 8 18720 04df46c5d1c146bfb3eb6b19f3d6f033257785bb3334a19a55a112f5dc58281e
8673 7 18767 c594e908d0c49d98663bf49e550e0c0aa6e8d1fc889e2656e4e52e54698d08ae
8674 3 19252 5d80c01e40a33c20e649a16b78924b93a0c23c031c6afbfe269238634e9c8a94
8675 4 22565 a248dd85e8c5b1964cfd4b5bc758f7de2c884f94227b3c967ee49a05760228d9
8676 4 23518 5122f7b93eec2793b67f5170ef1c5c8124f1f10b0614d440fdc5cd7000ee07c3
8677 3 23567 cfde5e145da6862173b423f79120cb4301e9147905fb761da1112b75368353bd
8678 3 23967 7ebc5b1eb451c124ace0e169fbdc1a4153a4f973173f42c49b0ae6b13cb602ae
8679 2 24013 f93406f713a3c099c1f2079d3cf5617fca6114d67e9e7924babd286213aa248c
8680 3 23619 c880218f71e1aa85b68ec47b97c290d74a1b778e7965f173144bce23ec4e4f71
8681 2 23665 142208e4547fbc555c0a5c599c5a6908bad5921abfd5f21134220c94eb70096f
8682 2 24371 210402edd0d0243a002ab79e191d73fc2aba8f8ef55fe9c1aa3c4c892187a14a
8683 8 24855 2959dcc06fa021d1eb53bec4eb63b1eed7bfa622528994c6a00953eac08e294c
8684 2 25054 f4f849314cc1bbe23467a60ab9df2675ee18bab69a65e3f9d27e479c2e09e695
8685 2 24980 c7db4e3664b142549d4c25a2b8aca688059d436db730659c100b3a98baef479f
8686 2 24979 3a7268aabb86b04a613378fa2be9c1d35245622182696b076fd60555fc0a0563
8687 2 24979 0b7d1820b22f11ce5edd148226b919e2365bae65e3a3ab2d24107749dae78723
8688 2 24905 cd24b81be40cc6f7cd946e3a352e8c56bb52d744ebb228bde88e8dcfb46f89b4
8689 3 24038 958ded39c5371f5908c27b0b929ab9837029c6291b6226cc7f90e78f21dad3ab
8690 7 25774 5ec3db42677f5afe5a4d7e125028444a0e8ec35276f7de29b8693ae662c30b45
8691 6 25821 6f34ffd539fb271cba932a7928f9a8508096e2ebaaf1ed5e49b1639a3170a3fe
8692 6 26771 1a6e262d17eebdd2764ea70528dc90be3065f382d946abcbbcff90dd0b548aa1
8693 5 26820 dfe68fb2aa1a846fa8630b953234bbe453e9eabe83ecb3650e8a95da3e10becf
8694 9 27300 dca13b02fd1d373d2fd8fc22ab036c27c9b91e73b4443c799b02019b2ee1396a
8695 4 27764 98acb4519bc31f2290969b9015c6667edf9b1c80fb1868655153441fc4a74ce6
8696 3 27813 b877f04b6e10a605cf78358dc458a4b607e8cf36b1f97e134353ec21ddbd9e9b
8697 2 28397 28d9b2e800b9be840198d137765548678c94e8f56437f9e07e90d1c830ee3678
8698 2 28396 b61a06bc0b0d7534a3c801a5bc5057e53f38c023dbc3f751210172c094858ae6
8699 2 28322 828e2aa3e45fd020c54854792f194967786ed1b8837b33a71b481a2e34304f90
8700 2 28247 914255659eebe9ae250efa9c8a2e75d34f58ab1ebd413bbe13698756da80d7df
8701 2 28172 0d2514a5067bb239ae07d78be43d675f97c0f805415445c2ac51d11428880995
8702 2 28098 17cf395a68d091dc85ce63a51555d57e4f1d944cd2649ccbff1c630930041ce0
8703 3 27898 28440741738d9e4d1199d80fdca34d03b43d00253b9c1b7c0d4bbf0cdf091f9b
8704 2 28819 fbc25879786132d6d2795e56e242340c6474da978a1ed17d646198b06f4cc114
8705 2 27945 3ee75c528328d0aea8c7ac3d07b8813e60161c4cf2fae2a57af368b9217c8866
8706 3 28171 f5cefd729ee0f61601d06af05e8ab52b2f2fa247ef9fa239ff4523673a62a4e4
8707 2 28385 f0c21dc954c4a605b36df9fe043e7eac0bc99c762b6088e144d6278078c868c4
8708 3 28256 4603a5b44b18a7d98c44f28679831a22de67322fc7c3e2e70e87e1eec4db98ed
8709 6 28968 380b7fbc8f10a37671edc9f3aca24e1f51b47f4ad0638504412fcf337936481e
8710 2 28908 d7a39a9c6f5c35e779e515c2cf916d22e91c02ef1f044dbb4dce5fe94e2a97a0
8711 9 28219 05e6e5a887d0e5f22c3d2ca47b21962a6b342b479dd96d60d2253d39cb525727
8712 2 28477 aa747a27bdd37b42e2c289f5c2ce65ae84dbc5071c6ddb296b24d6e158b275a0
8713 2 28403 371a46e06600fca220258713b1bba5a7a21fdaee2fffc52005992d26684c6dd5
8714 2 28402 1cd039eb64110567f3671630dea503931fae6880983489a27af1b688a1e64c3b
8715 2 28402 e93780b0f664b957d35b3224b7f3439e13ae68a356f716254dae058eccaeca46
8716 2 28403 8e92ca4cdaa08f1d055328bab16d6eddf7908d58195fed21555e612b95a8abae
8717 7 26699 c251362675db819cb27d40105f6a18ad46e3addcad34c837e3997808c4dcee75
8718 2 27209 87004acc66052a40ab6e10abe27d5ed53f7ff984feeeee2d6c910aa34c7a0a0d
8719 2 27208 6cdc3fb824b827539584d2a748fa51e47d67e9c3baa53397cb9bec801c9c7602
8720 2 27134 66b733bdcf46f9d30d53e4ef8608c301f85fde3dd051cba44f4275a3d40becb0
8721 2 27134 6b74f3d706fc1942dee25cfcb0548cc99f077f5cbd036fcbcc2469d9b5e81713
8722 2 27135 0178e7886553e5e598d86c17c287d7d869df3325bf390389d3b8b275f4586f47
8723 6 26931 fb684cd62803774c461cd4dfd677c716890ddd7aa23a1ed0c49f828cca27676e
8724 3 2578 a660bd90a92e51ea059b71a9e792fa24f5b630be79e1002720dca5a4ba9a578e
8725 5 3530 c1ab9097bfabe2e1042ecb7c6c4f46352ecd8c93458315e5e27a02b2f3c2af4d
8726 3 3542 75c06bccbca55fdd1dcad70e09ab9779f2c85b28cce25d78a0895c121f6aa873
8727 5 3530 685e6d5a56eb18366832511582f5257e75d1b99a5d55d464a6f79ca4250032db
8728 2 4009 ce9917defc64190489df9cfd62acf29945865ba5b941c8297cb42a25fdac582c
8729 2 4471 b2133907065a5114830083e50740334bc5df99de977892362fda75364e28ac72
8730 2 4647 b7ffd7589df14b3e21f00d80dc59888b398d263db6425bd41c49c9054cb660d3
8731 5 5599 bfa755b3119d0ff21507d637c63ba11f2e971b8fff7e173acc2118bff70c5cd3
8732 2 5820 2e70c4ae600c4c208c91e6a662c908ae48f55216d92e672d40cf4a9344aa8279
8733 2 5368 181b40a565d9d05f43e80444bee125ec382d8f5311570a945e29000d34076cd4
8734 2 7641 071ed093a6b0ddce342a85e68e0942df47f392a3c51bef49e65f8ecf17a6b591
8735 2 7641 e5cf9498c79bb81f19f0640da06e871682bf27c23ef0a85fb8e4208d9c7c3f13
8736 6 7646 eee921e9dbf9dee6faab12122a2f5cb3ef3b67d8504a14e2f559b2c1cd49d8ec
8737 3 8590 21a6033b7f250decae443d61301e1cf890224d7282fd961aa399d20a8efafead
8738 6 9301 e2b2ce10fadbc0e249e7ced0f30980f990815fd11c313c62711cdc8fddfa2edc
8739 2 9602 2207f5e76ee669f4524630cca0be3f80a9e305a265f42d71fa445594fa7fc2f1
8740 7 10555 4617568bd9b2107587926eaac0ec1ac014d39c41cf2e4db7d554e6c5084bf809
8741 2 10769 ba9949c8cec8d6b0d5672a6cba034c849f2270fd7ace012e159633c15756944f
8742 6 10640 4833253a05c64a0cfd8f4a92ff0c3fab15dc85cf0665191c5647a3e5f8a7d110
8743 3 11119 fb3750f47fc02e43f1a95c210941ca5ba98df2bc0f2be2ddb75fec5d7079ea37
8744 3 11497 781aa0d16db3e6c1e7955f7c5329a83b44d0329971808a88e21ebb51f4b187d9
8745 2 11972 2962d3dea48733131c1e101dc286961ba3b92c081bd8f6b64254ed3babd70fb0
8746 2 12025 227aff2ea1b74e710b3a205d3cec3a204432890a239f571c0ad462f71347e8b8
8747 3 12848 ce300b678665af4a92fe02aebb5af2ae629b7347ba0aad3f2b252896bf11157e
8748 5 13800 0830ec9f1ce6d93be6b2851121044bc946e356b8598b34aed20ce9765a8a84dd
8749 6 15861 e4275192912478476a598a573c4225a83e7bdce35e00e7d07d6deb01d0e3d5e2
8750 8 16981 37c8dac68fcba4bc672f1595e4f9f3abf0673204096133e319da0f3f838dece0
8751 7 16980 ea774905b031aa35caee3f3bb7214c57a639eea80bbc12f83db9221d8cba4d17
8752 2 19062 9dc54561291e0ca73acbb5017d941649f1535bc0b173bb80adf44d9618f2cc4b
8753 6 18927 0ca2230cc434bcd6391eb31d8e091e9f7f4e8fe0c7241a2543b92cb6f2ed6051
8754 10 19880 7929b4aea3205e5b8ddfce9044f015fe8ace1d1ecf3bb244c4786be2efd252bf
8755 3 20359 cc256fcebf242f4618a2dd0b94735605925f5c02ead7df9b9bedaba17f70fa21
8756 5 20810 c2740cccd2183aa2dd02e75a8097816a3c2755d03a371424db1993e279838757
8757 4 20822 b712f3ff85752fb7b79fb2f80d7cf3563768f7cd135987ae709ec5d4ef17e86a
8758 5 21467 a787f504f7f42bc06b033db369fc6da356eb84a6cba91620ee72dc695c73057d
8759 2 21474 bcd0910b422e99609b457c25cd728bb3efde04a3b906aa086e68860e497d6c95
8760 2 21181 336cf24f0fb0aa0d7e7fae4619ea5483666280441d67142f113581a37ba85a73
8761 2 21658 59c824dd63cebc5b41541f66c27dc9ebc118cf4f28e614051d2903322a8cff44
8762 2 21711 d526282822f55041212208a37dd0f4ede6a59d5c95180364b0458156de3bf895
8763 2 21801 b2a3feebe6d3eb641482eed57972f9a5429e285b6df27dd58780b3b694bec15f
8764 3 22753 5a5fc95cd5abb3e3a3d03dd57ab1f3cc31cbf84b7bad19c7a6d754e8fa3a709d
8765 2 22800 05a9c6a380fadb105badf2de422bf0c626e85f69272cea9a41aa5182c1ae97da
8766 2 23019 5990d689db6e2038f38029752280fff2c74863536a6754c7e306d8b701a63d95
8767 2 23019 6024f1c69c9c0636a9b6ff0995a23f04d73d803430db7db6cad90c1b4dd68df6
8768 7 23972 06503be314c40c2a5c2aee4a0ca33553ddade1ed12ab44aad56fdebdab468b5b
8769 2 24451 18e4d2cc75930fb803c869cf71ff05f98aa99d634635198ff5fced4d2287c6f6
8770 2 24915 f4a4f00211bab702f24b8e2cc9f5a26db0e7002f834cfdbf8097736a839a29fa
8771 2 24457 4fc7d5ea53852dcb36bdcc456f5dcb45b3818d75d8dacf6791916ced4cd5a774
8772 4 24891 35fc6d00ecd264fcee4f0718e627ce265fb07272a8b1905166df7bb6c6a0eb86
8773 2 25835 b6350ca87927bd0217c62874dddad37eb34832e01d429e9ea55b150660e62b01
8774 2 26048 fed72e15d571007d0a17dc7a6877503f6f9b51829b4b2ac1805a2d1aad2adf1d
8775 2 25919 04c4877a263f26dd4b47a8450b9080f57541a7bf9fc5045991c937b57d917843
8776 4 26497 47d12854835e8bf724006166257a2e538c868e22d3e89e899e1ecd5196f2246e
8777 3 26919 0762d41c4ed75e9e255c8ac67963888d7d3fb5a7cfb9436f3f16bd4f59876c23
8778 2 26966 361ff3d3ea37f1fe51ed9a1a41d992f21107c081a0d8102a683c1a6770db3037
8779 2 27105 da8a732296e0704eb2af80d971edfce09113caacc4cf9b5e363513779b70e3b2
8780 2 27105 5ed0f50fb614f25b53f28e36aee9a18da70144fccce874c93ee71aa2f7c10f90
8781 4 26996 0f55298c5607dbc6e9d4c17933189979df0c1812ffe42fdd895415c5d4a4b80d
8782 3 27044 b05ad3e192a7fbb5990dfa5fe223f42f6497d425b280fbb3f138b1bdf054a348
8783 2 27045 07d77e57fc806f39276922051f77b971b7cd72c6a101e692257694f8cd97f1b8
8784 3 27998 5835a937f6b0bf0b5625a4b75f4124f38f532e20ed918fa16505e9f05e5c2601
8785 2 28046 0a04ece778602333fe50fe6eecc6651fb69a421c6ce1beb6959dde6859a8eb3b
8786 2 30295 2876c710f22de8b15a032aa9d4021937cfb2c791b645e5c023babf19783dd4c6
8787 2 30297 5283ba231061d9624a166bb03aff4140213609efdf0773714cf72675df9932d4
8788 7 31250 87b09f95dcc89be8ed09eb5b1dfc76255e6f9a4d5471d6659cfe802da03c109c
8789 3 31729 7c8ccff229fadffc7818098c03533e70bef64959f1fc196509126a4c330a05eb
8790 2 32192 c535ba36a8eeabd15f6ef68d38a2732d75897cbba0d55fc2d912a85d7f0af932
8791 3 31734 5b12a18ba5cf73aed0dd76a7af231ba7cd5b6e8fc1e7962104186d4556a41bfb
8792 11 32067 9f1690ef1613954cff2b724a65342ccddafcd1ba0476a5ac0164debc6c31631f
8793 4 32945 a185f4eb49722cb3eb6ffafd6c87c05f425088befd72e8b6c5f89a4c7eccf738
8794 2 34331 ab2b2dfd643f46ca1b75b22b845bc0190191ff2ba47bfd33ef0cc5205341c7f1
8795 2 34332 d602e053162b27b9aa13bf46237f2a85bff698a17b7c91442ecb4a4f2c1d319c
8796 2 34332 25fb4cf3f5dad3e7a811e5828c6cf274116327c70c3259c9bfa5f3d4b05fa512
8797 6 35285 4648d563974293501ade5a11e80f5fb73746342d639e9877c52073ca2b579da0
8798 5 35332 a2d3703faae033bad123735b605c6fd8e7b69f15c9f9cadb3095854db7fe96a4
8799 7 36387 7c18fb4935cfa79e7e8242cac3dd42545f498a0f1ddd2fd66a305fce82717e6d
8800 6 36386 e8dfdc286af0e343072f95c5bd2fec5bbfdcbb73669950405c42c6e265827229
8801 12 38319 93c7bc82e47812cfa5ae3bebbcda532f473d9f6703ae9a65ed4151810134679c
8802 2 38926 e51e5b9ed1d3384d6ef2d76f079f13444deb65f6eb7db21896c66c23efd53184
8803 2 38930 d2a4d51947e8e53139ab551d1a69ad464810baacf3a01c4fbd532d51be1eb4ba
8804 5 39077 b0e0c1c59604596336c74130a1261e3c5e5c23191ec605f24ff6fbf770683c30
8805 2 40359 6d42ee08c4ca9c762f4f3a07f4c71fe837e0c1a88b5b0a9ed441e8bf033768ca
8806 6 41312 6cd3094f3806aaf7943ce208a14ca8506ec07cd7efde526704e2d5bdd3d9abbb
8807 2 43571 424dfc26b738039be91cb508ba6d55e749c3a4639be7d8a578702adda850bb77
8808 2 43571 74342201852a87d802b81ead892742740d0d82d5881e2c5aeba5bb53b072a87f
8809 6 43519 bee2827a7b1b8718c686886f4402f6a34197488459db151d3fc3cecc23cf4c1f
8810 6 44232 f86b9e8056550e920288931dc24d87f22e3f534534d46d369f10b45c060a1946
8811 2 43507 6f97bd0c80081776bf33f5dffd0cb871547f2451607fa8a2eb05cecd7bb9eae4
8812 6 44460 bf3b3992375f64803fd41f9089701e9132faf76b9745400251083ac97b9f5934
8813 5 44507 4b9c9334f7b7de32267c02e9672d068a09a6a40fdc185f7a92ff458ec4d45836
8814 5 44982 8109e9db96962da3e8a41f3e8b42f8ccac1d4d65e20a6c43f3bf2f02657a386f
8815 2 45031 e4bd86ce08e1f0a89a39538e219f3595d2e2f4a82ba01f9458bb63b1380d0e42
8816 3 45382 e60ad1f70cbd37aa6cb9c5af2dbd3df5baaff0140a809e48f431391717bac66e
8817 2 46326 38c5e9685196777d6cf02c6511a008c34cb3a411d41c532c42f38612f823f927
8818 2 46539 6474aacf0a4f8dc88a140b6b94252c7a221485f6150ecbadc288f59d33e9bba8
8819 2 46412 bade8ee2c9ec5b2c4be7df41ee308bbf56db00df650900d62a9e88cbbe503042
8820 3 2502 9985db93b0974e5a8c36ce3619a70f22c29fbbdf6b5612321fc600699b9a6a61
8821 3 2500 bf0676cbe31781fd717a559cd9f8de44097bb6139398480d1c5877fb63b5d499
8822 2 2577 4f1b5673854748561d3ce09397227874b3945502ff4df7fc10169c1fc93b1a86
8823 2 2577 04854a14876d74389176a7f62a9afe7137a42ce1ba9cb1ff6f4674fa32202354
8824 8 3244 8b20cf1618cfd9534e0b29f4187e261a869409b6328679df602efa1db8bb5d56
8825 4 3599 520895a7afd3909e0653a969f2d287a4aa985cfb66efba857e2347781c8d12c0
8826 6 4551 440ed0c89d92b9b833fb55be810ce0e4706fe1d1c78eb49fafa8057e89c23a24
8827 2 5657 e78900300cef356261db2e4c05c854ccf3fa96f24db391fbdd8fdabb25d07277
8828 7 6606 d59e436d52917735759113dd89467823f9ade552c6e85c556e16da31d4a5f655
8829 8 7651 8bcf996e3ced82a486b3edea3027c12817b59f0699507631cdc630ef5d24a21f
8830 8 8604 5a7d5dfc428c0a611ecde80ccfae4659ec496147d456ba7e654c56d3a19e9de3
8831 5 9547 99ca1b7839b7e47bef21a4d98a8237c9ec0ef3a62d164a336bd44aad1b648ba8
8832 5 10026 6965b827188c3c26e51132ffe5b9398a17e9c6338b35b4e2688235b871ef3c34
8833 2 10702 ef873289c5d39dba46954b7dba5e2379050b7c000d1c713c56ed9956f0b87874
8834 2 11186 11ea4114b86075f54d62241fdb14c8076d40ba63e355a3c34ccf144807244713
8835 7 10717 bcb37f78ecfcbe7f5a592d9feeaa4d88c83e0b8104ce0984656ca80c365af9fb
8836 2 11659 92a2ef828ff9f5cf1787dbd29f16638dcb1f2b58e39b1b848ae77a8187e504bc
8837 2 11872 e24f17fdc8e741f3d699ac33fea68b78d53bfbe299549744438722ed41d060b2
8838 2 11659 2c42f76f91e843130115226d1dfea8a025a7177dd3e6d806ad4ddcf083c87543
8839 8 11587 babf4f26cd08b3fb400663827a83cf86a29bd1b5c2c0577cb494c7b4e661e64b
8840 2 12836 50b3e4e1b91e8290a1193fed44350548d089deec8fc4200c4fb5b040cacb68da
8841 5 13604 97cd6bf756f10a4b8940ad4f8d71ac0301aba1e9e7910ee5f3f8372077445417
8842 2 13817 ed9b763e1b2088cc225d432707578c69bac3f2ad9bd263d806df359e7e81f3c0
8843 2 13606 033ad18b2bfd74bd8c1f1b7b176da305fd794df7a103228f34a151fc687644ed
8844 7 13816 8067b84e2dd9d661b0e120dd2091b6fe8c023b51865d60dd91f25bd4ec4622b3
8845 8 14769 3dd80bdac9567a602247f9dc2aa097c343774c9bde9a43b084f4acf4a03a4f46
8846 4 15711 abd477cd9ed20a391f2d2f41b561ad5b5958f08dbc6f40fabe84807afcdb29a9
8847 3 15758 a38da7296672a795b7a922e91343b20d34a3a598029b304ee1f6523b7a1f8add
8848 6 16237 df378049becc94ac78f81709b58618a24b26bc810df2b04f69af153970f4142c
8849 2 16336 54bf5bf2c53609634d235a766f5844d70a5b9d9cb353c8f821c165b550dc6f97
8850 2 16902 37aeb6770ef88f7d73712a9f19e95410487cf8dd7c22a6a12c3fec57309442f9
8851 9 16735 6f13ab1881c934b19c659aa96c5a4305e6e9653c39d998ca55e73ac3275cc260
8852 4 20101 7f38a8ae5b5e2a7aa668f92cc5f6441ef4189a1bf187e4accb902d0a235a9867
8853 6 19917 a9c67b3432834e945a2ae9abffbb9a18ee58d1fbf921cfc4f8e4fca8e1d83f45
8854 2 21146 670100ce522434cc94583160af908874f49c180c1e9b88bb1ac856424c3a8e0f
8855 2 21146 245ed533ef12deb6ad8aec0a8339d8ba8728e42a30ca856826e4ce030a2f17ee
8856 2 21749 acd0fd07b457f6502229950118ce8b7f6447060444692362b14b9a4520072866
8857 8 21038 aa2ff9364f127109a40f3dfa70d19e1ea784bec761f410b9407b3eeec02af3e2
8858 7 21085 5e562f6f88a42a31d4b4599c2155386a8b484c34b446abc750a478d8c2d67d42
8859 2 21098 dd51aac491e394ff662bb28ae87250222a218d8fd51197718465ee83be1afc80
8860 4 21086 583f34c0a73ea541a2e33ceb7a2dfafbb4951873f56f720f6d8a06d99dde2927
8861 7 22036 091a08aebc13f3591b90ff9a3cbceab5c230a53c6598b9e1479f74bf7b36d90f
8862 6 22084 f0a22d23a318f569d699ebaa7c34f0c05d6df74ea468e8464d79778d479c70d2
8863 2 23026 c84d97927313e6a7d5d32fa0d946d40d3f1db66dcbb6cc14b03dd049e2ad6583
8864 10 22989 969bb1e3ff63896e81f93d76eb7cc97abd94dc89895325c3e40a71e3365b4fb4
8865 9 23038 02deb94809191beba1a8c8730401c9c545d46e5a68b059c6e31d14ab9068cd17
8866 2 23301 d9483371bf956ea9ba9dd7e521acae8eff1ccb29a50f007b3f0ac68f2901e952
8867 4 23305 20ab74364c8ff4311d83bd005c61e4b491ef90edf65442a64ebf075182c72c0d
8868 3 23351 b803c52191af5368ac60e204e3bdc3b8d0eb1c7b4a88c325595d0896060970a5
8869 3 23861 2d6477d7417776eef79c7a7a106d2f6da440ba0099116598d6770ec0e18918a6
8870 2 23342 d273c7f6999cd0464b4e895550777d7f2cdecd4cd192ff4d52a743e662ec61a5
8871 5 24118 e6120e0aaa20f1d964ac22ebc6d1362a0e600d3b7c6f7d92ef3547a62af60cd1
8872 2 24332 c5ee8a6da980b6357634a1a36714096d2e414862c4efb8dd8ad6f142661c0b20
8873 2 24685 b712e8b12d19694f3da0b6ed86af9c156c6e1e459606d1a4a20715b7142abcbb
8874 3 25330 ac50dc494dc39e9dcf78cd2a9c13d1f16f4ea559ebb5c68dd6b4a34b0c2f9b68
8875 4 25146 076b26d66085acf737978a32dbcc4224f99d49c5738b3501b0554250af3d961e
8876 9 27092 a72857ae00dc5732e3e8533f962fbd0d7271e53a5bccd56816f3eeab9d75545e
8877 8 27139 0f81783251a9fd96bf1ee918af46e2747ae1cbe09c9730225622521e7a09ad16
8878 7 27188 1ce7aa38b5429c01ccb30f7d376938ee88a3941d2a57b1a47b9c125d140bb9d9
8879 2 28441 fccace44715754b8f8887fba1e15c2c2aa0e7fdda4454fd32e9a7f9e302a5edb
8880 5 28182 1cff9828457e4841b35273f3b06d8e404b4264603c4bad56d2de99d72c29a4f5
8881 4 27529 d5269ed239522b2414f411cd3a6d87938bc05c51ca86070cd71b88c0eaa68b62
8882 2 27544 53987669f2ad37ce37375858fffcfe758db34aeead6c406efd792f33791dbf1b
8883 4 27984 c8d5c052cc26324df8892e0064457c6560e0b835b7acef2a5fe3943ee6a70264
8884 2 32070 8fbc262022cf5b5503a1b24ea322f7ac6c82e108ae4e29a4aa3dac49bd4b51ce
8885 2 32069 0183a36fb01bb2a1164f316766aac5709f0b47d4f86da7895b1709cdba1a8c76
8886 2 31995 cf9724282a687af3f7a4679679b581cb27fc8bcf8e0c1e932184a7c2d56f042b
8887 9 30921 1def8e9852f1d7f8e3cee2c256a818a14df86c038dfa856603331f863e56f73c
8888 8 30968 6dac9837e299045511afb39cf60ef212d85d9c5ff7840471424926901c781c7c
8889 5 30981 08e7cb9d3f8aef1327e1f19935e69242a8f652a41ce89f27ef8a9031a939a9b3
8890 6 31018 48fb185681fc20dfd107dd7572f973121f50d650056d480bda6592e025fa252c
8891 5 31067 923b43b27d7bf826145475fa8e5df27911e9ef49212cf636ce042191944f1fa4
8892 4 31116 eecd1aef5a3e0ca33dd53a9f1b311a815cc92d90dbccac7c106c1d05079366aa
8893 5 32069 b0d8d754bae71d442e9782c15a82036628d35d009a77b971bd6e3b6639399611
8894 4 32118 2a42e46453247ce733f50e6887ed581bf2f1ea6dccfbcab436d69b2d30047912
8895 7 31960 b4260c2f2e820b8484c5474656777cdc3c90ab6cc1721b97ea5e4e76f3713936
8896 6 32010 5c9df49b4b99178a88279b620a77fa5f6dd78f06ebd3646bd848d24f9c8262fb
8897 5 35370 74be47a017fb7bf3a9423e33b565cf0d7fa0a9b28d42f0be7e48b13852859937
8898 2 35732 8e5dcee850dd85372f48b36c3ef07a6dd92c2812d6e1f689c86252a83cb08955
8899 2 35731 bdc3f83b990f9223e45df677f41e21308e913d506603c8fe1017eafd0fcb2e45
8900 2 35732 b63012a024e112035141cfa0957222349849773749da60a1a71b894629131761
8901 2 35603 d6f4237b8f92511babf19ca8ea6bd8ae14c7f40603d05c6fb77060dfba8ee475
8902 2 35601 9cbe920479901ccccf55cc7737177341896c3dc7d09919a026fce549b6b5308d
8903 5 35368 2cb0d499fbbb7854c5636e6b62ee9174cc2517d7643822235b31da2965a64205
8904 2 37484 d46824ca3d254e7799b6641b1d3135a330f63429b95c597377b6788e35521235
8905 4 37300 ad9c3c488d397c13e8a5b13712d6c6b779efc5dea7aada7dcd1098e746ca1e38
8906 10 37323 775716c58618b70d6db99f2e092b8f5a84d8bdb7b2698031e39298656b9afa96
8907 9 37370 e6068a2d39ef42b26705eda5f42744e699e7474341deafb99b80865cd6164fd1
8908 8 37419 b617bd872687e8a6e3b74e380c9363fdabfdc7e6a0c508cbfea28657a8456cae
8909 5 38678 7b221cd6f8acf53cbab7bdc09c51211ea311cafd6b4387d81377ad1a7af7b365
8910 6 39161 001ab84ccd380d32d41da2b95d26893e43465a242eafb8892d1eb7ff205e4174
8911 4 38589 0ad18e7ebf501eb09d906d99aa49728e42eaef884665e5291e01a9bdec81f61a
8912 3 38638 e1172460ce1c161b83a8442a4a7558c81bf83ebf3aa0f87d683982effeb4a98b
8913 7 39502 2e56afe6bd414f34712ec5f03fdaf9851bcecb38f5bc105d4080c2ae507cda77
8914 2 41675 d2887d55187c62612d96b60d05541804aec08857bfb039dcaf2344dbde6af0d6
8915 4 42629 54c0106455b461bf9a5ba2e681b55c0956458a317a573de4b1d5720918b36a77
8916 3 2503 982077ff0e91db19bc72cf599aff6a81f130ecf3518320c0eca70895202f2090
8917 3 2501 c6631ce2fe327aff91eb29c3615bfdc0aa532433c46fde1a2e830fa10994f379
8918 3 2578 020da822f2c5bc265508be0214b312e6d6d5b83fafb28d441942c6eafb59599d
8919 3 2578 336092eb5dfc94507e05aff32ab0cfa51e384409ac4b1560d49aa52a7f9f1812
8920 8 3530 e7ad21e22f5718af638168d6fb431e89080a09de0ca2ddabff9678a3490d79d9
8921 2 4009 6438daf61bd4799c3b863edaa124520cad80f7590290b40ef081bf7aad7e5f39
8922 3 4647 444f0db67244aab8f1c59ebb478a73483f699e5de064fda037a2ad1840c1a401
8923 3 4647 405d2c43d7b5a2d5c045bfc059ac856c57d2f79c769ef41f2ec9679fb538c198
8924 8 5316 390d76d690edb0a118334da708f65812797a685a53ff59a14e240d123f287cc8
8925 9 5582 4a5922871b2028dbe029dd2b0aa857dd686567818dec6f66841801e455e8d632
8926 2 6061 e0230abac925904690e59efe4e08ecdf9b2fca085ae60d64f23ed7192d07c7e8
8927 2 6524 88eac44f614123877f3f225de431b0c72a3c7dee7687e2f21ce6d4d804cfe9ce
8928 2 6524 2f554463482f5d2354ed4298599ba831435cc971510aaa9e448e2f6f1e8f9cae
8929 7 7477 b05c45b1268f95a9ccd5619f228b17e823b6915177b18b9697f68a39a7fdedda
8930 2 7956 21ebfd5de5298782e02e37fb631c48154af7e85ec1b3692476cc1866e78b75c0
8931 2 7919 1d461320046adb3278ed53823e0bebefb3acdf0086753d0e2fa4f4aa2f509df9
8932 3 8767 34053f32b710375b5789c3a0eb4c97d825daaa72104ad8eb53c20131b2c9434a
8933 3 8767 33c70c5843df1648469784f46c010703bed36f2ce7c5f86b07fd8bce494934cb
8934 8 9436 3ff38b0bb6e99478dc2f31e21c1aa0c098362df82fa761e0e710b4eb6285022c
8935 8 9525 49c09d1c62e8b9dace44f9d9ad3e12896126ad2ad7b33e753e2b259fd319d7f8
8936 6 10466 052f9faabb10c70cfabfc50e9f0b51887c68e33aeac8d6cb5b2ac3b76356ea1f
8937 2 10679 b9aff88a513045a5c53b54062d742283d4021f61095b31631ff7eec0e68fac03
8938 2 10550 be131255b9724ff8359c067ecedcd51fd96c59a4ef979b4bfd9b752031d3ea71
8939 2 10513 e8e340e61d2538489d5714038b86f2ba28b462a6aea731dcf44822d0d29f2dfa
8940 4 10810 e3278f76fc2c4c1709d60eab290d7f2500f97f8ac4078c823c55a674ed731e06
8941 4 10810 19adfb703f4ebedcfd01192ccf497f10fa7e199fcfba6a05066aca9bb1e15b94
8942 4 11762 3fa9be99a723c40a122e6402e4d7b306fb42c891aff2b7935749f084bb96d85a
8943 8 11586 7df7d48b5242df8558d006d52a095bfb0a0b74e3a04c0d77e7c6a1387191bd3e
8944 3 12074 43fd4efb1cc2e73e782ff7c935bee945f18349aed1f61a864e95cdd4d9f55644
8945 6 12528 b17dea5029e9ccbd31ee4b48936a94dfadb5c092b52d113fe50b31eb98ada13a
8946 3 12797 a544b654ba58278c02a5cbc3e2d4b8be13815d3d151851ca1bcf28d0a13e6322
8947 2 12845 6b9947e565cd2ed5296a9e45b6204ca6a7b3b68e4230de93cd6ced3df09bcc3b
8948 6 12578 e4fc420f63f71773f8631df7fbdd26da5fb12c522fae3f8a9761644d10459092
8949 2 12860 8968fb73169be84a8cff344c801cb888f863ba97b4684c9f4155793528b835d9
8950 2 12860 e596792c5c011f0f022279190440481f8113e94e30bc338f5af681265ec9f40a
8951 2 12733 31dd820437961f5d95903e0a03d94ebf6b842dbf11050374eb6ae80c82733549
8952 3 12623 9022b435eef8be49da565808e1f1bcafc2d936b7bf2edf6cadf39fccf8e2623e
8953 7 12875 117caafb49e9456346bfe3cfa165788c1a698adff52e645f0300b3808420cffb
8954 8 13828 61a869e82a437bc7f562dfeeb0ef734bc4f50cc18e4916d5a9a1b12d0b9669f4
8955 3 15078 2dc8488e2aa656158c3d6e13f7c11cc2884f9c96a4340302f54cef2d28ce7edf
8956 2 15125 986ba0db7f4d853065bc6aa2c64a363887e7fbf4b4096ba35147901dfaeab9aa
8957 5 15608 94c268d5a259aad4750a58c39003f600a964790e68eb9075b372ca9c90bd9104
8958 8 16747 af354b5747d04b9711538e52fcb6e0a0a58a81dd8adc583653e84412347f7cb1
8959 6 17700 11a532e301d7f69af4b7e0ba3a6edaeaf4ce8681ac2c0e553171f980d044f053
8960 2 18178 a15c52d50bc99eeadeab4bb98b6424349cf2565fcb324f7086956c659a70382e
8961 2 18949 5fd6acc0f38c0f27396994824a6c6a7bb17178202292ecbb7d23de8ae67401a6
8962 2 19426 388bde637921803d971af4ebf062cdcf245996f6a097c79ea6966793c897bd9c
8963 2 21757 23cf67be924da30cee29927c55d7a9da876424a0f2a4c46d413579b5176f9dc5
8964 2 21683 14d07d507c83f22168fdd97bc98c5a2a6c7faadff0c0741762dbdeab860ffe35
8965 2 21610 894953153d5fde5f70db6a6b382940f375feb4bdeb01c87fedb7f28f2be91493
8966 9 20982 21d0ab2ec60ca136b284d6ca5c2295be0fce22e81dfe8bec0b81c76c995d96b0
8967 8 21029 dfc40550e3a99e2197f6a2329ade8ad6ae38eb89d69aef6c41d433db77eb3350
8968 7 21078 9df6c07622074f4675aeae72623d9a9454cdc17d56fdc54f49a60911911272dd
8969 3 22023 c118f880b5852578464d3645656a20f73f6f78690c51ae417c37b427a97852c1
8970 3 22976 4e0a0d61d54ffba9deb13016a2baa6df4c9c42d350f9858f48210e5bb0927796
8971 4 23553 77b9c61ad4206a72dde829ff0a9c46d9b094cadaa27b8ed7a5c30ae8b6b1c128
8972 2 23169 da29ae687e6c2c95298051f950f9d24853601ad6600576823090a364e772dcbb
8973 2 23536 905da1c19be484e0274db9cd908ff5f41c5cb9b263faf8a282522bb8e805edc0
8974 2 23462 f62d148f9fbc681eddd16522b8bf03625e60a03d2ba69982a643e84d9b4e8c3d
8975 2 23388 7bb5f1b29f2b260adb48ea619ef437b6e01668ecaa3319eb8d9db392bece7dd7
8976 2 23388 b170507d09bee08a85fcbe75dd5aa13a56c8e29a08712edbfa8c4d6737b1953a
8977 8 22746 aee60ef116250b347a9d90b2e1d3c5e57cd7d7d62f8924054251be42a67ae752
8978 7 22793 79d4642c5d01a00a49b22dc1b501042b29584af90805eeaf30635fef32eba8a6
8979 6 23746 51e6fd936c828b0d426758c0d3c84ed4c9a815aa5f4000face769d7eaa9ba4b8
8980 5 24688 95b7a4d54d9408a3db1c7dbb828492690eba9fcb500122499c8284c373d90512
8981 3 24673 358a19f01654f6c4dd3acdc3231619bd2f7e260cf230ea7c121f5a912dcc52bf
8982 2 25108 9bb300de0ad011c94770f32572aa0e733e74ce96517fe936623ab73e709a23eb
8983 2 25034 5ea7ccf54e861edd823942d7461094c27fb1e4159924be9cb49aa076637ee7f2
8984 2 25033 df2482426a7442b472b9d5a6779229575b1797756f70d7721c95c896dec3866d
8985 2 25034 a904127f8d2f6cd2f325b7a80270469e7378f770691f13e99379e82a296fd06a
8986 3 24833 63238c78e64ea34e707ba00e1045dba1422f7dd67da798a424b57836f4f0fbe6
8987 2 24879 067763de2112c0d47632d944d4c0377a4cc711857f7d4e40bdbc9c217c0a5be3
8988 2 24721 924458174500b936a6193bcce186689c4163002793ee44c4bce14c2a06716faf
8989 10 24981 82a60ba143458f64947659b425e9d9c43ad0522b3449a0db368d8495bee54a52
8990 2 24640 996142716a600ce2e2c4ea60d1d25f7f28227deafee6184842ed66468c5dfe9c
8991 10 25032 0e1889223f6e0561b480f83ff02e700be3467126ea219b5902875f811953d0e0
8992 9 25078 01dc1af32d1be0faf4dc76b961c5bc34d34faffb8bf20d286ba5dc7206752815
8993 4 25956 9aa5c643572eb414574a6fe1a3fd877b6e9b6f901b0b37cc8ea157d7298299bb
8994 2 26598 225254ee30d87d2cf92aa83c49bd514b0eeb782d705c09d86d29d35d6de1f325
8995 2 26304 6458b69a304aa2481adf18aa077bb2fa2aeb30574f934071c11605c24946a540
8996 4 27174 025e6a13e6d67433dc259fb302ee9a0d4e01e7b59a98b9a0bc748d88d678ed23
8997 4 27176 42580b421de4ace607628641f9b7b44e26451d625c5e57abf8413fa292e3f37a
8998 7 26784 5e96b0d5f22651c786c3fc10b3e2b1e77bc4191c90c33129494c9b3d60b13f17
8999 6 26831 33c044c78421f6f56ed482be005e58ef03fd572396e05ea9f6322ddf129e7bf7
9000 5 26880 3017f9470c1f67d93cbe2e900b92c8e780a4b4b38cd1413d34c8b3722a3b1c9f
9001 4 27833 ae833441a389de39941019b5033a974be3f621085a1e194103f2bddd45960eeb
9002 2 28267 f755df96425b9711e8695365a46dfbb22349dde075b75a95fad6f61b5fe3e18c
9003 2 28193 4bbbfd13fc0a53c147bd64ffff82cfe57b877c006dd2e0788c36c8c102bf6102
9004 2 28119 22e38de5aed2dbd3e615c5e4f0a0255d9e7d86313a371d418c3bcda9a1040c13
9005 2 28045 c042ebf39e6374d39724acf638a6de5fd39bf6b44a73ba02d7bb879803f643c6
9006 4 27846 6d6cea72b7170ef776ba01fc6f8f4e88085b3c6f8b06546a71835c54b6ceb7ce
9007 3 27883 8064887f36374e0d0d14a01a33823a79494606b075113e6afa2c07db8fbc572a
9008 2 27932 3f0c6247f4ab5255d0153c37ef0cf2bc1ef7a96c2668c3bd7c3e84513e3c128e
9009 10 28156 c36deaf0a4bf146fbe1aed57160afadea60e5539484984cf427a640de93aaad5
9010 9 28206 71a231709cb867f7626fe1e1319b11c03a8e3e28869a9dcd801895ab723ceb57
9011 8 29159 40fa1300bc95fbe405b64354d4bb98822709bb67e9222dc22ca0e8b507b6ca6e
9012 2 2502 4696e39137ea1fb821a85e3cc27ce8c27c1d63aabe88fff458f84572b7ffcd8a
9013 2 2500 a4295ca3941e151ad96218c64bae84cb7534941cdd063dad19b09ec2af3f2592
9014 3 2578 820480dc581a6b69bb61b76e1c8dc1110f1648467e969d58d5c7b8e1459430b5
9015 3 2578 15a5da1b945cea82083c789abe4fa3dfc04d25e7827aff9b41a33458fb3d5741
9016 4 3530 11843dfa98b23ecb4a447d95355b02e5a81de3aeacc2b2b8889b7325834fb01b
9017 2 4009 40c45063178481b3f32045a405c52810fd89bb518b78304c67370598c73a6b98
9018 2 4471 d49743f805e786824c2ea4d47ae766c8405b702eefde3e6196377bd8c82e6a29
9019 2 4014 9847afbfc2b3fea8ccbfaffb9461643d94fd725abdf423c6725295340d2225fe
9020 2 4632 5f2827307b44edec1ee6271c6af1a922600bf87042eea5f3ea52505d9b1417dc
9021 2 4632 8baecfd36f6e5f271a7d7825fcb25b76d03997d714047a739f1c342bcee2d067
9022 8 5300 58a6701861787735d258f34bc9253ff21c98959f93faf8a484d5cfe03a7bb376
9023 3 5566 b2b355071a78ecd112542fdfa1d94aa38fe3bcd45a909e820259ba6bc7869cb6
9024 3 5566 5eecd1ea414aeaf4bea2b70d6a92ef780bd9e0ffcbb1ad52255c95ec05105123
9025 2 5652 ac860e520bdeb3fd3a60949de89e071e78561ea4c7f15445de9308566b9c6b12
9026 2 5652 36b8d54dd244b23209ac3cb09e19ddc0a7b840527e3b63b18becec167a43f21d
9027 8 6320 3c3f50e8a91ac81bac1605b6887acec414c8791b46b0ffb9a2c204b1f8d600c5
9028 3 6674 addebfe607040477e7c26167b163c5e5ef017dba245eab7677e33d55aed6efe6
9029 4 7626 0280e52ac928a70445617e98c3a854ef69a982baa43c5148c00c1e03e2646868
9030 3 7673 c21dbeda630de582597b115636b3eb5e03bc34b11f954bdfc06b80e6485bf8a3
9031 2 9785 0a8fd053c703c1ca6ac7eef06554c75b799d33a660e1a334e0b5d14ac8e8cdb2
9032 2 9785 103aecd0f1e91073ec68c7b01b642481ae8003433ad39f1f80f0b9c048ae7160
9033 8 10453 7bb0cd92f5695ff33b0ad73684a478408ce45c32197eea25f331c8cea7038ab8
9034 5 10715 45c0541be392084253fe3cfedc028e79d5654118a50adfabdd828261a459910e
9035 2 10929 e9166fb865216dd4ee4d516ba8c89b58e377404ea0e2107afdd8d6e46f04e072
9036 3 10800 033d8a580d59360c5e0b8d5316ac521478ab053ca0f1948e13c0af0ee881e848
9037 2 10762 c55769206c32d5be0259930f534b56721171d5be33de4b8331ba285977a6a288
9038 5 11715 2f1985e91149775472a15165c534e1d46f258f211b643f241eeef481496db288
9039 2 12965 27a46bb516ebc6a1628ada31a335d5d3d5a035a1a4c02c58b060c63afd06ced4
9040 4 13444 9a831b33e670d7debef4db7388afd0a59b52daf2ece6d53331e17536febd2db2
9041 2 13493 6b148e5b7690f31ce4dd567ad619721b95527e6632b9a42e0c5d2b9869d58eb7
9042 8 15598 c8aff868a1beda3aa1129eed3eb5a0a94e3946af3ee0d5344d51ee0fc370cb11
9043 2 15958 ea7776284db983e9125c5b9ab30d8f0a63c966369b834b0d5e58b0f524c1264c
9044 2 15958 e4141ab24700920afba726fc5195e51cfa052c42bab40a3fbcab26af90d7af22
9045 8 16614 bdedabc963e15ff355f886a3bf236f2fd96bb5b443e64e0e4ef5ccda7407b547
9046 2 17065 7845f9421ca0201451eb246374ded878e39e6da09e0933c463d6e5b211072110
9047 2 17065 5a9bcf6d1a9cc8c4f1905484c7a8506792506462bd68768403cc7d9db477ee22
9048 8 17634 a4f029258c39a856b35b35852d941fb63b92094040c646fd9e58bfd793b3eefc
9049 2 18172 69016b15292858574aab602c6253e75ae7879875b9b948e933ac9d4e37ed1274
9050 2 18172 e84034696f43e3e42aba7a935e433cfe9efd83695437a087e8a236ec607855ef
9051 8 18656 9bfe125e3e8736581ace455b54544efa3762c970e6db01885a6f0481f73b4721
9052 2 19270 300550f2da89baf6cef385e6193093b91383397507057a31e421cf51c2c46310
9053 2 19196 1158b6884cb18a1c2f1eed2b96b9de63c2de115725bd0428094ffee6a969e3d2
9054 8 19648 8cbd21f0bab5012fe59fefa4f2172fd769ab251a0a0d4e4d8559b4fb3c0f7c16
9055 8 20688 0c6eadf65754713cf85b5ce3eea90f1c7b52e1a7e5eaeff841dee1ea4cf9637b
9056 2 21018 1226b2b544ed0c8a6c5bd5c555f1bda55e95286ee4a8bf510893a0574a5a0b8b
9057 6 21971 69075b77df010bf2708778d09e07ec6c59b5b17e4f8bd9c76483205940558cb2
9058 4 22450 437adde79476ec4d5a53e3db5f731ff1109713e286358189f4ecf9847d79e476
9059 2 23115 2f6020076b353bc14c967deb5082268bf6881448a435ffd89281ccdd3293a5e5
9060 8 23761 18f3cbc467ea5130067ac1a2ad3c5f1bfb20f92456344601d86cebf1697042c7
9061 6 24013 c6acc2a0ef5d05ad4b08e058f2b87ecef8819b5e3a3a5612e897e27b4c04e19b
9062 2 24227 4e2a490a77ff75ec9e0664e202c039423ab31efd9ae39c4f4b6b985a9c8f1982
9063 4 24025 7ed29ad0894bf44cdd951780b88a5794dcb9fa70cda83d363e951f8a75351074
9064 7 24803 62e0ace91e4b0206f6003e365253122a57488492d8565e4ba694cd9ce5811354
9065 3 23993 f001f1ad9ea95ac5158617b7e25508fb8f242c807d6feea082c4419808eb2ef9
9066 8 24764 37d66c78c18a7b045186821405f15e935584b02908dec450442b6d20ddaac679
9067 5 25101 2bff478fe196cc71ee78a5a1eac123b6c9a1e522e0937cb7056bd44cc0951a82
9068 2 25315 46fbfd0496df20587c92dce925c12339fced05b348c90497d86035d27c4edac3
9069 3 25186 a545acd60c9348ab0b768134537628d639d9413115659ce728686e0dc1db0ecf
9070 8 26031 dbcba66c30f6408fb144f7b2157af9abe8fa9d50d22e375ed6bad11b0903a871
9071 2 25838 2796d0daeb5325b472bcecf37e1dc4de6172f29db32d7d62ba7abefb9e54ede7
9072 3 25148 8ddfccd2f1a8562250d95f8d35f848f7f1ec4956a78f7555b94a46981cf5e743
9073 3 25086 d7c8ce32e071efb9d41d603b1ca6811957b255bc2d20282120d15a9a463e110b
9074 4 26039 7300bd4e37675c61c45c2f4b7b5489f7a12fc343e00f05b7c361eddc9de383f7
9075 3 26983 56e08054f9a83e082243af5211febd38a4746a402c82d408a3ba63afe43af187
9076 4 27458 a47029a1ae6637898287057671f9b689b432f64a2aed25aa8fafeebfdc1872bf
9077 2 27574 b656331f51b9126ea3dbdef7c01e13e70a1a49fb4d9f455c8c585d38499d1939
9078 2 28175 c6bd57b9822b9625ced541f8350bd068a1b1b3f659fd7f1311887aee15625591
9079 2 28175 211345e67058afc6468bf9465e5f6bcda25e63ecbea59aa4076eb55372a46ee2
9080 8 29127 27fd666677441d511cea1cedf1e41aacc2327e995f2994c1541d4512c3c776f1
9081 2 30046 0a3a36e461b9b6e2c3f2cc0bd9c4e9a613248586a141fefa04b0cb7e4e940c52
9082 2 30999 771a9f741096a393b8b00e524c8021eb8548ed54fce3c0407f7d58d2c36fa2b8
9083 2 31213 4e4d8167d3d3d0dc1ded0b1319feda0441417a7e4b7ecc111fcb696a545e34ab
9084 2 31011 95c8c1d0a95066f88a5d42b964efd1b737724556d3f9acf4fff83ad4f42a4c2b
9085 2 30999 fc52fb7487afece668467ebfecb80fc41ed1bc90c4fafee52ce7641f1beb2b44
9086 8 31200 f863ac8006ffe841b8753cc917795930e3d2ff77e74a9ef65968d2f6aa360269
9087 7 31247 a35dcf8373f151e0601085a71962d60c07131d72fd5c8aa00fd93a4afc1f5e52
9088 2 31065 365f6f299bbc41f0331b0c5afd63eb6b2bf077d6165f77a41419467b9322744f
9089 7 31299 6ed4975f50eaff53bbc40dfd420032cb8cbde2d07140ab31e9d4db900e210f04
9090 2 32240 e3cde29b9e318d7c4e54786b8ece7a0f17cfc59308dd561204273775416aa382
9091 2 32453 1ee5b6fa1b748e752b88cf77a3f46a9f44556848dd13d9f80057d9c7db4442d5
9092 2 32666 084a9b41aa689903cffca29fdd7b1ffc1ad0fff31570687f5997dfd8ec935b9f
9093 2 32218 ffd5220b98e6305320dd48ad96e7f05ffbd47b2cebd851d7b934ae18a93e4acf
9094 6 33171 7d2199d535d97a112b0836918316a51de134ff9ab0495b9b930046c62c97f911
9095 2 35198 dc3645b307d728a4a40ffaa0d5ec4038ef659766266bf6ac59205a4cd82fcf86
9096 2 35210 f154c4f2073ab050ba514b44dfd61d74ba7f288566b0f354a34857e1b63a3869
9097 9 35136 869ffc0723f65010de005696f1c092e18db9676375c533f4b6a1598401de9a8c
9098 2 38494 4e85cf04ffa0ef1f8f6d9da7fe2a7265e9b20e8876857dbb2a375b629ba089e7
9099 2 38781 05705431333db6fec131702c5e91e6491e842176e2c07f9fa593fc4f684cce94
9100 2 38781 200298358d829e9365a8142398dc3cee0c00dc200e46cd77af57e266bc80ec33
9101 2 38492 4b21bf841cf14b5083c0cc49de9f72de9e89c0addbcdfee954599604243d582a
9102 7 38308 05aa443f683d65725fa22cc11d21c06f30903a7ed27adf4a1018a918e08b5db6
9103 3 39608 2cb04e25b6dcdaf1309295ec853c8b57e4c49b361066ec383540d352a7df2ff8
9104 2 40552 7cd5b3a563fb6e3f8eac5243d1953cc4cca10d773467635d9e55a439c7db0862
9105 2 40765 9f6a7f6b5426556f65ae4fd02ff5c759a395a694ab875d82842f00ced5240605
9106 2 40636 b8604008fa0744b703a2a32b925af737236b04b622581b36ba05f7b368ecc985
9107 6 41346 39881062f6c62f58c57559a45e9563ff6dd981c67366d8fb85df4b912ca6ff13
9108 3 2502 ee4f957eac8a10126183b9eaf4cab48e644d7cb61f91efbab10d2541d10a7756
9109 3 2500 b14d168ed8d9b5e9c87da361c88c8512d9705f8b680a3f9f60df924fe6560321
9110 5 3452 9956f7bb8c37acbc7455faeaa4f5249d890211eb85a27a955ee2a4234f3227f3
9111 2 3615 801aaff6c3fc479ad1a34a0c0d5f2ecdbbee7807b1505cb1fd5a0e514af6f4a9
9112 4 3455 2a706a2ef73cbe19d9285b25dc069a3c781fc0ab4edfd62e04680ba8283d056a
9113 2 3934 a002b1a9fe5c17684e160ff317ff84057293773749e0cda3f8d462701b31d852
9114 2 4642 bb5100a1877052e84916f26e5c6c871d7521625ce4f18092696518376d685de1
9115 2 4396 ee61c0d122d406aa779076b493f6eba2f0b3047b4a41490f7888aec5d78af3e3
9116 2 3939 9c9d0c1730b5c2ade1181bf30cfe9b9bf82c17f5a6adf10cdf94d4a71270feb2
9117 2 4631 5db5dcc4644b737ba6eec83f39e0731f76c09798a7cb94c3cd35d7ddab291292
9118 4 5583 9dda490f1962884988ef6ee4e9501f74265dfed8a70784a307a3c571e5aa5f26
9119 8 6701 0317114807405b6a2b14aeb9221735f4250056f7bd6df2a0ab922f24949510b7
9120 7 6700 60490ae7e79b847ad19ab14f13961076da70d9f9c78080145a16aa41571ee890
9121 2 8860 ac4e21735caadcd8d70628aeea8ca2bdf2421308c6a5ee48c1a6e2c69afa8792
9122 2 8405 f3e2cf14f78ce2a2a43ef2c2c95157eb71c907e4bb6330719aef4d88ad42dd51
9123 2 8848 6dde738da709b67ebcf62bd45095c8dc1a08f1cc8d423f5a642fe9d0907acf1f
9124 2 8573 b58ae73a28d80f32754dbab1c09b0fc9375829e2a6de151a1931a9dcf60fd02d
9125 2 8573 0c4e2b1360adf11fe302c49ca6b0cc7fdb9ce4ff25f015819b5fc077716b0bde
9126 3 8634 d49d9cd963d3a0cee8533e661460a51d67b2961e9ce219a98fce26dd24202526
9127 3 8634 f2d326c6d87769a26330e102fe1bd7f8357a442f6d74ef0d40afd2c7ba39f190
9128 3 8651 faf643aea16ea71a2c472f187cdcdd5c73d0ef91b29e69b494f5ba31112676dd
9129 4 9603 8d5a05f23253a6d97e7930870629e9adb4653f94d7f36cc79bfa99499c829f49
9130 2 10547 fecf8adb03e1787ea7e3458df0b8d59ef1a0a142c5165ae0e8da2c05bbf15787
9131 2 10760 053d8a31dfc01c1c8b70be50611f52b30ab19464aa185011c1b84df0a34d7084
9132 2 10631 357e261f6d27ddd421a143f38083ee9497fd946dcdb36b9f3aff4a13c0a486fd
9133 5 11275 0c0d97d4b5a833380a703fa3ffe8706afaa5ecb3fba1d8a9e0617cd8b6ac3d53
9134 2 12236 75d2804aadc2eeed2633e013eabfca7effc0c87e98cd5d3a98399e646e9f6bb0
9135 2 11546 b4ec543f288fee5fd15d1899f6affc10e1c1a5fe1493d0847bf1f9f206a1534a
9136 3 11801 b264ff7b9167fb12b859e403176ecd1a7d1131e5095688a36a32c4fb54860aab
9137 2 12753 1c7c5ba32d387ce13213f95bcc14129b8722a9361e09dc334a5e2c15da3a6f8c
9138 4 12683 311d52a43fdd95fceaa434d85423594083d211480443d061bd9dda9b6138037f
9139 3 12731 3416ae0daf87e28f959123ccd72544f3ec8720063d7a29b55a68964e3693de41
9140 5 13684 5fdd0fbc0b50c5b259a5700b2f3582049135f34063178dc2f780c49c4df5b4f1
9141 4 14908 595ed6a4d64b7d57d74528342b72c89cae2316108c61c916a888f629708aa9de
9142 11 15861 8194d52d225f49220b4acbaa3dca9cb43237ba2782867568442c916320c3af3e
9143 6 16873 d96dafe514e8bfa96a35668451e0f08fbd3cd0fcad2f441f5da8337bced6f488
9144 2 17903 47efa10fc9b15e8d276bbd7e52547119fe5c893a26189952e77014bc169d1028
9145 2 18378 1bc8440b0c3e2eb5d1bbb64726739ba7eb8e8c6ad4e04eed47a77a7dd5b93281
9146 2 18427 0e6fca4311a66b6da0f3e2117cb25e41e4862cade28b8d09c8d1d7323d472f31
9147 5 18778 ad247a494292c507754518cb56ea916184c2fd7c1b14834a1567f4c38ef12965
9148 4 18790 6130df711fec6b44fba8c64aeee4868ef0c79036374b09f5ddd515bb5984909a
9149 4 18826 2f2488af0b534a55a33d4d6b883a6e7049a95967a8ca4f693d84f65b79d07a7b
9150 2 18914 17da0d572d2c42a7cff451024e67539949084a70ecf27e46a4e282d343b23372
9151 4 19866 642c0eb31947ad38390d5d3199e6d467bb40ebed2c1a4b671474c83fa37b172a
9152 3 19915 fdb7fd92b5c93036eb6b2e473aa8813792e15c3a8c5e9dd1da31ff4b7e795635
9153 2 20394 3e6ead76061de524eac7745e8a3002c8f54a8a8e00a1be0d288ed9d83f099fff
9154 3 20220 84422c85ae741b13ab7e6a1e46199eb3d97ae425fbae5354be8b0bf31d5bd60f
9155 2 20704 953a7647ce43174bf63a95bef581fbc0b6612df7811c42b5a3ade69e0a0be09a
9156 2 21159 df87fca09518ed2d2437dfc15e4db307021ca8c4bc2b5bded4149cab77936e07
9157 2 21837 6cb0fbe5ee7cfc1997145d5a59904e192267d21a42a16ebf826f20a83e2f7394
9158 2 21849 f18f763a697583052050725fb7c540979049eee9ccb9ef94be01844156e885ce
9159 2 21391 ef8034303b1772672a449b1dd9d9ae120d2025ac98b98f4943f8201465cf61dd
9160 2 21431 d1a9042f39136f29d952b31c1668f80a36fefcfc3910b1f7473dacffadfbd91c
9161 3 21852 fcabe3b16a017f6a2d87a5e1e0ba8ab1f09aec3704d5286affc06e9c0307f860
9162 2 21513 23cea1bd9825283c04b02482debc3c151e1acbbfa4c7a1ef659065127117b355
9163 2 21845 cfbc5e9d2dc4d4bcea5343fb9529a6f7b490a77503fde69d4b1889753063e12d
9164 4 21898 c1ec8084291c4290cca50ab5fcedd3b902e490d4d9577b608ed3cc554e4db85a
9165 3 21946 095858fbe28ef2d8ab243a4a6fbd82ded6c20d87e7053ce4ff2280aad2ef1d36
9166 2 22425 115a89122c533a0a959a51d635082d2ef50e6c7c354b8419ef4b92955164afa8
9167 2 22889 76c7b59ffa4147966b1b4bc157ffccdcba24bd6fe74e8a0c6a5cf7a9c669ade0
9168 2 22431 8972b5a976fdec81c72e2b048832ac87f58cb4c080d1b23227da6cf6a264f2ef
9169 3 22940 ca621f887f5b326d74bebb1522f2f52fbcd8d9d77f15f212a341231313f8d497
9170 3 22952 280546a61c46c29355e6b01143f3a6fb6e206d8082933bd9ce6eca18166a43be
9171 4 23017 0f612da998e7acf828261e0acb07ab8615d82dd5cbf5f2a4bab33bf330252683
9172 4 23970 8dd6beae47bebd3f51ce908f153c495f9f5a5cef9ecfc498639c70bb1c139aed
9173 3 24018 7f3e770d8b720a78dd7b76afb0c37b076b1e8928459b086e18bf6a162e6610cb
9174 3 24031 58a2273228ec75492eb3e60953411b7e3f017e6a332ad5289e0c5ae6cd5adef6
9175 6 24052 eeaf87d4a2c40741b6d7d9b16c74a894ef7eb487844f0d6d9ae8c80c03885364
9176 5 24100 468b209a073c6e562f02e1a3e007b45deda4368ab84faa02b567292165440ba8
9177 4 24149 e0b3e432029cb2ef779df041baaddfad300fc79856b7ab8e95dc4edc5ab7f0f5
9178 8 24772 55f860548f7c446aa1c4fb183e991f9acabe34629f92f76e0c8c4a572085755a
9179 7 25159 293538486cd86d4086b269965eede76cd1d8cbc34f422b629d01158fec9acd04
9180 7 26241 7d1ef715f5a4fb2a3af9d77af7c9b61efa763961a91f87647e9d284769ea2186
9181 2 27200 5f637d89077242427a3251d8a65c536bac41e4837b44098b2be805306ae3e656
9182 4 28153 3c1a5550951dc3de57f180ff6d9de720a6b918875387e8449cc73f40906a1e81
9183 3 28200 cf0d4aea4f477b6b0f63b0f1e288b670ef158ee5b3909e677471fc00e5db36b3
9184 8 29324 5229cb2ccbfb74b4b5b6eb1b30e7c705eb3b2017cbdfb3d3ed4e5a47e8dc7fef
9185 7 29323 9d11458c15795daec255d7dac6f125b8c4a02bc994c959a6af38383a6e2021b9
9186 2 31294 9b29e94346addb7efd240e158998ca5fdd8fa17ecf4d415a16d15ec9bcff7288
9187 2 31294 ecc9123fdcf95f15587d51c21c1c410aa10878a6e213aca58ed06696dcdeb286
9188 8 31963 07474ead639c45ecaeffd3ca980af19e7adfdddec43fd72eb92c144f74b36a42
9189 10 32230 d455ecf747eb9dd2ea9d91551829fcc12a275e1bd1ba6bc1806d76df89ed947a
9190 5 32242 28e9e7ca5d5a8ed8d3e8835ed80e708e2d8fcc50d33f0fc6715607e72f700d45
9191 7 32278 909610eac6013b142fea1d8c7673e7aa7b334d4bfd15952c674461eb9619833f
9192 6 33293 94f3721a2760a58fd0632e481f7f8817551c2ac2143506a31a69195bbc52790d
9193 2 34624 2af7b8866e3585f2c66a9e5d80322dde92b1eb7859eb83f823bc48e2e508afc6
9194 2 34376 abc7630df95ec128d6515457f6876754156ded2ac5e728ff7a204b96b6464637
9195 4 35328 060f7e5442917bdc6dee592a8b8f7c8cfb97825fa8d27b5f13f8c360f180ffda
9196 8 36450 0a019f9308743bf00c904b99d9f946d3d14ceaf905a3026fb10081dd8c9b42b4
9197 7 36449 38f55a5d1704c469d1f0e9845e60a0d1fbd32d7fb79aba17146c277a2698d47f
9198 2 38605 1f08d6257156aab93772e74d838a0371d005d09c6d2b77162ca1ed591ac2c810
9199 4 37915 f2a58bbf3bf350e6da800a299f37e286d99eb7323e50b3445ea123a73ae92466
9200 13 38492 7d54696500337069702b326b8c176f0c40c91501a8d3b916b6b30eb63dbcdd13
9201 4 39436 6e6aeccb088989bab00659af37832be8feca74fe43fadd37d554444f77135db0
9202 3 39483 d4090fe9a16fc39de8db6e18cc97e79c48ef2a40cfddd00550d0eb879566ec74
9203 2 39770 1a05f6f288b1636fb017d4ca488112cb8e16da473ed1c3d3bcc5b2cceef5fdbf
9204 3 2502 68b1a37a197b6927af8087fd6a6a0e732579fb1e89e02021df8621efb41a003a
9205 3 2500 713ec9e8b871686cc8fcb5c7bbd75b56e736f3d30b8f5272bdcad720aa15d272
9206 6 3452 4d9de626cb17bf43a1921b707543fdd3ecf8280c273852c46e9b668d4d363489
9207 2 3931 fb22a9f1f3e0e20ecf615eb5ceeb023728837057bd1a143d1e3d4d68fac5cd77
9208 5 4642 c97967e020f8220e538679f95e4ff5c3ca1b697c164e6f7488cc96e9ec377329
9209 5 4642 bd58e9b47ca4c135aad1df814b7ea65398f7d2ac4554df80dbcf9b088f0065ce
9210 8 5309 2cefebedb4dff266dd5130e0515c83af8089937571c1afcda9fcd325e079603d
9211 7 5506 4176966ce969c78784c76db2a854ed3f2406db5bc24c6b3ab39b76bd62793b9c
9212 6 5553 c1555710619973bc98613533269f891233696c67ba2d1951ccd95c9debfa16d4
9213 2 6032 c93a9aae6b726dcdd16769151b29e5e80924ebad0925bc9ae9cc9a49d5856b31
9214 2 6496 052d45944e93d9cd379a5c4587e77b88c65c9e46f557c48a9d97ddb726c26dfc
9215 2 6498 408017f8a7c05f7c2a1d8fe37aeeb6fe829316af5f72c02acd5927b3e7557ca2
9216 5 7451 cb7db3af0d35b9ad288156ad35f0c72ce7e5f9fc2c7ee27c8ba72176e9d9703c
9217 4 8763 6023a65e6e0bc6bfe3fa0e005e1eebe7b175c5e438fa6483a79bd5875cfed481
9218 6 9715 7045c0d5726311f7c67b417e2d2a370ba25104ad8ae4a18877d622390b819ef3
9219 5 9762 a95d7f29c63e8845cc93c652812d2283f8812a2b607ce6b7776fb74a222edac5
9220 7 10504 954c5162c7eb3b87cb5c0308c31b04d7d8a867bd13cb5924644fb04bf5367c47
9221 6 10551 aefe887541e526036a229e4c0504bbd057167c3b2287a1beb523b78d21dc8117
9222 3 11801 211424bf53afec08cc4b9b1ae9200543baf94d42fcb522eba5ea3515f191c035
9223 2 11850 13fa8b1b7738ce9f8497af91057dc06f2261e5016bc26c88ddec86c2c7812316
9224 4 12571 0357d45f335e736c8571ff86a934452099f10c08fea9b28cc91cb9713160e5b7
9225 2 12784 e55511941152cd5c99805538225f80cc723fb734639866655b2483d070adf6c3
9226 2 13364 66f4568c6592961c12c40dfcf5fcf0c95022b75cebce17b489efe33b291eeb6c
9227 8 12818 e25e91b2632e1860780a30a84a5b54c3d57fc6deb28e0379c439120faf897d21
9228 4 13759 122d88eff972beb03ae215c4df0b4e779adabad8a7b4799bcb1c48b70f0689c0
9229 2 14045 adb7cc6b076a01b26c16aa994d5cf4b47bb4486b21304927e392aab718a802d8
9230 2 14045 612dac8716fbfbffd7ff4611075cb9f2a8a867601cac5556e0fb14387604cd51
9231 2 14029 49e42f7d8496b6c8299b9d3a903887b421e5160ce4e43693d04e63735f48266b
9232 4 13758 0c1acaa3697d81cae44a1b3ee02a76b5bba26bd1a30e1b4dd561f733d3d28377
9233 8 13593 8800623ecadfe667fba4b1ca54e602d492e7ca946a793eada4edebe93a88e67a
9234 2 16960 8a8a1f4bc0b5d86751f2b9fcfee12f9a3919d18bac1e829e6590d8b62cebf2fa
9235 5 16776 c96900f4081a470dc764e0bdd89efb7c05245402d1ffb1085dbac909bca8327e
9236 4 16823 79fe9c1e41c7847690961c96bf1efd66f28e63bdd97624a0c46e93609d21ca58
9237 3 17334 9e8a81580c1861543896fc0385c3c097509fbb015c7e6b91c01e34ad7c86bff2
9238 2 17097 439da0aac9b19f8f7e65de618a22ef2a01c46e6fa0132479eefca725b2b91f91
9239 2 17097 5a34d629756792046fa08153e26e3f91b4518c28c42c8cfc5d44c37bc565d426
9240 2 17631 c121492ad2698430339b99f18f8a102d969fa85c2c175d65d50adcac3e375d4d
9241 8 17135 a4a7a98d749d769591368687bf4e67dc2102437d00587d0b90e3f3ab89e80e24
9242 4 18078 834fd20bbf7ed5034fd56c65e4dee868270b75be4c98c095dc83b5fecb961c20
9243 2 18364 5c5107b7422c8fb8a68edb74c3196bfa6927536def7a42e58bb03136ed26bf05
9244 2 18364 45a202afb42ed33739804ad065d5bf74e4edec92b8d2a518c750b17d2dd51ab1
9245 2 18561 6e5a7dd6004781d173875ef5e5b12ca8b9e1f48063f7ff807530a969cb6ab555
9246 4 18053 b57854ec7df89ffec382aaddbe2fdc6a9795f4d122f605aa213ba76ba99c9d3a
9247 4 19006 e2de8e9866abbf83506d5574e3fcd29e96d25c62159e28828e222c6beda8b7a9
9248 9 19929 e5b988ae3f7ba766c23bcc25620f7832f14e1e7047798620c26893ceabaa2cbd
9249 8 19976 f9793cfdd08d43b558ce377fe819c14fe4771e6581838088d3af4ffbe17041c5
9250 6 20455 a3c532fddc6cc2b13aac9d9bad314837dced334e055828a728211d0dc46ff7e8
9251 7 20908 697e03a24623d9c9a0ed02a9a9415c683c3feb46f0de468f026b046e46057c5f
9252 6 20957 62de906a478e4a211192155d5c82102a4b1a4e8f246acfa1216abea4348140ca
9253 3 22210 05179375b499ea1317d301b6cfbf1353e2e54e691fe92cd404df69d0390d0a96
9254 2 22259 6b12462f4ea06bc07876c95ff5befdfdbce7b28015c0ecdbf5f5380c6e6e8fd6
9255 3 23166 c6cde3a4b03bf51b0ff89bad8e06e46e95a0baa118b04fa55b9ceed93d6aeb72
9256 4 23645 5e9d8c5358156be5f6b38777464fa58f30a3dcfdf305dfa93f729c4286dc1058
9257 2 24322 6f2d411fb93e2a1d26c391e857306f5456afef4d7425428c2b4f0c0a6755c319
9258 9 24108 974820652345b6334502130539df849d0cfeb915f063ab9d8c1972af5961e9dc
9259 8 25061 607c50d8c23dafcd655464e3fb5c852dc65fe8a73bb47aebbd058c562f0ae01e
9260 7 25108 df8c6fc069dda06d94e28f135aee52a5e0d6ce41be91b9d7e439e2362e5a689c
9261 2 25320 cf8e6a0d57a3961e93196a6eb9c38c45c86da71a43396042b96d8235fcaf97a8
9262 3 25121 2b89ed8fca18c88483b0b5fe28cff6edb670c925782dfa89c126d3c8852c6322
9263 3 25158 685d5a93ba6981d1b0e386308fa350c7e9f97979b61afaff7a3cdd4130f94ddc
9264 6 24683 2e5e824968c2138e0b7737985b7280e72a0451f919c0aeffaf6e288911c9700e
9265 5 24732 16bbcb30a27fc8b9bf246f7b28513f0c53371dfffe527246f87f5677332f353d
9266 4 24781 05b8fa2fe23a255cb2faac2a40a9647ff67644afedb57b4c05be9e7cbf4ff0cd
9267 4 25734 fb6688a382004a790f64f50bce0eb95c552c0ae6fe269052bf631b111f5d737f
9268 2 26321 88a9192896bfc8fe42a807458b40854e2a6acd3968f70dc5160a99869f90f598
9269 3 26985 e5ebd6579fc13dbc36d8496a9d5e383c18832b634b3656808e2bccdac4a45089
9270 2 27034 475400e51510fab2c1ddb165161fee196582c663aa2a6cd094d604e89f14ff32
9271 2 27461 a59b478060941d4130e58a56eb8d83c17179fbde97eef63694ddb92b164725f8
9272 2 28174 02ab9e3c0e1f50bff66538b6966a45f9227b96271ba220bc111a678e5c8044a3
9273 2 28017 e44fe9f93e24932c1d3edf8cf51810da2c183eb71694fc95bcc97f4bcf462541
9274 2 28186 f99ac84f98c5dc9877704825c14f7b4d868f041140457bf2055aba144f49c599
9275 2 28175 350780bae6e0c36ac2d89459fd30d40e5978094d59a0f84187a8c12f5a920347
9276 9 28050 b27ac5a921b9f21b7a1289b1b096f545bb780728423b7abe8b9c6eb592a3f257
9277 2 28263 9fe75a1f29f6b4461c2c38b005cc65f0da4a79f4ebb8f307ff1c2f8e7cd6cf8e
9278 4 28136 f4662e4d538508e61bfc047b51f5c3220724ebc26101db6af846837380c76cf6
9279 2 28256 2b1a3acfec853723b35f6c698911bab8ef463049400cbf0869c8df0c4fa76721
9280 2 28183 6f5c118b77cefc1903addc62c0ede9bf73c3d2b154854b2717555ea9e8d23d93
9281 3 28183 3759da6a310abaa30e51ba3d0fc62daf7a2d6980a66910524e18e81fc5c271ab
9282 8 28100 a5ac16474337fa99972e35eda84078093ccf7b95e05afec49ea1d935f7156c4e
9283 3 31466 0825967e42fb5f478afe29e3e329309e5414eecee8a445b6eed5316c5e8331f2
9284 5 31281 c56ce8f3680c3c71c4a7814706ceb443b496d9e84a03d057b83d30a4d56f798e
9285 5 30627 f6b82421029813e4f995afd3f891b8ca80369611d573077b76fc9b4a6ad4585f
9286 7 30791 ec540f00fdd0b0d9aad857ae6fb066b07d097f89d3e0e53c206c6cf7c90dc984
9287 6 30838 04b16ddbf7818c05e40c08bf5da3909948b5531b1cbc43c89c4535686523c673
9288 5 30887 507e1630cde4caf17fa24805018d118f1ea2b746f93cc5b492c968e978e1831e
9289 4 30936 e44edd92ab0de7d8c1ea62469b0884b72ea231410f889f604e7f256e47c57e97
9290 3 30985 cb7ce749e17fa3811e6dfce8e89cdc808f6c13d17353931d4ca53d73a3bc3762
9291 2 30966 cfeb1bd2e5b0d32b2121fb195eab112fab41ba0d8f72c2c2d1c57e83f8a5e9f2
9292 2 31253 69b2f9fe088c0a953705240ff441947b59b1db8daa3fe1b0b53c0948b92857c4
9293 2 31180 06d77c932e7afc3e5eec955130e05fbfb580d0786dad10e96a4ebc580555014b
9294 2 30967 eb23c0c40765e630e74a20b339c114c6cba7fd1a2a29ee3d3790a57dcf1c6b00
9295 10 31117 7738e80850e1a83176fab6c3965a5d51facf3aa8b8b86b9665f0dad89ae9d0f1
9296 2 31330 6d200f66c511ac5d21cc2a01701de31ee70da35119883d9c1b9cd464167abe8a
9297 5 31129 eb6156637657842fb918cb90850137e23e97cd1165e34bde618a52e87a808a9c
9298 10 31117 3a313c632e68719860fb41fec15f8e17fdadc30bec50809844d5630c47e63088
9299 7 30856 4f169390d9d013db042ad929f3ccffceef1f02edbae01e9b98bbe36cc6991c56
9300 3 2502 62d602b05337d99c065d83064558f604f123f443575838906849de68b28f27c5
9301 3 3454 49b7682fc361fae166956e8cd88415bcc5b1d7202c7f7966a23e330ad410b22c
9302 2 3464 c3ac0872181f76138207cbaeae171dadaed1d87c09ba4fe0af5775ab77061fcc
9303 4 3614 ca46b4174872a5cba5aa0dfe19df6981361c70a7df58ba9c3828fa80d1c82188
9304 6 4566 263666e6b8b8adfd63c1207511eec70444cecdf06eaca0fbe5229d23f0ad2dc4
9305 2 4578 45c09ecf04e6ae9f159c7828999439d44ddac269de0a0f80046fbfc4df9c5031
9306 4 4573 926e707f15af66bc85791f8c1287f4e5e45bd0245bc7aa423cc92b5b2c55e340
9307 6 5526 6fab6e11c3e21a3f57faafc6b3788fd871cb166a9f8ffbf4cddfb3b28f4a7508
9308 4 6471 3e56ff36ae21c87e4e8ff973e58470ce4f03631686c76fabb9238f2f79c9687c
9309 3 6519 b01c280fca06fd339080808f922a4ca4ce2fa24554cef04956ca493d7815d1d2
9310 5 7163 998aa33f7d075dab1c6b8a5b84d90368094885dfdf996882f19841bf3b312ad1
9311 3 7531 0cab20e9aaa7ffcb293b1ce6ef82ba2d56dd327738ee116ac1c0579819faf136
9312 2 8006 46535987c47fcae7e1f1d63b13fd7364eea20b492587f411c2105a3b62def69d
9313 2 8055 8e8d85eaf43bd48c4ddd3da7235da45874a4bf31176f67a6ec9e5ab798bc2f97
9314 2 8407 822d1e3b2f1d6cc209af226747a17e63dd1a74c1255f68ca2ba34b69cbf74325
9315 2 9351 5eb9c49219dd714f827537e9ee6877f1b15192efe62eab8769bfc18eeda2040a
9316 2 9564 17e33e0aaaa5e540aa8e517a72f2ccd4bce9d637f469bbd516995a2860d1f17a
9317 2 9364 dc2a8c83b08e7f352769e66fcbc72155a2fbb0eff1f223cd7fceeed0edcfb000
9318 2 9352 6acdd9d47a69041c9c68e261d5ed4fc0b7c65d0c6fe1903ed8ef175a3786505d
9319 9 9784 1099150883dc1478ae8801b61f2b28b2b0809a3d18d58123478fd819b7bf8cdc
9320 2 9661 d0c311220f0e2b33f7454d2f0d6ea63b19818cce5e0488f5dab03a75a48a297e
9321 4 10727 676ac4dea7c2f0a0d8d43b5c6a077b54d0f57fa12459093919edb97184c11aea
9322 5 11680 8eb63bc2b6b27cbf0ceecd3abdbd27b3f676dbdf4a015f608d79b45f335f62ec
9323 2 11729 b64665bc56e43f11cbd9690b847b34cab8128e09372a503e21289534afebef94
9324 2 12454 5d313e9efc21282a3e3ad9ca23d545cdf418a6f0f2e166d1815fe7894dc85ea5
9325 2 12465 863699218c177214bf429e335b1cd48cd4d48add3e8966b976abb2b578c3e66f
9326 3 12975 02754b0512647f406f4b3de312a9a402f4547bca5bfea68df3ad1fffbfda7655
9327 9 13730 4473d2a6e52b942db975bdb79db1d55461dabf7c6157af1d1b1b1dab9d9a7691
9328 8 14678 7b45722cababf55f8afa3d6521a2b58fbcb7455df2ffb622e5557f0a569aadac
9329 4 15157 2deeab10b493c61e268aaa7bc1271139807a53fdb537b1713fb1d24755f175a3
9330 6 15619 e42193ed4c964ef6827e9e6f0e32653ad82489a0fea4913c559f467cdbc61956
9331 2 19270 88c7ab382ee7e35f5b61d82b4791c8e39e2d21dd036562ba52a55293298ec81e
9332 2 19270 094beda537c3760888687e978e2c477c042f038640ac2cd6615e52840da3c73e
9333 10 19067 9e366d5d935969c9ca430e5d8426b7e8a1f62f3d3ee6452338907b4592bfa1a2
9334 8 20008 2f398c70c850564595f2bd435da7e962b5733b9df2739c0004c4bd7afbe3736f
9335 5 19354 faa5cf551b3eda1ed5d5c5c34ecd697106725cabfa76d513d26fae697f4c4c85
9336 5 19804 33447786616ec186be7c90e6653dfdff63f515a795cf68a370c3656d9e7d960d
9337 6 20757 76b49db3021a26151080aeb6ac8f54e0ec627cfe7a63e1abb026abb0fa451f1f
9338 2 21043 fd867855877247f00c658c798d95da2045d8cd5ae282082338f5e521eb30e477
9339 2 20970 68e6e2d168b4151df6c9b451fdc22c76d35fcb7e8562fe595c7ee2bbb99ed46d
9340 4 20769 8f33bfdc9c0b713ed0731d3ec4e213504b12785ddbc67ee624a58cef4b5999ae
9341 4 20805 4ff53c81a192f8e7d42fbe47b450426d42dde076864327d0857ba3ed4d0e7bcd
9342 4 21284 9eec7251b771bf28e0731fdae268131a16f2c4de7ff042f2284eaa9b3aa1a317
9343 7 21593 3053abdbc0f87ad57440bb62163e31a782106c09b6c52ef93d8d3ccb6eee38e7
9344 6 21640 436841a8f24340488d900a297bc75227c5080e56acbe5f9802399e0e19314ae2
9345 5 21689 a31a8ee3dfdb607aeb01282bcc867ea66cc07345501a581538110e67c9e5f5d6
9346 4 22168 c8ec1195788c03e422b383b49255b20fbdb3d09c99622d3566fbf42218f4242f
9347 4 22632 0cfbfec9c113cfff7d790f854fe176522efb9eb15e0ebccd12bdf3d871b6a81d
9348 2 22918 933ba3d5cca00490f632de64a3f7ce39e4cf7238c3f79cd4838ef41fdaf9efd7
9349 2 22845 2dc82876eb39b5f96cd557ab9c9f5560495e58b030cb72fe567cfdd409fd42ca
9350 3 22646 465818cac4c81d11a9e7f14ffebdc073b1b1916ac8a825d5cd166f707afbbc70
9351 3 22682 ae741722bdccaada0f45c141aa030e1cad67e04c42a22392dc927c739e9bab63
9352 7 24593 657b04da8e4b7a181c1245ab5f833851ec971b31e7513234cd0977dfaa3ac5d6
9353 2 24954 ad211c0c0b2a3bf5b98294b49cc303d92f6301db1bf5ace4a020dc4dc0adfb3f
9354 2 24953 161242f697681f0df60e16a8eabfa88687c70f398a4445b29091cd799a799ba1
9355 2 24954 051b30e27cbb51505a9752b6f13453f5e6b1d821a7b95f050a8407be2bfd2385
9356 6 24750 379a42bfda943f96458b0cfbb2ff9162999a5f126bae0322e6c3460b30726773
9357 4 24738 e02a5266ca2240d1cefc4939ffc620d326fb2385316fb089e24ca779ffb0a1a0
9358 4 24736 533b44473632d702d5955925b5365436f0cfafa88584e0c2a2be6245e7a11113
9359 4 24627 2b6918f7dd105b7326516647134b51e6f7c215e9e7c42a0698ec10f5e8900ec1
9360 3 24580 fa497ab3fad42edffdff7733c23b1d24b40bdf1df968adc15ff9b75a9533d621
9361 2 24630 ebf4cf7f40a62696982fee9276836a5d21bdd3515980c7271b886d44c5243383
9362 2 24640 da95fabb2bd1e083569a72543772ebd22fca019c0e04c51309affc352d50506c
9363 8 25956 d9fbaba24aa09cd2ac444d3f44b3c85fb075eb4baa907f2759a5371d3eae8117
9364 7 25688 5c7764bfdaae206236f87d609e0ab1232bc3ded5ac787f625e443841b04e2b73
9365 6 25737 4b87bd36537cf72651c00fbeeac1222987783824e2b4e5129c2494939f52bfde
9366 5 25786 85ab7a3f9648126a476dea02c5cef3c454a38c9cadfcd8e76016f828c80bc2f7
9367 5 26739 8a9d757e6d1f90f5fd23e11ba3465bfe3393db68587efa5ef74c26ea8f2818b7
9368 4 26788 8ad25ed1dae2021fd935dad3d87af0a5b58f5ecd633a5ed54eceff722cab53d7
9369 3 27732 ec837f0862e10d51c746b1f15316349947e81cabbd5f703bc4bb94b0e2f66a7a
9370 2 27781 7950632b605be10fb2864b927676a78e63e55b8424ff4cb3336d517b1ff2bafe
9371 2 28264 569875476bc736cb8102ec05bc0e84cec723941c339a01c2cb421c77ec5733db
9372 2 28190 dcb5eb735d1320fc5185ec505ce84103b760add85b171e2ebcb16e084ab9d707
9373 2 28116 f7c89191061573f27d20b5dfce7817ec85e2ce5eacad5a40b1dbcbe0dd503153
9374 2 28116 56c05a0e10ff5261d883bfa66ca2be66c7db7f103251e11c7bde4df469503e74
9375 8 28950 4291c544a2068c8192d3f76fc181bffb7037c8a7d75083dfd38fab118b8ca7b1
9376 2 29518 08a7ab91356f20f43a52fbf545418f6d3a89d39266c94ef01d7aa0bc6c6246b9
9377 7 28700 41e4c60e8fc6dc09fd063d96edcfe22a05f842a7837ca884713b26dbec21bf19
9378 6 28747 73628a4ee236e354dfb84a9766208a039a82da81d990088e83de45764c0e84a0
9379 2 29181 3392d93a230f491b3a37792a1d63243372487426bc6542cbe997dab6caa50a23
9380 2 29180 d9813e709e42262e20abe4558bd795a978e75925a2a28b3fc59762b6380a0aaa
9381 2 29180 193572e1426dce7ebcee8678ba65122ce9bb4af29ff066336297b643515332f1
9382 2 29106 44c99ceac3c1ef1c27e8ba7fff37b4d0c846c210751b046ec64ce40c40caa36e
9383 5 28905 bb322d29eb29d1f2f14b8a96a1266678a6fd627163badc59f566e91ad29e6954
9384 4 28952 51e80dea07f7253a5040c08177a23b7da1ae3ef494fc5eb8119bdd1dd224c970
9385 4 2501 a2f708c21a9b4172aca98fc6bd91922e7ffc2554efa262b65eeeb706c6c3d0ed
9386 5 3453 52a32c2a61da2132a6844736f26e7b079a553a1e1bae07e9129100b8460a909f
9387 3 5678 fec0cc3dca5ceb1661ebdf5cada88e8f39e482ab89a4add4e6c666a0b676bbb2
9388 5 6630 d7297badd23bfff44ae8b8e907679d8a49e2cfb48b4e3c85a07d697fb85af8aa
9389 4 6642 f211e966bcea25fa604ce00006188e82db5d505dc6164e1df497770d05d2f682
9390 7 6545 bc24d7b16214023639e182c75d300c35e3f8d18a9442f57d806c89a27f1f1e99
9391 4 7489 c830600e80e3250ffe614f2bcdb879eeb924739aae6aedf4e7e570588a80c596
9392 4 7489 691a8aa1a0b24cc28c12aa8914cad95887cea4581dccb4d071e00c4b3577ea51
9393 3 8439 8b4f452962b75329445cfa6ff7ece16f06d268aaa64d90b460c83621978e3f58
9394 7 9813 546866505c9424ec15ebd0c39fc4a11c8baca1c1c6857f3ca05f580dc31ade77
9395 3 10757 3eb9685d08ce4f3536c21aba2732f49b0e37235be580f0a551234c9604214c80
9396 7 11535 33384247ac5279d0a97dbd725def158f820eec0f043453c56fc211c1d9c4cb30
9397 4 11769 8c6e02fc9f4f7a8315a2dfc6f5f00cc06ac9858222a521956f65ebacf54e02ad
9398 5 12722 44f6c1b34f5a69dd08a984c8e43b7915d38ca8704fc8b84abf8f8471038023a3
9399 3 13666 ede549b8e5ae417d822e8930d16702444180f01d8e093b8444f43a9c0e07f795
9400 5 14310 3d85370ffeca5a489266ab0ee4aa8790f1373d0cde6807aec612e5979b551c5b
9401 2 14978 3b9949a16f5e276dbade659fc108eb97af79a3e13759d0793f31f50b882808a8
9402 2 14678 b67b6ea5d8fb3b145b1e7a5604d60a291829ef1f3190a2260b370071ec60a916
9403 5 14220 254aeea40cd6e7248b62eb2715da46da64f3e95d467661cf9b75e77731a09652
9404 2 14335 d05ac91a7f71e4e0ab7b7facc40841347adf3f8d9e4716d848015c689df13dc3
9405 7 14593 92e78c17031646eef4dc016cc975d95fba08394b3baa18ec3a28ed0bb6c65a2f
9406 6 14640 53d126f2766683bc40cb73523870b0fb186857e1ebfa332c8ede67e205480ef1
9407 4 15584 40ac380133736c236524ee73439efa3feecbe3a319e1a14bae680645ce2f13ab
9408 3 16537 75580ed0265ca2fd3228a97536a7096f2d89d665b5e8cd41a856571fb54a7a90
9409 2 16586 5b2e8ba1914cf4e091f7955b92edf7750a7744ac5d96a7d4254fa3b1b83f7223
9410 2 18977 7dc0f90260f4b69234688dc4ecbbbdcc0cf5c571106f0c424d0056709d6092c7
9411 6 18858 924624bc62ee77810891f7718ba634b840db5f84c1aee831fcf9b0fd2df0564a
9412 5 19811 ff66fe2b0cb2bcad6e80e9357ef315d18b69cd6ac709b0ae980629d86aabe9d5
9413 4 20755 33a4c05fcc0c367a39cba05cf77f38697b78db4ab1fc27664a9f833b05e18f96
9414 4 21331 d342e501016c366394fa3938505a949f7a6b7c568a7bbda68e8080b1ca2fe310
9415 2 22431 f16b256d68d8249f8cf67e4ecaffd5d32a9d04b2d432a86bda3cf42027c6db6c
9416 3 22138 4f48e0b4390181eeea4d6883806049060906ed0eb9ea8e0625923cfd1e219fbc
9417 6 22620 8d7a41a45e8a39c34a3a9134aae457bf28c9905e4231c74d30cab4f9c5289758
9418 2 24146 de18a97e8807095f3be25eb45500363553a1b4804c7a9a5ba5bb11d2f19e340a
9419 8 23930 81ea403f47e98146195f11b1b28e2d472dcfd86307183bf846fe03407f65255f
9420 6 23748 ff3cd14710d8adddcdbfd47c35d61aac7a303a8fae575393992c4cb1e5f7fe54
9421 4 24997 00d0a09ae65ecf3c58ee7578ad73118fc4c0480bdb67ec719d5817b67fa37e14
9422 3 25044 8c024d7c968ea21ce2a8ee90913a7e519b890fd620d237780cf9490cbfb0565c
9423 2 25093 4dcd9af558fb38fa0c0f95888ba4264a32e66458670c9b0a70f92cc737978686
9424 2 25863 5ae1ba43d070d91f47aa48cc09469be76734e236a0a62911641628ec06fd55dd
9425 2 26306 1132ee67018dec5006d4a79a6cc5b7aba171e801a529061a11de7b5374a321cf
9426 2 26143 a58a4c1cca798c338951de868dd6081b84aa7dfd7a5a0bf78887829b5d36f02c
9427 2 26070 8af19d57e73dbca1ec085c633949197b12a8cb12f7e1aa27493c7799ef3b4dcc
9428 7 25891 d2b95f8968ed7d9fe8a08c00ffd68aa5eea84fa592ccf610ba3aea28bc8e1121
9429 2 26498 abfeb24f3957a52d47aa10eab7cd0cfa988b00f0e389eb7c1121a164b66acd89
9430 2 26502 14f03e264e3aaa1fe84380bef01f3f087d09fb0e50c7a722f2f284e4f02ee371
9431 3 26514 1b30c22b8ed647430990bb6aac0bb902fecd1b59b580f51ed2cd3bc81b9e99cd
9432 2 27932 4a8fefc37a40574117163357aa35b788050b4628a74b3ac6c7ce6875d999f9d7
9433 2 28147 baba1df8fc13e768352286d03348c05c55cf1d072eca402d2b58ca71b66c87a9
9434 2 27933 9418e90d79725912df01ce2f4db9fb0537b47c5aab3c68d295d2f9926a1c4ce2
9435 2 28886 82fecb55991988bfb540f3c935bac52a5086495daa8c0292b21837770218e4f6
9436 8 28901 40d95d8ef6e97dab6e4aea008bb4f1b7065dc0fe53c62f87fc4cf7a305a675b0
9437 7 28948 dd96969306232ffe4af89c7cb566081f6d5d66dd18dae9cb3277cbe196f74aad
9438 6 28997 41d52d332a257fb87a5adc77346d760d036b336e43de2bedeb797059bceabc04
9439 2 29475 2508abe7927bb0a1e87336d2f5a8b5b918d3c4d65d0a06311aeaf13cef424b81
9440 2 29310 cd29df050174a4332070ba9b4cefac86bac4b30318ff6ecb85ac486128091452
9441 5 29941 4faf9276c9c8a4e8078bf13c322ad48f2d8c14988078898a7a35f5fe805b7670
9442 4 29990 d888116ce4e5c7b6955957e424784b831d5470d7bc99eba0c5309051293ccadf
9443 3 30039 1357208af78eabd6829ddd2623d723a725a1f3574ab4dccf907bb94194c21e5a
9444 2 30992 c7cc15eaba7de9a898024128a94c9d1881a7ec293d36c90ab21b0994fa91f38c
9445 2 31171 00abf5c195cc683a6867af61f512730428f1368857ed63f852c384e179360bba
9446 2 31353 d08d96743a72a61e87596175aa5335427a1e7f56077f51c03ba40fd79c8fa5a8
9447 2 31352 cde5c79eb8cde30480a89f9debeae6480740b77d286effac8cfd6fc63fbfce19
9448 2 31278 9f611223ba15d5e0342db01a15dffa6220dd4bb8f4b1642b26d086a61542f59f
9449 2 31151 5b496fd7418e85db426b884ef32d2a696c0d6d139fbb6ef3a0f569e3c409808e
9450 2 31341 6d0c9c6183ac488fbd9e6b5fa98bd852226a6dab3ca2d68e6fb3217a12858222
9451 2 31203 9dd494ba71c310b39cb71f0eeeea425a5d15d63ae46b5737fb899825043fcf7f
9452 2 32033 2a2d466a4ccddf37f7a3b38a0c88ccf4efb96276c786d1357020e2e8b8603a6e
9453 2 31874 925e5a574806812bdc3cbede9ec533586e76faf1a1376c5353bd766b90ea7de3
9454 8 31020 e2fd3ea07a92f827435016eaf6b9e867139b481be3fcec14b1cf4be0ff7fa64f
9455 3 31831 fac6da9f0830f198d0236c51272d7a9a44924bffd7a9ecd13fd2f85c6f454090
9456 2 33363 f672bf6e8c5276fe0dd0071d57f815980034b7e8037e80a814489d85b5ec39dc
9457 3 33063 967a10d427b23efe6fed2c197109b20c8de02d97d9fcfea81218d9aff6ec70da
9458 2 33075 19bf72000dbd3279aa7e1e80bfd680920a684545c1cc0866621539b7d84fbecc
9459 8 32920 84a251c9ec5138f4570abce3eff7102e9b5b84fcc2115efbfb29c2038fcb31ff
9460 2 33281 15587dd3604f3f873b2e2a852e112441ace82d21521a4c933b5d3f2245d97e90
9461 2 33207 d647cbf13b1d686594b20460bd6278be895b829e76b48c26965881fef6386970
9462 2 33133 2c1ce82814de69658c9515691c7164f361367ae487b9784cb77042fb9c8d212b
9463 6 32932 acb95cf5426edb3f4517593f0acfd2e4daef1b546e32a431a60dae13be164d17
9464 7 32969 d90e3eaf3d3cb61fe49ebe44059139223b5382774089a3dcbf670a57604a8db4
9465 6 33919 74d0d8c0d5c10c59ef331dee9d42d4b676b64c2493640f58d640b337dd08f4a5
9466 5 33968 a55e574713ef1e3dd55780052816cd6b9e13629e1f0ea33f6b8cec9e7b3fd107
9467 4 34017 41a5f29d766c07149d9f73dc0fefdebd18a5ffed13dfad3fceee0b016d8d2269
9468 3 34066 a3a1012a3d0be11c6a1af2a63e6c3b4043f1ecc3650995f5edfa886b99e5747e
9469 8 34192 248dbcf675c27bd7be5570ba201c5d2ea3082ff356f7894268bade0b7c90c744
9470 6 34671 7e0abd6adca025a2f9bfd1ed4bd131cccd9028c55eacaa2d2c581975805af631
9471 3 34283 51f9caa18de00db46222353e4fce5f1aae9275dcacab01da0c461cf21d97ab37
9472 2 34333 93bc21feae679d9208edab178c0d4e1bcb29ba4d7a323b16a59e78eb9c4a5dbf
9473 2 35433 0aaf9ea50e3d16ee9fe865fdc256385c36c7df4c470bd43ab8bfc94b4dbfa303
9474 9 34971 bff64897bf2b7e5063e52a08dde59683f127565c9f7029e9ab5a7070f9f52990
9475 8 35018 9699e20c758298d2e7831930f9382fc8b2c8afacfc9fe557b408470449231fc8
9476 8 35971 0df20a7079a29eede35450f736add01c2e27b64816a81d596b1c8ea82331b96f
9477 2 36257 53a1e7be8911a44623449d957870716c58082aafce6876f84720d33ea68bb161
9478 2 36257 ccfabcd5833abf999d0c9473fc6c94f1d7859cc4a3591b6aec4acd88868f0404
9479 7 36056 369fc2f29e712137532cde8e5254db58689006432a1a94bb04c9e6b1dfe6fb6d
9480 6 36103 87bcb360fc4f765654e223c95d0d8442742bb69267415fa96ba2727ae34fe037
9481 5 2502 e15a6086e1a5fc1a1ed8be0e69b75813153a68c1902630efb493b15a03db0ec2
9482 5 3454 f2f30bf35d6aed2604b1e29e6144a99b43f7f7b4182a6408f954d15b4cb52781
9483 3 3464 24147c084d392beb5a50ded9f7238bf99e4e78f9752727b8e613e73db707ebe8
9484 2 3943 8d709c0f8f2e76717b28905a3d241d345209034ca747a71b179b4466688bf204
9485 3 4643 960d2227526bb647db58898dfdb55f4e3ced729187a47855e3b976c6fa10eb18
9486 5 5595 d9c9664e7d59990f5b4e9363dfc15bd258dd914d812e7bf550504b4d5e08d4fb
9487 2 6074 f531c1a7b7e6ad3b1cb7a7d2c4f631185cd854bdf824a0f628587871d6f590bb
9488 8 6544 bc7ca63c30c23af166d797562912edabd154b0dd6bcdd25d54697b736208f502
9489 7 6591 8baed9c96415462d61af5a4759074284b1afd547080f719556d62df4309ff855
9490 6 7536 b72210615c8dcf1176eeba1ba88250e3ff9eb73ddadd0b7e033f7ca34dac0301
9491 4 8489 7114e0c68883eb278197d89dd4e164ea006e60e6d673b54d2684f81475d33406
9492 4 9066 18f0e3087b80e262822b07dbfbc00d4cab2f5ad8d0ae7662c00aef1ef43ce82f
9493 4 9504 53183f11d5fe384fec087afed4fe54b74c41e0f48aea7f6048d1a3f1b50e7353
9494 2 10753 3a50773213aaeedf8f201843bceec96924a49fa7da5b9a88dc2c3097aebc1475
9495 2 11474 e0407a016c7e59f2ca32255fd21b9fe736e5ec58ceb45cc8759445657544bf54
9496 2 11488 719f6c75fad700ad556a4da84db774ea5531334ee2129b3239b40ae9e40ef755
9497 3 11963 2f9e5ed7ab7dd17aa77acbd8b8c0fa735ab3147279dfe07d7316d9acb6ffdaff
9498 2 12080 7ccd8469d258d0bba5a062825078f8ff982522afbfaea683524ff35922632c1b
9499 6 12784 862545773d9720d0b39ffe6db415b6017e3d97fea846f6d8453aedd70b31329b
9500 7 13737 14de491c604a587dd2596f5fe7b98b16e16601a6979907e965189f94b0357e5e
9501 5 14683 35842f4f1eb87224cc1397c24d55a1b5ca4799f62ae1bb9fa8896b37d5881ca4
9502 3 15525 b9ef6c440617e7a77608dd7485908b8796b47cf8c0c990c5c6e51177e09ad46d
9503 4 16478 0b6fe10b0b4e75c6f354d1981b98bb9ab7547b6237a6fb4a875b5bb60523cc77
9504 2 16921 3476d061282ac05ecfa306629c59e405140e0d183294a3cf569cd0fafb77af4a
9505 7 16893 0023d06649b77c804ef6189aefacd2e907ce1c500a1a1627f88a37590502fbe6
9506 6 16940 694d168f25389de39ef52657a0cd14b7945294dbe950ce0676d01f185f6503fb
9507 2 17419 c8c65ff2f1fa1280f06b5dbbb0047f3809e0059a432a982bc77aee8cf574ed0f
9508 4 17882 37da9519945f0b91b5562e0c2a0db0b52647fdaa5befe34ad1556f18b5cf22c2
9509 2 17896 9778250fc82d58ab0c3cdbc23e80a2027700582947ca79c180e82b6383245497
9510 4 17884 98b0bd3df3ae4457ab2c4b0962e7ff43f64f477ae55b899703e371a21b04c99a
9511 3 17931 f5926b2acf7e6956f8dc50c4515556f6c418dd53cb10d17ce0d0a33c050bb625
9512 3 18876 b0f7d6d83f55cfe883f7945499654d4339e9c31da2f9ce66bbd2def386ec8015
9513 5 18610 e4b4260d56eb0680f16e57576dfdff43785bc4f4b6c116b5adb4e3070637f00f
9514 4 18659 2b4edb57cd34ec644a8d999ef7c0178e490b0f208607843e5a363f496c45edf6
9515 3 19138 7090039e10cd7d9bff0eb369447057aa6bf97f792abc37d4f40aa1ecdc9332c5
9516 2 19186 0006061c58db089fcfe31c6241f21e61af86950f081b4c6323f0992464db7739
9517 5 19831 0a5ed00b4edce09f628181b59befa6f53024559a5ee34a31003eec60171f6c1e
9518 3 20613 c421291ebfd87f95148c7d4bf60fbfed74822d14dd9e43eba7700ff3da616982
9519 2 20627 e56a96d1517e9ac2eb517f84462ab716881a6983a5c472b704d395762fb5ed8a
9520 3 20615 7944d4336fbe148b47453814ae5b57a3bb1ca10da47b9c2c66ae693b694db76f
9521 7 20897 9049cd7a016b25a6278f834e57bd6a5401a0ff32b6ebe46c073308ca683c0185
9522 5 21844 0f531434684de34236c0f61195eb1f4bf715a93590b530f4b5c9de8d3af6a5a3
9523 2 21975 50e8a300aa387cf3e3fb32df8b1ca68abe78cbadb9bb25ada20530764c5657cb
9524 2 23243 cfe7b44dc9db38c4d67157cdbcb37ff0ee76c0ddd1b9db78a1ae4543ffb2ecfe
9525 2 23261 49337648603fc1535bbde946492e1286311742012534a977087f32964f26147f
9526 2 22946 ac15c79fa38800e154910a9baf59c944c2718029516eaef3a51a23c608b95300
9527 4 22943 b580714f84abf4c6af77b418c329eaadc93def41846bc5176ca1c790a223345f
9528 3 23896 61579e5eb6422aa275079528bdf2523aa37c212c3bd341fbe2aee461b3801a0d
9529 2 23977 91f8e1d4bb288c9b7f4471a63ac3c5914aec0e863befce205ada237b5821c8bc
9530 2 25020 68c619607b616ccb399e32043bb3dc6f3d7710525a5059ec803693e4db1e1b2e
9531 2 25737 2c361a77059c4d45003a199a220b0b8eb308ab47b9e345741ff03be69d08caec
9532 5 25279 7ef13e39595f9864d1c76c494ebd37c313ebf54c54f41c151bf64df16e017e0f
9533 2 25802 5cdfca45142f08e0fc3fd70be96a1fdb69c54bc1e78acb49a89e7581e28fcb71
9534 2 25802 41c66fa1c3e71cef517875b80ec577bdca9b531e45bfdc07899ba6055544c672
9535 3 26754 d744f2238e1a8f47e91bcde32ef108c80301720125666159d67799195b7d75a5
9536 2 27698 2d08d2c8cc0f56e30187ad6558a2285a39f795d60deecea4475e39725dc1f156
9537 10 28010 da3bcd08998af1992e37c11cf08a3b3626c90a4b7030113a059d6df715346cce
9538 5 28654 9ddb1040cb925c81734a007630ef2b5c37416285b00868f37185e64559027d76
9539 2 28177 824a9658df97ae6ffcdaff194f3b11ad197a3f21358289b957e76a9bf0bde352
9540 6 27998 32190fbd4072fee278101ed06afe39e598fe2d60515fd2c144e408016a242a00
9541 7 28951 af18058bbc68e60f9813852949cff654d4007a1f0e347962c972afbf08383180
9542 5 29430 2d1d489ae8cebce85e0956b6c1b82f3c58e4ce4c239184a0729e9ba76854ed24
9543 2 29154 70e64200b23de302757875fa6f599ec50f0b119d83a5904876f6c85a91f5258a
9544 2 31114 e7569a380331c7c443abe6eeb0940652e270c6202a2147fc82935b0cba0e5550
9545 4 30845 6007c85c2006032bb629bf0e5b3f8174f04482149a47a45f8320e1113cc97003
9546 3 31789 eefd6894d5e9c3be5338a24a85f75f2678898cd2ac00e409246697162ebf1092
9547 2 32743 7c764cfa52fbcd86ce7cc116f6802f0dae1e8fa50f1d51a7b4eceba39aa51c46
9548 2 32956 7f37cde1c133c8470522e71853fa48e9674f92c467bfa97c581cbf712c86d041
9549 2 32755 ceafc8681a2de910ca500f50e442e7700d65171762af6534a13378cc02133b7b
9550 2 32743 82d5807dddc556d89fac6c25d71310c7a05034767969146e5e7654c7b70f1f16
9551 9 33060 2f3333a73a9bb257c8cd49cc5e7ca68c543236df803b368379cfecb7bbf08c66
9552 8 33107 761bf9b9b9f9ee3e1d20d61e907d3d0d6d89cf7617ca0d2c9b9a29065c0635b3
9553 2 32803 c5ed311fc7f038b671d742a85bc7fc188c2a78f4ea4ddcebe11591930474ef5a
9554 8 33159 75fdd4ac71717bee3eb74acbc71a2651948f5ea74cd04246ba0c4e4464fc30a3
9555 4 33638 299dfdeb74dcd8f984ea09c81495f56807a6b99a709ee1991afc03445a61a87b
9556 4 34089 8e43561f0d307358e1bf97cf1c08c24137865e58af6abea0fe1b0b90e1df6a20
9557 3 34138 4366747f8f65ea13cea2256fd2b04c8699785f3a45f8b25bc809c971af9ed67e
9558 2 34351 80bb07fcbb92c3acda1b1d620d982c4b8fcbda39182249407c38977a4c6b4263
9559 3 34139 54b3405223ec677ead9fc6363aa4af092379bf645302eab873142df03ea5d945
9560 4 33847 fc647348b1b4e4fdad2cb01293861e6ee8417b580ef4db5ad8a00f76d5431912
9561 3 33895 1fd8bdddefb1d9d3e2669143319437b8803849e93112b613d646284b44e07409
9562 2 33944 22ae323d9daa3c134afc2b36e447e953c087091c8154c49ed7a41f437a8492aa
9563 2 34898 df719027ed7f16e1bdf9bd85af3d5bb339c37cee340283818c2305f381471bd5
9564 9 35113 26918f2efbeb273559753be360753f6e9231fa0e019de5e9487080009a4e799a
9565 8 35161 53ab9ce1b20bb80295a76b27a374d3587be47e02305b7c64f52f17bcc851fa15
9566 7 36114 493e3137b831fe4421c72a02931b80c610d01222a84508b76161a6aeb749494b
9567 2 36858 eaa7ab180102f1e6c8eb461cb49c980e9c1d596f9d886f9a2c2a59d6cc3ce1a0
9568 6 38464 d5d8075a3a568522085eb2d8530402b7149206aa7ea4f9def594700e29763596
9569 3 38947 cacb493f7687d761b22b7eef122041ce6c98138a8f4fad3ca8ff9495954705a0
9570 5 39407 0191e34c87f7c5fa2b2325940b385f3d9164213fce7355cdc7bdbac679f680f3
9571 6 39106 910c0bf7e413cf6d6264daeb2e40207d837c78906c7bf726914384e56ca3d726
9572 5 39155 e7dffb78f5fdc5975973d63bf6691f41cb9c5f55d0145124a28d718ff25f9a8c
9573 2 39368 666d23cfbaafbddf05b3594ef8e9d1641c034f62af1b40000c0a9b2ee075f24a
9574 4 39168 ac8c89ebad9c4ddbbf1a1ec1ce359bb27565b90f826a87a4afecdf37f8423100
9575 4 39647 f7381d38690176f190b62d59ebd0b0e16006cc3d36c446ff7ff15d8c9dd7e05b
9576 2 40104 adc2d53bbde07fe0f9d8d77af2caac18e89ce60568bb02b8c60f4ed853e600b4
9577 3 2501 451afc6d040a3431d289f42890eae1b01c5cb72cbd655aaf1cd537ba0bc44e34
9578 7 3453 15a55388424fd4c2aacce02131c879007058e24b21d6698849d2e1a0a6149a2a
9579 2 4607 b86b63adbb0d7cda8f4fe96a2446492dc0b7e39784026378a968bcb355a6befa
9580 4 4642 428932b240d1fee99416c2182e3313dbb66c412f216b4c91931db4a9246665ce
9581 4 5591 04132485e17c34bab42362e5b85faaaf322ac3eb93c7f501808431d04bbe6744
9582 3 5638 6088fb065bf19bbde7023205a80de790dcffd60c02f86b4dbe22b56e4d1342db
9583 3 6117 1fab3fa38a669c5ed830da32029509e0bcacfe417fb14ad7fa232f27623d3119
9584 9 7740 3e71947d415f9639c701ecefafdc47ac03a1d55eda31bf112921f5e711a4aced
9585 4 8683 2f9a784d3b26d0ce3ef77906f744fd16ade2a2d3312b4d3ddc67512fbe7c2530
9586 5 9633 919cad02fbfdded0628cccb301ef28761235b4484946038b4198bfa5968efe0e
9587 6 11762 0837ab0f3d7d5b037da58333627999b9000a36a5922fc7760e126a98a8590613
9588 8 12715 6660680392e72c2ed82f55856bc3703348fe484ae09dbc706cd6040d09038961
9589 3 13973 4135096493f7827d41c0129ef72e66c5e6eef3399fa0ffc2215710d429422983
9590 2 14020 1a87481ce59aa8ff0e02ff8f010c4669188e22e754067fd4c8d46f334fcabf7b
9591 2 14886 8f1a5da9d340a59fa85f1aaed6837dea9a0f7ba361e2d3f7b478923705989f90
9592 7 14609 481a2ab71d9ebce4472d9fe809cc900fa6bf726b6b9dd9009b9338c6f9925b45
9593 6 14656 13cae9c88485dc35049a7783c73cd48d94d6e83ad5b6617e042454a202f3aa05
9594 5 14705 853127e187368663be50f1e8fff462cf94be01f9af5b7f5b31990838bbf8adf2
9595 5 15658 fbc1a2b466d4ba1507ea2c138399bcd6e4d1b1106c1fb49609c70c641211d8be
9596 3 16600 94edf97a381afeeca10c513a57e4bc63844e03f50cbb26c460959a491f415e84
9597 2 16886 238fc5f58391a1e0def3874b7f6b50a4d1e31fc2f90db45b5bf59116d5c93ce4
9598 2 16813 c757d18698cd20ed5046349d3227cfd1cb2fe5e196bcf78d2c21fb6c0cb74a6f
9599 3 16686 60b78a0e82b3da0b984c67f699349262594219fbef73c9364682dab8be05d5ab
9600 9 16847 c562d761e1416acdae16f343aaeec0c52210d88096a550fa7ef7508de2764d5a
9601 2 20197 4d1b9daba5dc004a852340161e99dcccd0d6c9b9fb48903df32b7646d5a8bc16
9602 5 21150 8bae0c2920b69fb1ee638535768b7475fad2dfd6b572a8c321ee8d3d15b4d08c
9603 4 21197 37a00a248796702b3699df601d9d5429abd958261a7a2e05ec626cb0e15a315c
9604 8 21109 d0a69206c45ef5b4915d39e795b50184d53f6e311d76d1be2bd00e2685feb08b
9605 7 22062 c62e2bd131a240784c611db576c3d335caeb8912561939f3a1930b6cd6599691
9606 6 22110 bfe5ea53407824976d12fdc34f707602be0cc8470d1502691c9d760173e8fa5d
9607 2 22395 4599d1dc0e67e59088dd207822ec9af8471b3a5e5e0a7398ca7fd16d12c2c36c
9608 2 22322 c53a7cfeec356cd417842eb4d31af056c2d6cca8028d27c6c97e92b720af361a
9609 5 22123 75683065ffbf56745521cdc90ffc09ec3e3a95b7aaea54b0a6a3ffbe995cb415
9610 4 22160 aefd61ab1d04af796639483f42fd71b8da25c82f8aee2200c2429db7529984ab
9611 4 22639 64697701a8c45e309a438af271504f45d0cfc763fdb053d405833db7ac683410
9612 2 23103 0a82cca7e2fca381b9b591a7a1aeb85c659d24e79b9b043cc800aa0cce3d9408
9613 12 23306 5055958475465c554ee4f39c0dd074e97927ee1abd587a01ec8f582bdeca7fa5
9614 8 24716 daef5c68932dfcc22544fdb07b1ee0fd45eed5c88b0c3329b2b19b6ad44288dc
9615 8 25669 f9df37472613f02583f81f9f803186335a500b15ff9c8e38c3ed7949b3fd7013
9616 6 26611 297e47ebeb8ddaa1b8bb0c5976e4b61adabfa3548aabc6d49ce8233ce908006a
9617 5 26658 3e94922fe3de0471f7d43c9b526b3f16c9043688e5420f9380727c777faa8161
9618 2 27017 97c43689b559e09555cded4bd049feb1f70fd97ce8a55d5a6688509a692723fa
9619 2 26943 5b068274422559ec3f70270e36b9022314a15e02c21dd99269e3e7cbc591a67e
9620 2 26870 87eeab550243bdb1bb224e0edf281a0cfde1403e8980eb2e17b39e9fb0b1e848
9621 4 26743 2dfc568c9139c85073db396d32c1c5e5318d775c567871657b41f104c63979d8
9622 2 27640 dc6f2f468fac7216f452e4b2a6e7433a54f5016a9a131befee0f2a065c96437b
9623 3 26790 813ac583973d9ba1944b677b136119d2edd79eb64eb9e40e3b8230a2e53b5a92
9624 2 26756 0b66fbd4af4372e43f8010ee24b0623dccd924490bb8b4265ec6be836c48274c
9625 10 27091 651bdc3926448002d17a5a5b32b2425c51ff4bf96c98e0124e2f2b515666f236
9626 9 27141 d49d0597f08edbb89578ae6d85c6997f82e78ebe059e353378c9a18637afd700
9627 3 28393 59b03806eb389a928ceeec502379763278ac517118127464607cb3a6a06b0b26
9628 7 28876 d5f91e8469b7f7264237a9595f40915727cde93d0596a75f10b80d44b0176e4e
9629 5 30254 2adc7ba9327d82df0c769741c40c3e3948030738b6e53347edcc79302d153431
9630 2 33614 6345b29e94e004d7887f4e36f329013f7385bf5f34c70d1f318ed8bc151e2ea1
9631 2 33828 33964d92ecbf2ca139d30684749dbe0f7b019732a29fa0a56f8e429e568b7bf7
9632 2 33615 476a6beba2696cfb5f51af00ac2fa081a4294d5bbe529af56bce853880a3e887
9633 9 33448 dcb8ccfae4d2abe0548d90b6a16129aabf6699fee729be21ef95af0cfe528e52
9634 9 33265 cc55b1f05880043d980dab3aa785ecd7f02572bbea39a45f2a1d0f91de9d5eb7
9635 8 33312 ea13e6dc15ccfcda01a670de51de14d08239fb8214cb1cdc8f0ebca479a20f50
9636 4 34851 e002f64d8b41817c8f889de6ee18e05bbc8916fa5af58d4fb6e9a68974fce73b
9637 3 34900 3d257b8aa7cd77ebce96049ad956c2fcc8a41c7ff1289eefcfa645cc4e6c24d8
9638 2 34949 a175b1cff6050bba586272c7af22a3f0d30c80ac9d7c3f3a9abc3685982e5f9e
9639 4 35587 d141d9a4276291beb4d9125fa8c27684167d07310613ca5155a89b19a11d448a
9640 3 35636 483fbc24fae50538adba7f1bda228779b0de3e6a41300186e28fb8f16352c37b
9641 2 35921 960e626e67ebd104e7dee8bbbde2b7f06956a78462df525a46218522db523989
9642 2 35921 3dc64c9fcc2ac0dda867507fb77820c38dfefde73dca84b293eb16825b8c9b5e
9643 2 36696 38a4cdae958607c4d3c01442e4096085cc827a5eecf88299da68e55b109525b6
9644 2 36696 cdd8e85fa59654daf3dcb0fe510c3b810fc8d63faa14ca85a3bba3c962af1df7
9645 2 36546 c13f4830ac309896ce49c429ad23df9ef1c2251a657bcbeb36421dca52c9d32a
9646 10 35480 248f00b877575d22be422dc58f583558bb279db7989478d1123bd62c3d734b68
9647 9 36433 9dd95b35c815d2b81bfe9cb7025d8e7834b844c286cf8086422230aec4b3f7d9
9648 8 38660 5ee237ec4dae9734caaae30e8a9e776559a1aa76433e733d3638f7307a2fb994
9649 4 38476 7d6f2d62644f7ffa4b6c0544088cd064d1f0d38458abf6fc6c6bb64bba5b4ce8
9650 7 37821 e2e4cca6a216c8db5e47668a088490963bbc592b3343dd21b430c1491df5c992
9651 2 38558 a46984a34e26f80e4f5c8e19c5416824273a077b66b5ef2d44fa9bab281c3dd3
9652 2 38558 dcfa183c8f60809b03fb5d1424e510c98b626855cea8f8b88406b5756b562566
9653 2 38682 7ad77a9d14baab20d476d0cc8ee9b2099ccbf0f430e9288040df2ca4379e6a2c
9654 9 38251 c4e8cc2da21f4caf7bbbfafb98c368e8a296da015825f14538b8c92636c8a038
9655 8 38298 dc066c82b6af00c04f7e5c7d2827e68ecb9133052a2096c419c8a4c73e462472
9656 6 39548 44968338ef9bc5773e7cfbb55fc0d28926aa9037273a7a1c79d3c31a54233d09
9657 5 39597 38de2ca442f02ef24783c610b958e15b41e236868e3f9df63141385b7260823f
9658 4 39646 7e381b52a4d85ec26ac3e3ff78a829f57c4bdf7528a4bffa2131f5df6a080854
9659 3 39695 8870a0eb4997d470a4cbd36337912c5262da3b1ef4f52c174c904c7227caf540
9660 5 40416 8228fbeffd451f352ac5c26ceaca96c87a95aabdef7b6a5c1e289946561c0acd
9661 4 40401 812c81777fcbac9cc2e391d7ab6ad3323783ade8828a483dd23e647076b20fe3
9662 3 40450 373d877de7110d07e5bd475b48e4090f454911d4fd5385564f70fd8a4c612e38
9663 2 40736 ece02a35373499256cec11a1da921b6854d7262e5f75965001fe7a1a81593d74
9664 2 40663 b35fb9fadb44551094eabe188991f7907ec3e294c566b2b5a67fe7a208b80550
9665 2 40463 16170b39393a1ce2317c7945103c31e64990b385e89bbf751fce9cfeb7889abb
9666 10 40418 ba7a7eb02a55ee0a0c6b50393e189b1f43a3244d11ed1836ccb8e4813377507c
9667 9 40467 035456040353aa0103606ba16f8c4d9264b52af8e2fd0f497e7d17a3eb66348c
9668 8 40516 5311d413e56acd785efd2d5dc37aed482ace0f86b6cfdc20c910556fd550450b
9669 7 40565 96aa536c365865c598ba7f1252c04908392b24156fcd1febc3e9755514acbe87
9670 2 39918 0ce3b88d0f5fe1b9c4bb0f7a14db0eb133f0d4314e5e1336e8147d6cd06239b0
9671 6 40383 3cfb4b1db9e0ee8fa3c84014c019adbc0729af2aca1de0708b2aca140d8df029
9672 2 41636 0a99a7175b38caad3c18f582cdc38e62feddc70b431268bdf9f7969bf6f4d5fc
9673 3 2501 6588dbfa8589b04a71eb6dbc6443660a0aca7485bc6951e64953e85db796351c
9674 3 2499 3fc9c86998fed1138b85d63196d8a3f3b06c784a79fb2f6e76358c29df5845e0
9675 3 3451 c6701ed9638228f07f698cec493b47644acb50f18f052c67f1f736a273a554ba
9676 2 3498 ced5c4e92a505e5b6d0dad2176383ebcd8b0c09dcb7558ffa058df530b4af7ec
9677 2 4443 d9506643d866c51f57c3550b71e44081f943845dc7b54b3e9733080e57cb8ab5
9678 5 5086 c0fc2ba81459562e4b4e696e844cd91965c045fda4c2bbb384e903147bdd8c34
9679 5 5664 a457adb2a5131f7df1e92c5bd2423386fed9f62e932e8451617426c90c34df47
9680 5 6616 ef87ab4cd81945bc4c35d5994ce20f283d9b5a02a037c3ad7aa00e4d04a7f944
9681 2 7095 6b122adc355b2936a7725cf1fe9f8553b8348a30747d8fdd61558c3913997649
9682 4 7558 2d5879611d9029a4aff67dd0929831259066166cf6e86a556799699f2fbf5569
9683 7 8511 724dce99be9ebca43473aa747122d8481424937d1038fcbf668da88f444d0048
9684 4 8523 7778dfd798df12b60e3fb809ca4c293318ad66e6b7d824e86904ae0caf1a42d8
9685 2 8998 88cc8c71c57a638499dce03fcf848e44006cc0571fcf5141d0bba19fcd91c3de
9686 2 9047 387b19af3993f1e3676755423c82d4668bd0c1667b25cc59d29ac491007d9373
9687 7 9696 13fa34d3301621f5edd19a4914ff47eac0414e90ceb78138f597a76555f9ed78
9688 6 9743 e18933e3e4ab64e57628113d9433eada927e0d9873fb0c8f856f0b39d9f8e734
9689 6 10696 e555dc4aa3a5a31ef6152c3f8fefb506957ff801f5e2e99c23faa582e6272606
9690 3 11946 64c2364dc9d7b6df03527ddf01edc51984d90b913a52718de173a8579008188f
9691 3 12429 508f45afc3383ae6e07c2b7997c3727058b3e5066c835646f743bddd50768870
9692 2 13656 610640c9dab335347dbcba15f7713be91995465a52fa8525cb0d34c428118577
9693 3 14608 84d392eaaf7e4c846cf6eaa5949f87ef0e6cd75259a3cd438ce3fac0d07d857b
9694 2 15552 396405f61ccb371dcff8fc63e20eee02422555ea6efe29f8812198cf01b66fec
9695 3 16061 9b66a5434fe231c22c20fc7956ace661daedbbc87f2527945e97b35b39234c03
9696 9 16742 202e5527336e73b040940766d17b061d7d1062673597f19b5b51915f1c45c285
9697 3 20391 24f65f40bdfbaf1f8b8cf859ce79fbd0e9124c5930d0bec4b5bf080c264d0d9a
9698 2 20754 d70764434109408b3bf3e7401a5736852361f119a5f9630593dcb489d196d1f0
9699 2 20753 4a118301c5a96eccc5964a3f6623dfd7c1dc4f79f4abb1f73b83347a0529c5f7
9700 2 20679 76082cf4522acc109916ada6755c9fd4749d3d97e951777f849d8cdc3a819032
9701 3 20389 821973bf50c1664b9d915ae8d2488f7a0139e9e99857bf84790d24d6734c8862
9702 4 21342 6530fdfb022e90d5b72e435ae8e68465577936c5348d9a04803f71e106c15b4b
9703 3 21852 f7031befbe77a85123cb48087cd98e05b5b89060d77af9021dea6a9e17786b9c
9704 3 20772 6730cb01f85cba684d41b0f8a826158b7a48ba92a1f6d43f9fd0881f07ccc8ef
9705 2 20819 d34cafec78146eb4af375dbeaac107d5c8b4ebf0dcca62639aefd0eb69165c01
9706 5 21298 fa07c481d5c16555ebdfaf7650961d6af1e096ecc5798fdb59cad0ce6a9b9249
9707 2 20729 04b54adb3465c49170d10b5e098d1fa4b0c32613126d408b30a0b3a56c5a6c7d
9708 4 20271 ec31e33d600398ea12fbfd804af4590cf3e8bc74d81afac9b1ac817f273dbeb5
9709 8 19725 d4dcb7fa7464a35ffb5c75e0efac578b2879258528d20253e158a8fab5665838
9710 2 20976 262c5be988209909d40bc22187c7f27d30feb12277231ce3c435bfe884ba8ee3
9711 4 20715 fb67a928e36a2a48c78ea9e1026c01c0e25d8359367fb05b9b4664fdfe71b6a8
9712 4 21668 abfd787d12f5a81d25fd56db6dfe56fec863f0e1c91a55def74348692c253a08
9713 2 22146 6be820d608892c16eb7a088e2b0a32ab23fe1b3b52d80fac8b848d5ea647e545
9714 2 22919 54a38d1932cf541a6f23c58d3f0d98c09dfca321a5c014f08fdbbdfb868f5ce1
9715 2 23397 4952f7a3cc36529028c3ad627d6200c8522e863a0fefcdf7a1175d0be1fb1998
9716 2 23758 9188ed357ff8c6a16c837adb09636bb0d117a311354edc7c279de61e88dcc0ed
9717 2 23757 a22a4ee58cdd9ceeb056af98e3aab3433380545b245e5c6599d8ad8c8cbc22b5
9718 2 23758 fec3f6dabd4af4a8562f19b21eab08cd278b4d0a211d7b1c16b6863f9fc00ff6
9719 7 22656 487a0dfa50abd2b5d48320fb2e40a57ae91e9e269547a56dc429807e658e0efe
9720 5 23597 99ee6f96a036359ad16ef1f2d41a337e222be1a3428d06b643e7b7596630680f
9721 2 24032 b8546a484281f08846c87979bcc914aca44198cf2019280a739ed00fc5abeadd
9722 2 23957 fd7722393df69b7395f94394bdd5d89669fe8d9e563b6ea08903db8e3e56d8d3
9723 2 23883 8d7ddab467d7045a6f186566ae4608f606d5eb0a24ab770ec5c545217e400dd2
9724 2 23883 248cdc28e00d7732d5178950b211c15f476c963a076ebac1a0eee0f7a2c50181
9725 4 23754 90772259b294300635b1d019932fe2833a833f7a733501e1abb287cd60e404e5
9726 3 23800 f9220742364d7f61dfed32687b0e1087798c1fa2eb7c0e4872af033b1927f07c
9727 3 23692 13e33b75239fd5b5c241ac2466f606461ce2a26ad45490fb77c06d756e6783c5
9728 2 23598 b0112d17514f4168b6b048c99c16c1c1615379088d56016447bfc3b2666bb02b
9729 2 23609 1ea853c1c750389fbc72d5c37e16b2f59872d2b436863ace09e749b170050ff6
9730 7 23679 2014be20b459adcd95260c03555a823dff605635417dcb145f17f297321f7d74
9731 6 23728 af08f86f38f85a431b6cdbf266e70627d117a241f408eade303fba48aecef15c
9732 6 24681 c9923ed35ffefabdcee92b47572e6469724418d46fb4ac3c9028911c0472574c
9733 5 24730 7f055dc63e326bbdadce015f646b86e52195d3f69ee6463b5efba7c41a2f8248
9734 4 24779 ef90a02be32188f247934ff50b6d06f762356fa28499715c34775404a554cf77
9735 2 25213 659756a9a87cc5a73679fe5a705c5af6f3d70b34324c8d6ea275b84aced6b74e
9736 2 25138 81f4bdb33665d0c7b8a8f807a38e7c03f7304cfeb6737f1d9c3f3e869807d142
9737 2 25064 ca5ddd830e047117621e9e4954c520446508475f593c24957301859403b9a1d6
9738 2 24991 a7b1f25b5df26f0cd78b32c0a44293ff3a6eae67bd51bde3be1c7ae49a9b8cc7
9739 3 24863 4612b280505a093091d0b591a941060332a372364498f5c9e616cdae45899639
9740 3 24861 0e3efc5d7ba8c5744bb6ca26d83bfd54672d959c165f5245908d75e2f2c675da
9741 2 24827 a1bb58f0aaabb71d597e78642e12fa90bae2b5df74246fd02ec8273776e91641
9742 2 24633 e159be91b86150cf8112fcd9c71b59e9714dbea297d73040cbe87e884f8b8743
9743 8 24714 e7158c62b4dc0539c30b31c2fd990fa327d6c433e2e780f42407d6bdce3f7524
9744 7 24762 db573d7dcd8f509732f0d83376ab7e8a5e4b4dfe4d23fc4577515ee565748849
9745 7 25712 20e7eeb8a89542deb31603e7287ac1468f0c110642058de1bba43c459f499f14
9746 2 26146 e598530301c1953cded550de5ed1227fce36f609ae36f5a43db58eb55c82dc95
9747 2 26071 6166c354de6187b48df0c0ab7a49b05ef3775e20042ec7535f8ce6858ea775de
9748 2 25997 a427f9d312318605c056dcb1d4428d9800458ce2909c82229587c5772325bdf2
9749 2 25924 d67bbab06fb30224996e35de171878c0f37c6d3aecbe3da34061041e8a0db2bb
9750 6 25797 f9ed9d9ae135f4fe6dc609b347ba82b51fd3f1fda36564a297bb0ad7664e5648
9751 6 25795 5e2003a9c89be61d4152b27772cb0b478c4582fa63ecc5db6911071941ed9f84
9752 6 25761 89be6ae435debbee2e1538bf58237e9db7db7499997395791d822e14ceea0f11
9753 5 25810 be4e0928c293758b78f3647ba19f736b474f2d083cde5cdd8feaef2938b57568
9754 4 25859 a3feb130d065c5a7c010a8a21863c6aa9be387fd45bddf162dc24ed8c83634d7
9755 3 25908 06ba774a776f1fb9d9d5978d101f0254ab816789fe86084af632fdc195f6764b
9756 2 26170 48404dedfc8a9c852040ba18117c224e377c55493f255ec191de8858eb152af1
9757 4 27122 be1f1d95b07d8c350ee51dfda6e2c447eac61eb73303d18411c4d9011896a0c5
9758 2 27006 fda14ef2cfc88c4230ffed735414b56b04ee5adbdbfc715a7c7599a607f00e0c
9759 7 28176 299072b75ac2399168f2ea45677db4fbb05c4355b8ecf46a30022923a561b678
9760 6 28175 7437f2a0e998006c2bf8afa1a753e31e8378037a89d166d0c94bee1eed5ef4b0
9761 2 29773 66d5f7c78b1a44f6ce7d3ff821f1ec3632dc196a15996004e7a2a065434a929f
9762 9 29856 b41e3f178285bfba94ec9dd22e45ca73c3f4e705d750b134c3202fbef3590d86
9763 5 31108 dc6ee001fb69b912ad4435210b5ec3bd59053cb949494f83ff0eb76b8851b2bc
9764 4 31155 92b99ff84631ac6fb9b927f593988ddb9914166483bc171742afaa8274fa6179
9765 3 31204 88c780f07f4c673436eb5ce8d9a5c9fc85d8d12a28fdedd611c59855a5ee530e
9766 2 31253 c43eb7f8d902aaf873b59cab509a19cc02ec578cf7fb3ff858e19ef3e28b656c
9767 3 30945 d31240afcfdcfd15e38773eb7698d05e0ce099e6e35ef383d8a2c5a8f5268e0a
9768 2 32205 b173e701a9e15e0b6462ab55b9ab8d90428d1f0b95573b8cd76628def6f18d17
9769 4 2502 1204f6ff0f9e6e6715e4942946e01baf7b376a25514f10f4cc30493eb9924c6f
9770 4 2500 4f7a838d62ee5686a15cc515a62ab916387468d2ffee3b3d939264c89f6e1783
9771 6 3452 813339a5dfe9864da652637dc8f5ea82dda7a1837328a4d996f5f0dcc2d16661
9772 5 5681 be42a8e0ffd431a39e1ee4e74ac4dab4cd40c27425b07d236232a2b7a3a09a5a
9773 4 6633 3b087d5b7b4e79f18261f945b7aef1da7ddb8d1ee6c8b825baf6ef93baa410f6
9774 2 7577 c63313aa5ed5c86213202215b66f4e3b2721d74b0dbcb8c964ed8ba075dc209a
9775 2 7790 477eb8626c3be53c3ffda31c0c3dd823e87807864779c6f7e0bfe669279ab1db
9776 2 7589 9ade277e46d59e8f2fb943a11d09292e87d079cc84123faba768d62a762c17ee
9777 6 8300 693f7868becc193e73b0c8b51904c9bb22b6935b0f169aca9986b800c00147c3
9778 9 8606 5308c260a815e0fabe4df4cb627c77fa1c96cf080ca09920f7494cb647f10e2f
9779 7 9559 21604612c01e78419329dfe4a76243990016d448a167bb1337952207a5f23726
9780 5 10500 06761904df5cc93a4a294d429eb0153614144f4d1e1b4645aa0fec3ad83cac74
9781 4 11077 1e731bbfe81c8f7341b55d7f4997c3564cd34fbd1eaa1d3794ba586ecbf79b16
9782 2 10702 44726eb46fa279764c0655547b3b01f1b381b5ddc99f94c826a119abe092ada6
9783 7 10740 17b9b2bcc18d4416b1847369c4f63ba5624e9596d274ae195c39d00b0ce6e599
9784 4 11693 223c5be05eec9638890d8b837047004af3e6ce62ff6b66ccda80840e45765dd9
9785 3 11740 c3b8a06cdf962e01a158748b3d7dfc7dcdb87abbd09798bf187ca53e6ac66035
9786 2 11789 3d06d43abdf7ab10c0ff2856ffb940a3e1710369a56bddc72f292412c0a49c3d
9787 3 12268 21be4a72040b3cdca66d64d78d8c753e7a468baf6d73a6d1cd5823abe741896e
9788 2 12721 25147770eb3aff560b423c1863f0d531f321e6ff83fd1d741c3e83929f5b1f90
9789 2 12263 021b89a5dd9eec0314085229ff5e47979dfba58678bfd23f70e88d0ef0c5f1e8
9790 2 12307 7de800a395119782330d518462b5b889473f0a198b4d8de5a5b53e10ca08fee4
9791 8 12616 58ae0614167c7532d819bb643198eb6aca58101ead493b965006715ade14accc
9792 3 13874 36bf6515b89d0f86621342d83576580ab0b5e52bd8f02e05dce66b17da94c1d7
9793 6 14738 72e38fe0cd99b2c0e40ff843758ba6ccf2ac7b6afb8cc999afa4350f3779b18e
9794 7 15688 3c1ec532f8e22d747de623a3c4658b582a1bc24e33286f1977d0a979b937fb1e
9795 2 16167 78f3dfc9220fb30705a358fba2ad96ab338a789c27db825996e1c70a0d8e7772
9796 2 16130 55f8dfc77e578e9ffa0975a4e2841ca03b9f76bcedbb81f31ecf9e54e9fe0ad6
9797 4 16630 ccab83bcb8183d6c13a707c71ba561593966e18c3a82f983d33af30f5905c3a8
9798 6 17859 0260f4145d911fdbbf9573aae8862bba8506b081e222157563ef5a2ff7a8fdfc
9799 3 18812 33b79e5b6e3170848509ce08ed27705019d5eae5a76703c41046168979fa8842
9800 2 18859 38955eda412f131ab602aa97d5f7f4089fd6e91d7c115705c8e93e15a3fb2a17
9801 9 18638 b2badf470c2bd802addfee15d446817436a116174a1cb813d5daa15012c860ea
9802 8 18686 409983fd3ad1e17d2365701979fff5274b6d4d4da825b54695159c4130615542
9803 8 19639 e4e16e86dd150a8d92a4f97097421067ce59d9a145231e87b6b8dd8ae147e63a
9804 3 21169 eec1f9069d280837e9a8af8640332391c6c44e267e274caa719816ab1c060fa8
9805 2 21651 8a275bbe5eec39b0ae3a3d837545ef8a54eb32cc9a5bde7c5b63d6367cbaddc9
9806 7 23003 87eabc95731d4601f6fd0fd17af64f9eeb56515fe58174984b29e1feb0f82092
9807 6 23956 20c6e8e0337cf2038e41b929a7170cfc4605c292494243c128310e2ed0f0082c
9808 5 24003 748cd5c4a2f0083cec8272985a5e93b7b5582e31d7ca52775821e21fe445a8d7
9809 4 24052 a9344b1ad16528b271c6eb52a0629ec6c3a7023ac3d99241c3b2e8c677f35e23
9810 2 24065 158ce0a2ba66d90c11344658a0f753aabc0cdd05e370de1a3b5dc423188e2939
9811 3 24053 675af989a5bb29c7077836e3b87930b1e471c853936f9cfc12c1ef44425070f8
9812 2 24101 ea8b595086cbb48aa0a12f620cce8001e756f7b059ce01a7a4eaaff4c4ae81cf
9813 8 23674 746327843909d0c563c0df1ca0ba09125a2f93849aa1d0547a846fc49958660b
9814 7 23724 f3baa88f01a918a6928fef3a91a6b5b08ebc8542f28973dfe59d74551b897849
9815 2 25261 107ca0bf6cb4f3fca20cb27755aa38d2677850812a3d4f961a7acf26d7b69204
9816 4 25899 8e3a50d4b4ca0254756ca7924a9043175590eef325585b9bc6d105d9d2eada95
9817 2 26113 42521f62b886fd1af84b92046dc011c55f4d030117d0653d98d98246661605a0
9818 2 25913 e1c6ee9d1aab02753a337e865c779ca76f11d413b7a2c0743fea359ceff77f59
9819 3 25949 7f33f9ac09c45e04f776f7fad11fee5f76ef2cb39b04d973ad14223a301d5aaf
9820 2 26902 8c7ff5558620244ef7db2212d095f2a5f3e59b149ad6ce54f5c72d69da48f264
9821 9 27120 69a2d299dd916e9cfb2ba17d7ba705c166da396061eb181ebf61026ae12b0b3f
9822 8 27170 a2a8da1cbf9ee36d5a2c29d03c558c5e16e232b928bc8f130c856a2928fcd0db
9823 5 28116 247bbc1614bbfc88f78feae7f4841728403bb016adc473b51e81e62f61069967
9824 5 29213 1d9b8d3bf896cfe8311c15d0342a7eb4efde0ebb22f2b37be4bb16ef3e0bd242
9825 4 30166 f4e07cd37874af238846e2b577e6917e0efc9943197adb36d7bf94b0a85b2e41
9826 6 31151 1c8931a0d0bb131b4dda2773b3f96911d8cf3b57691f9ef50e9719e3c320afed
9827 5 31150 bdad0761763200dd2ce0b024b2493541c6c0f086bfc988dfa6659ad633c7e083
9828 3 33444 882948b8f83b9e2d98ac2b45ac238617b60125c775fef885d80977be3caf54da
9829 2 33493 ae95bde6c6444917ddb1bb5e62c319e56cdd4f9e759541c84479341561464fec
9830 4 33975 08b89d40f7ad3adeec5871d1a9bb7759e604db93360d4a9be15495c494f58676
9831 2 34434 082f6fb1d8cc9df4ecd980e343476714ec2ac23160188e6426e83c7a5419b944
9832 8 33956 3d499699d900c7d81c88235c8554d2738910262f6c95e88106a1414d9ec37b96
9833 7 34003 262dc38c812ab286ee94c6b7e25d605f8818dc0d260d794b564d483531dcf5a9
9834 6 34052 4e3395ab3eeab1a429af5dedd6a7b0e507df42e00fd7210037aeb8d575246ae6
9835 2 34339 e2c04d08e03ea8cc8362c0d67a269ba378398cf188e03167f0f45905121f9b0e
9836 2 34339 393b0cc23ee07d885ad7381169ad6f473b253140026b07ea1171ab2e39fbdbd9
9837 4 34139 f40df0c71c66898c3e03745a8a79dd73a96c58a9a85903c5cefeb0667e5c54e3
9838 4 34137 9ab37fccdeb7c5cab2fb892b0f1f10996e8e6abf016c0c1e6e5af3b0725d2e2c
9839 6 34053 dc1182e619c6aea6bdf2c2bf0f7c63fd91f8e55ae2c116d29e77881ba59646a9
9840 9 34139 15c408c6f47cd405ba888a7c68146c27094d4bc6d17821f1a55c7be7053cb16f
9841 8 34187 a30ad6af9dd1369db50627b273eb0c278b2aeb35d25a2842ad865dc4029e36fb
9842 4 34013 92bf2d62a4a7b076ae4742b59a25f5a3206fb0db959835698e02d224161f2c75
9843 3 34059 9d3625b80a45bc3b1b2dfd62afa6880049b60fea6b62c27ddd573ccf3b76a319
9844 8 34239 c3b55d07e2b92141205d92327789c1dcc7efdfb050cd57fb8ec8ab3da8102a69
9845 7 34285 e83e52b8a9b74c2e7bd65c41edc912cbe8f42a1913efc459076f15783d03e89b
9846 4 34764 72c4f1559e53aefaf335007bcb98f32f084f4a86e27c389d58898968daf852c4
9847 3 34456 1754b02cc6f26369a9be3caabe342bddfb1157d00e51f1e4e949ed7714a730a9
9848 3 35227 54f5a3dc377f062e475461690d7fae5140c1c6836ac931d20950fae91ada1e07
9849 2 35276 862331601075704d91c223c05eee827c40bf12d783438121a279a69907d2a7b8
9850 3 35188 d34f8561d4901c3d8273b8ff6de1984b6c76b9c5abb9fb78d318b968e9ffc8b6
9851 2 35234 d087a369c71bb131b10b0898b6e345a5073955d8ec6d6a87659b06ac46916068
9852 2 35328 17f20504b4a8901fda1e54fb745549cf053303180539e8279aba4c413fde6f42
9853 2 35245 80602b3211aa7515e02b24dfc8917dc5c547e105291eb3695f8f19ff50fe2063
9854 2 35375 33b11b82390cd4e25e2376677ac810eaed96d2be6538523b822a85e2ddf3702e
9855 2 36328 6b3f42051e22f91ecf06494d3abf8be0f1819165aa2a2fcf2b53f750287e4589
9856 9 36103 67919aaf2a41a8b5f9842fc6f919e2fcdf5030c878fda4df41a71fd8951a6ecf
9857 8 36153 2dad7939fba6534c69c953f1b7162bcbd4778d6ee76a7e9b88e9ac8a54c338c3
9858 8 39504 fbcc88ff5f9874bac5099e6c62aa9b6a5dc35072ef804f62478e0064b5a8f1e2
9859 2 39792 61ebbac1d739754756e4553a22eca0326382f124adaebdfa2e04a71964cdf855
9860 2 39718 e5940aaebbe4ba870a2899b23f9052ecabd48d4eb6eaf68d0b79b39e729b767d
9861 5 39591 6134bf190d2599bd29e14c10dbe9264faaaa71b3b332bea6e0702b2417027e45
9862 5 39589 9c8300f1e47bf11bac6eccd59ad36eb9dbb6690f33e2cade068574821964f1d2
9863 7 39553 6685884a5bdb1ecdfc8960c4bea8c165870854185f58c784389fd1999de82969
9864 5 39369 ea32260ac0ba5abf09d9412766a38299d4c8dbd47cfc3abd18c6600bd5df8727
9865 6 2503 f56c7bfa5b730b2b55ac616f0fb68c4c60fce2742da6660a6ec63b93e45a7844
9866 3 3455 8b112f36ffb0e3ccadaa3934971f0e723a34a811139e272874ab145641108279
9867 2 3465 23dc3ae4d25bfd973d5877030343384e48bdded2e48c863fe732cc843c64f716
9868 3 3453 d025c1533f46b00d7493e63153d113df70cfcf5a3ef1f984376b1a4e771d0394
9869 4 5681 3a39dc68c3a58e46f4f97ba24fa5ea3a007652329054bd0e4dc2c4a8cadf2a0d
9870 3 6633 2d951222cc19b8f0e7967e1e71df0fde222ff468e6e73c986f3fa6bd1aaea91d
9871 2 6680 6be02a3fd2206507778aeda359b26a7f0218bf0d18ed80fd84a85dcd95716628
9872 7 6553 c523e10dd7d60792cf38fec2dfd3c07720b809dc887265925f810238bcb23943
9873 4 7506 c842f3711a6ecae0d7c979888683e73316b22bfa27be8382fe05de69ea076d63
9874 3 7554 76fe044e08300616369487f83a6b4c6be18cbbbc5d92cce88df1c32028e48131
9875 2 7603 1d5d8e1cb57002729f82e820b83f6784b6f0845cd95d4d17ec2d72504fef3947
9876 2 7816 213d0e942c34e61acde47b5b97fe98529e4afca72c80e35b0308f8dce2887018
9877 6 7763 96caaa74f6f5127df6d11b9640db37c1758ca02f0e95f6b362e77d0200078a3e
9878 3 8242 7eda9ce482028d92263fc0065a09ddda70648805cc8b9ca9cdb673709fd0950e
9879 4 8705 7133fdea4b5b517f2b71a977b39ca09a0debde55758df1966e423635d051f792
9880 4 8705 96471b4ea6b201a6ed21262ee5de763231f118c16121d1f048e5e3cff120c5a6
9881 8 8618 34e56194f462ada59e5c2d452fc7a9f58fdef8b07ac3b921a09919f15bedbe94
9882 7 9571 92747b6f6881bfac1bdf3b4214bd0e6744b9c2a33658fea73a5e6070c3647106
9883 2 10726 6564e31af96681fd9bc7c538b26352b5ec9c72f5356f4ad5d259211cc581e92e
9884 6 10856 679cacce4c3c10089b98b7fbbdecdb27696c2153ee9a45232100c83ad3af60d2
9885 5 10903 3ea6f2c879ba2704bb9b0627854a3753bda053d8833389970840a2f094745054
9886 5 11856 5742aa43ec9760e889a584241a0c304ca20264b7f5f74cca9b2fb9b6cdc44373
9887 4 11905 751c23649eb703c4d414dc5a2a1110888bccd4485bfb9c3a9c5184005900758e
9888 4 12380 be6688fb5398dd1455b39b394cdd77b0aca6a52b58d8db0000b543de3c088e5e
9889 2 12505 9fab9efc2a648c8cfb922dd5384d03cf07170ad9aff5d78139c9ac5e681d098a
9890 3 12719 f9d12d8118ba380288c9a16c758b7e794f36a15f6180654af1c3d33d1745b7d6
9891 9 12638 72663600bb73923bcaf28a9da66aceef47159f07a324a720e6b341d1e199fbb9
9892 8 12685 14a26000b0e645f05be47214825a8d5b53e1de2935fd55a48e421471178abe67
9893 7 12734 54e1b3338c2e929338006f8483dd4e40c1dccf5b3cb91076e14eace1eb78ffe4
9894 6 13687 605940a4779b5a7429ec26c2d276aa51cbd678eec99d25d1ef5562fe82c41ca0
9895 5 13736 1022debf945182ffcf26146e681df99924845b728ce0109730b96c6e3e125213
9896 4 13785 7fa7eb85838c5d1e33f92c5cae1b92a724ab8ffe39e44e2f61765ce3cf5b9f38
9897 2 13997 f15e65ef9931b14b09eacdd35509137d8b0e367852f9e1fbb4a5b9a4de241315
9898 4 13844 36ff1a3c687226ff31078c8d7b808f5b8c45dbb430cde60255236ce986e1ca5b
9899 2 14796 e3db6ab69c3fe1aa4bac147f3cff18c4ab9650ba4be3b8946d5090c9f5af7c84
9900 10 14713 692a66096fdc295c3dcdbd790aeb843c9e7892ed1e630f5a920d21177d40f1d7
9901 5 15963 424c6240e5fbcd1e3ebb021cefdcab00a6845b990e4d290c45be91b817a9cf64
9902 4 16010 65f69a3d83a58de73cf2d3924b22a76fea599644707638d3a2b5371fb973ba07
9903 3 16059 3dcb716508b52f58398e041b7864cbec1c7c867dc7d71c23d784c5eade514742
9904 4 16637 b9c04d378f3940641ed0194c358e8fe210cbb92661a98563251fb7bf41ba3ab5
9905 3 16049 fdc77085fecad84263d7d3c0f96b9e4eb2766fa4538db14b37dd10b58871d582
9906 4 16531 f8d655615e4833e01533a1c1d65c9b53e6001ea6f755d2765fa4f0f43e4ce76e
9907 2 16309 26756c4bd5f286e138af9278e9f200018fba4c1d91e3d01638f822b47c418626
9908 2 16992 1fa702803bae4ceae30b83a38f28a6733f5160a00dbb4a938163faa877bdd51c
9909 4 17712 be46120e65757f5236b6ce089e8b2bb5c87a37fd1c4db0816d6b522d39f68992
9910 2 18656 dd9a6ccec1c7c231b4f07f4fa4b0a714cd21acc40d827cdd0c05651770ae3837
9911 2 18942 a5ed5f5c33eafeb58e74787f9ee35e0083ace91a664fe1930c5d8cddb223007c
9912 2 18942 f04e40bf3a5462ada69b9c385148ee502b29de6ba861f71a083d86f0b6352999
9913 2 18742 817fddf42f032afad1ab1e3c9cee397cd6704dc2531c145aa673b30bcaf89fc0
9914 2 18740 077e0ed323954f7ddad898341eadecc2a3315aecc92a5c60adb217a54ff39b2e
9915 2 18657 50d24329c1e17f6b28a41c8f89e8000b3d79dc638a74f4ae39b443861f84a8b4
9916 2 19100 56c157b4fcea8078d7c165864df5291942ce5f0c2674920c0ad6003b97b48972
9917 4 20018 ac082d74da8981e03918d163e8946e696c9b24a70754da25c6364452b7f43972
9918 3 20065 4674efaea403d96ec8177e6317679da58ca4eb1212cb189dec06114d2c760866
9919 4 21018 f9e251266339996d6d534b1055f5018ccae8c3ae514f4155abae7dfa90c383f1
9920 3 21067 9a27897cfe94a60ed7bc684f334b24ebf091195f88247de94e649b726cb52172
9921 9 20706 03e7e7e64afc7ce78ba36837666ae23f86537a8717c0a5b65819d6f62ecc160b
9922 8 20754 578e8fc4ac6b312a9d3871774d68fae38879207712820b638b8503e37e3bde90
9923 3 21264 0842e7a97aaa18bbea147c54b6a27bfa5be382a3af942360b9a3fe16e2167fcf
9924 7 20734 224ac1a005850979206bd8799a50ed0124c6173f95f3e4a54f38423bdd92efc9
9925 6 20783 2155b3bb2e7ae7eaf1b6088678651ef15d52e9e7c6ef31b7771d816794cb05a6
9926 5 20832 6a2c7584a666ac62a384c33739b689ed7d4f6d1a0a76571467981f4d46a2d001
9927 2 21193 9414ec8bbd396a31dcce403c592b63d615649eb73f10c9655ccf8bf82a05e1b9
9928 2 21192 e1efdefebfd814518ae020e52b74febc8d742b55fcd9498fe7c50c597dffd05a
9929 2 21193 a5c8e72691154bef452ea753cbed50e53ce423c1adf1815222689167286bc676
9930 3 20991 a95ce328a15701cf8cd084317adcc1968ff65b78d0a0f5a462a98e1c34039a76
9931 3 20989 1c7bfc6fd05f8e436df5c8761e5ef88f6fbf84d70c1e5ce08501ba08ea988957
9932 5 21468 a5ef1b4880ee5aef1aea7d43f79dde3c718ffc0e2b49539408ea55a2cd38ca64
9933 2 21920 d88b9db0fbf2499429da2fa27a100a2d893c5c6116e7eabf5c607bb8697b9460
9934 4 21462 55babe797684545e3e93533945a178896d505b92ef71e1ace913ae4f8caf1d34
9935 4 21506 582d59627cd2faddebe8c209e7c08fd1e44be9d045ad99d9c364f54face28d65
9936 3 21745 108355cdc5c4d1949c8fbaa9f8a100a4385c107ad0d848f6f99df05e12fbccd9
9937 7 22046 faee2233a770c1a2713402a57ed53a412a0d7aaccab1826d68da478f2089b810
9938 3 22058 9df79a9e0f8f6159e694b04ec73ffc13ca4ef664587915484fa9e3ae4a6e075e
9939 4 22094 1fae1bd881fd375be098c6ae8c7cc7a9ce24a1cb9754aa7cabc5f25e75b17257
9940 7 21679 ee3ee1830fc75187e69aa6fb3bc89ecd205d5744a706071db6e7ea3c6080bf95
9941 5 22632 97e05758aa442ce4d1ec1e00b47842c5bace7075accd6f4ed919ae895d8552c5
9942 4 22681 e993cf2e383685e981c2e6d4eccdffd92ac964a24ecad445179e855402d6429f
9943 3 22730 c84199fe52774a8eb4ce6a8bf7227f027c9e44a2168e9b833b6a8ff73e4d44a5
9944 2 22779 4ad098f495d221fe8ce23302a7f2103655a41eea61aefced5bdecc086775ea47
9945 2 23291 a411c6fbbbd58ec6d7d3a062a0e9e5cfb071dff8292829b7b1e62be827913301
9946 2 23163 3d3cd69ebbe2c472ddabf291684845d9e067f40cffb6d6fe2dead92bcb8ca6ee
9947 2 23163 78b948b471250281e012fe396443f50b964fdf169ff0520b2873362358e9f2c7
9948 8 23162 475cc9b30d406367194d575cadb1520042974a6dd5b09b5b2b9047a63755659e
9949 3 24412 14efbd94a80e550b5e6853bc29f15cd0b4bf3946e5645ea0b6608424856fc228
9950 2 24459 074044e5164a9cafc696a6420898c17f22da6a830e6d23bdeef0423b94f64def
9951 4 25180 2abe5ea74bfb5bdd6e5b1ca036d306f9ded4a2d377ddaaf7c05dccbec511fccf
9952 2 25194 b11eaf40aecf887cb4e3a94e419b06ca1bbe5674c4180e8d0e8781d8ad907d3d
9953 5 25669 3ce7dfcd666519c0ecf5d480deaaadf2630937813da079a26c0a92b4e98b910c
9954 2 25718 9989d6fe441f2ee5e7a57c578f0fcf8bd19c1e17888272707f779b4d8e02eac4
9955 3 2502 cf7bdf0ac45900c12cf8928234a4e62901ac812b38f3ec910a1b4e29dbdde7c0
9956 5 3454 832553b7175db65d4f9686708b9a1185e1dc8b6c9206430288019f51a044cce3
9957 4 3501 75a7aca80f15d77b18fbf88b0e92274d2fc17241bb67d8324fea368d45d3bfdf
9958 2 4656 8965226c416a721ddfa81aafbf142814e354410c2cc6d896f27b119af65248c8
9959 5 4642 15607b80f74acb4b55cfe524bf8c0bb68c3cf884e525bffc158a2fe3cd178245
9960 4 5594 fae7eaa69dd28a0a8b27b37f116016d7f0c5b18dd13d99a589acf41a68011522
9961 3 6073 e2c5e067edfc86bde4a8f1d83b6583797a17ec36311bbcbaa722073f9838acfd
9962 5 6548 1984c577814176e74ee10ca1bde62ba86e8de2ba13baa8a896ee7550757ae4cb
9963 4 6595 4e2a2e2d11d8bd3103b6f83e32cf58d6d7eb1e36689dcc96f4e09f9671020190
9964 2 8566 871fae5fb951e9ccffcdacdcbcad8007e91ca2ed469dd4361764d305c76bcd94
9965 4 9519 aea87c5d7325114adbd9995a3238c16aa667195898f94479b68b5b768a4ead9a
9966 4 10096 97fed66e901a03077314f191a2d164f5bf54b621ab1c40fe5d74054f0a1af3a0
9967 2 9721 231af915a7afb44b879ae0e1039c94ffd9b26371e32171d8f203c7ec07221c86
9968 6 9720 4bb521b272fea36ce1c24a044711a4748b655989fa193801c09674d5a50142d0
9969 5 9767 099adaf248136b77eec19a4225429afce558149dc265c28159c87728f6b94a15
9970 6 10720 1dd1a2bb1c83632f0269f1cf7e87df1a029dbdd592be19bd7c22748026d42b03
9971 8 14084 d3676ce21b567f0eab85e5260c7148c81c10473694299addacacd1e6b037f308
9972 7 14131 c1cf6480a926885ed2ca1258fad9cfe8987cfa941a1496564844ebca08f9ce56
9973 3 15073 f1bec4702b3f6f747b82354a557d32179eeaae7bfe2bb8d0ff01992466d81576
9974 2 15122 2d2f99863584c2d8f13517046a966ebd6fc4388feee3a0183011991e98440fdb
9975 2 15482 a3b803702e3f617e4f6b59da17b889bc02144cd0dd34ac2c2f20f0136ff450b5
9976 2 15408 16f687ce48a67a8487d701af92a05948d6cc642e15d276ed466ca7dfa310fc82
9977 2 15334 b36960ac08c704b7d6469c9a1c228de1364b88ba887a6e78889e0e96325a55f0
9978 11 15156 4d55e525237faf514d5ee2789f3bb3ee246eb339213fe6848c4e6cb03614c4c6
9979 3 15168 8f12daec4f390619055ccc2d6f6e12252e16513d3bb18bec70fb25bff9862ef2
9980 8 15205 ecd7c3659d16fd6a2c877f778f81727018969a4ed4e712db7d40284e514604c4
9981 5 16149 c26ffe86170b2f1ef51b84f1f6cb350f4c682869d3323f229fb1e4321a48016c
9982 3 17102 e9dc33986e2e0e619d46cef474e502e0b6f4f5a75e9adfe39262f383b711db22
9983 8 16769 b4c3b1db216bd3c024292339c889c475d13e4ad73ac08cd75906fb1467e963ee
9984 2 16678 e8fa645934566a24a5ed59bde5d49cb3ec6b756eaf99ad21e8984ad20e0cc0a9
9985 2 17130 9364a69f51b722b19896f1df2b0310f77fa1d38b4676b90b704b1ba832842938
9986 2 17129 19c7cf36e99e427c487f11fa2756a1c1e609e01288b91101947c2b01701d8048
9987 2 17055 cc2c9dd467bfef48a4eb251279aa33df762a01f3f8b5f00d9b6e9c438c224bfa
9988 5 16853 760e12718fb98811c77cd68b2f4d6ccc9f07c699bd2b55fda8fe8095852af512
9989 2 16822 6e822322127e1612fcdca7eb8549a12c53e43ec3a393403580c14eda16b7ccc6
9990 2 17249 6188f04162a34f92189f394b573ac16d44f465e599be9db666d239b71759eff7
9991 4 16899 35058b83e6c2538a5b70f048520d28a4a7a90a6770652838d19697343375b2a2
9992 6 17378 588b54e1479ac4f4ec01a4c283a4b98b330496b75df393806afc96b791f8c808
9993 2 17238 8964202b8eb0c4b91daddbc46533f177c580c8432824ca33bdf56ed088bc45e9
9994 2 17832 c86de7083ad2320687f09c9f9fdcd7a7978207cc275d3d2dcec851e566faa5a2
9995 9 17770 522b69494b7c1ccc07a1b511994e7fa6b1042646c468b547be4b71ae795590f5
9996 8 17819 f2f560afda25559a687635af894e6968d3b8fc5a587c187701c934d9b54fd455
9997 2 18031 e8142031739b3bc2433cd5437e5f91322e228ae44e5e6f29bb56b523bc600e67
9998 4 17903 4375211b183912986a651077e337c6393b37f5840b752e4716e29fc585ad5907
9999 2 18324 13f771419292fe86e1f2f08166e3330c856fbc6d2953d95eed65ebabef513488
10000 3 18109 6a0cd66f4e442838e04d898e996bf287db9252dd39b143153a8f617310e7a9d9
10001 2 19119 c6445493802e6110d1fc16b65436caa124478413057056ccb5302b8a04ead790
10002 9 18959 29897654ffd67afb37d0519076964ade95237fce82b5b4ed44c6414e2225360f
10003 2 19172 0f94fd3ce64e132218cc50318c756f8096fbb9e2cce8e3fb9b4efed436b158ca
10004 4 19043 0e94654cd61ad98ca61ebcdf0a7fc71c8335a5e474445a00b6a3f0bd810e4d62
10005 3 19522 1f28191b8577611b5d8a24d61fca2185009c4f7c6252029914239a05905a93a3
10006 2 19985 315f3f7386e2636959996f6ed96d39538adda1b97aefc2e933e400156fc9de86
10007 2 19983 1c97444e7bb780559b90f48676f45d0d56fc059b5fde25eeb562366188f5c9b0
10008 10 19871 382ea1cc612570d694f415f2c054dd4a10177ee4ed2f1e787fbd796462def4b6
10009 10 20824 dc5590cdc86983f5a807145586d090d018f08a39f2b1b51d0b487e7a5fe1ed1b
10010 9 20873 a04645275bf648e05f16c7b5478d2a167a2c8d6876952d567c9d09a1dbb72d22
10011 8 20922 859c68aef0e00b70e1a2a8f9243a62329f08b889440a6814ba0e3ce91c20a69a
10012 7 24573 0bca809ad153bf997db6632935acfe347e1a189537969660259e76245b4620e6
10013 2 24861 380f93f1e94be88520ea05a4ceeb8f861f620b3a679d697edf49597eb8b173a1
10014 2 24861 34445000606fadddded993a49777e5c3322b05d889320d4ef064b28aa2000989
10015 4 24659 f4059a5b486ff714302a80782b337df9e1d24555548e0a15e72779ce1d2380aa
10016 3 24705 fce2208defd1eb473184ff518eebbc067757cf1e9fb78229ef5ca1e783ae5407
10017 8 23920 fbeb5ca7818ee3d0185b0dc3dcd22aa84ce13f94f4ed0e0a5efd7ebe4f00f6f8
10018 5 24399 ec156a880fefe2c288bb3ab026c58a3544b9b431aa918cfb03c25c23925c10e8
10019 3 23830 0cf6f16c3d8b708b46b8ee70ffe20492909cbbfe15b04019e0f7dc833b5883b7
10020 2 25058 5cb526f9b10481407ff54d8ae301106d1e90aa9b7df3a2a7f587535f77695991
10021 2 25058 a562b2702d0929f0a592015d5e543e843d37ad82f22f50b3c2799d0c3f069258
10022 10 24933 0d45b2404e52ae60ef73c0710407f07d26cde2688913b8d497f77a45cb03e2e1
10023 8 25874 bf3b470f2aebbe8e6a2a07378df59da945d91130906d1220792a9b26f7a9263b
10024 7 25921 56555516df1075b58fb5c7a0cd6ac878351d7fd7328f40cc2faacca471c264b4
10025 6 26864 894bcec3b1702be2449fa547fa4a1fa3d80fc51595b272b08e708cca9a5bb1af
10026 5 26913 86006a0a661c212b362cf3546609cc9913a0a6f869f706cd47fd4719c0458f96
10027 2 27273 f3d4005d9e8b38220aaccbce326322855ece3444a6b307c07734b29b5ca0130c
10028 2 27198 d70a6ee096968363fc2d05b09764acf199329dda95bf2de52adcf698da837e22
10029 2 27198 ffa4c4c2c45825caacb0fa14a69797b7ab2d88fd916ed8bf6d557ecd6153e419
10030 3 26998 d896cf7eaa4b3bbe9c12eb15d2acf773d156f62d6901fb9bc98bc29476dc20fe
10031 7 26920 21565e37bd71ec054c4822368204b1f7575a7f1bdaee1fdb186af4525a5c9209
10032 4 27864 73f0667fdee3c3eccc7dee24c9a5a6dad5b5788029dccdd4c800f7526bcb3fc4
10033 3 28809 495f096fed8fe40679b1b29a1e6c4c4d0ce23cdce2d43c0171097d517c9b37dc
10034 2 29095 179f438b5ea913b9c4c29710fd151d9d9886d166d42ad4c82ae501f0bb4cf7a3
10035 2 29095 cc997d0fe2432e4d6499e297d7046e0940414b5d2b13cf9db7fc85a95efd652d
10036 2 29487 109b3a9c25b1f9c43233c59ee7b1dde0fd76d11e851ab22599cec56032a771e1
10037 2 29413 e40337269f398c240cb08803dad62b7a026835f5ceda5faa1a6efccef19ad9db
10038 2 30012 2b60afc514e5366667c397da6d38256a20c60edccb3feb0117ab03d404828e97
10039 2 29829 beb3ba08e0b6a5e1c3be17479be92e8d9733302769cf51e3095c15373456510b
10040 9 30000 04fa8b9013813dab3dd5e4efd86992c3fcdfffed9fc2239db205426a014f1bab
10041 8 30047 2114d2d17981e04762cdfd3265eeeb37e81375b4dfb0237d5aa6ba5bd9a58c28
10042 7 30096 1dfd7f422db8d38f766d4580ca7ee5d332c61deb7ab08ae98e832ffa0eebd330
10043 6 30145 87b6575943c75af435aaa8ba7ba7d130d348d79096ddaf086e10f09f93981f09
10044 8 30624 cf5d8211124a56c5a77b373b05c0279b0b082d901630ff10a4c72987da10227c
10045 2 30401 a38c24c690c31581d75e1b1d130393401e8c9c6962423b4474b0a1a768340322
10046 5 31080 54a32b65fe9888c51cad7a6892828b4feb816785a10af8042a18bf5d9c9700c0
10047 2 31558 bab972710dd97aece9919451826edd6c71c7ff153a58a60abb554c541e31ca98
10048 2 31309 ac852f9d65d08668032d0d7d45eb701d1e80354934e2c664ad4e9ef9cb17025d
10049 2 31346 f23f02b4e350df0d5a1dc0a860da1e766cb80390113805a1dc57dee4071d36c8
10050 2 32379 9a732be702264b912d86f2cd87f4d4238341ae134522df6e56e3939cd838b9e4
